patient_id,805_submission,802_submission,804_submission,813_submission
573710,0.796191257,0.792501545,0.791862196,0.810700681
593679,0.729056874,0.736048688,0.736649395,0.809047373
184532,0.761269161,0.76016382,0.757394596,0.781372866
447383,0.751236801,0.755062815,0.747754028,0.807047162
687972,0.828086394,0.810707838,0.815844434,0.784931703
281312,0.132955471,0.157186296,0.141953538,0.108375587
492714,0.831840593,0.819625157,0.825422736,0.916850287
378266,0.843604934,0.825309285,0.829992371,0.878159003
291550,0.735813909,0.750939692,0.743866815,0.750879458
612272,0.853333007,0.830527446,0.847634582,0.843118379
240105,0.840325865,0.831840126,0.836220176,0.868655069
277939,0.099733621,0.138127316,0.116293904,0.065862965
504153,0.152360449,0.186051524,0.159690788,0.09868494
287269,0.738239481,0.738938531,0.737047234,0.776769047
108727,0.81581099,0.780790425,0.802371256,0.933535848
598629,0.753842694,0.745031248,0.746299791,0.777805641
805201,0.778385139,0.771668736,0.774828124,0.823731833
565624,0.80788433,0.786795993,0.797158128,0.836297773
689369,0.113797901,0.138642011,0.121940381,0.072771566
252028,0.881809762,0.850452204,0.863605642,0.941084914
830503,0.131125591,0.159677009,0.141427071,0.165980184
777454,0.075232917,0.116364285,0.094023151,0.068439183
931410,0.794546166,0.777119135,0.793813158,0.746171674
894910,0.763776133,0.748586337,0.755033658,0.77868946
257477,0.817347502,0.790963826,0.804289861,0.891343788
373935,0.761689317,0.757804048,0.775878713,0.887780246
929645,0.772798559,0.781232103,0.782470913,0.767116479
164064,0.782608775,0.750944849,0.767116567,0.764508374
558677,0.672002882,0.707504641,0.687989136,0.593513942
707003,0.422247867,0.357222186,0.393272179,0.321150958
289528,0.834857339,0.81648274,0.824144061,0.830888303
340932,0.816332849,0.807702709,0.811937432,0.803176627
182933,0.799027036,0.793966725,0.792620632,0.814948786
887761,0.757076193,0.753793376,0.756055508,0.82744883
249345,0.776517235,0.773793796,0.77561684,0.774275059
750357,0.741406071,0.746342717,0.742613621,0.754903648
162816,0.852438989,0.828837852,0.836271747,0.856164507
346740,0.741184256,0.751839708,0.74164591,0.821674316
496264,0.163952214,0.193858352,0.166339277,0.148535856
900330,0.730533912,0.736678529,0.725918635,0.798943957
630418,0.732452164,0.729920047,0.729876498,0.756480016
582166,0.836764278,0.811087351,0.827104393,0.786936086
397291,0.787908026,0.781238146,0.784999341,0.803512119
617035,0.836034819,0.825536153,0.830054684,0.771241513
903270,0.807878287,0.78930706,0.800351179,0.762695667
628977,0.706781482,0.720309576,0.714459671,0.749143676
664844,0.135510497,0.162450277,0.142954078,0.081247428
571761,0.757296588,0.748869312,0.754812055,0.789288523
284488,0.781966941,0.620553865,0.738077101,0.781443945
573502,0.741671897,0.735037272,0.738237541,0.779587816
914179,0.728268803,0.730820241,0.725486538,0.788764344
533295,0.11694012,0.13515422,0.120758962,0.081431269
673470,0.093156614,0.135941994,0.110910364,0.041604082
394209,0.772825759,0.776691677,0.77438747,0.79658787
165379,0.705659477,0.708962596,0.702713187,0.594704787
335343,0.744515956,0.740976618,0.74148821,0.863409753
521842,0.842278714,0.833449837,0.832454698,0.897961277
513091,0.663142181,0.662963914,0.671640891,0.642830204
144195,0.762759311,0.77463751,0.775440544,0.68226254
114345,0.805768447,0.771725608,0.786429288,0.835581892
611289,0.757115099,0.761432519,0.759725969,0.77379355
430995,0.798094477,0.78854946,0.794070078,0.841306076
755430,0.677112437,0.699017356,0.679860086,0.72358798
170191,0.788734562,0.794716091,0.790307848,0.830684955
739107,0.775707816,0.771255169,0.773091286,0.765944846
760626,0.747002956,0.749656807,0.747028229,0.777963153
999890,0.131626124,0.180354149,0.141378223,0.115961636
432271,0.740394212,0.743274607,0.743445258,0.729784613
908248,0.705661048,0.704611931,0.707886137,0.780545457
843808,0.828116941,0.807762216,0.809798456,0.880074924
830973,0.098222147,0.133833533,0.11053725,0.109804843
821535,0.875766064,0.857578169,0.860040624,0.93334901
129401,0.816295781,0.816283327,0.817040459,0.839127176
945227,0.815729502,0.796080319,0.809538221,0.808868594
907148,0.659843984,0.684804476,0.676065575,0.701935459
333105,0.72563723,0.58926559,0.676807193,0.628955381
597610,0.871500016,0.843678002,0.854272785,0.983968368
656576,0.802893664,0.793922708,0.795150115,0.823435923
572936,0.771591067,0.773008605,0.775599568,0.747121024
791246,0.741881912,0.709624223,0.736753122,0.620049064
539117,0.665843383,0.704772092,0.682907688,0.813177603
846332,0.839720011,0.817507838,0.823494783,0.886020684
773311,0.805505521,0.794062794,0.800147254,0.822666153
390700,0.122173333,0.143874812,0.126374925,0.159787265
245861,0.712275416,0.719939044,0.709931313,0.728604209
117200,0.774369041,0.768497002,0.772296664,0.745187052
910365,0.721095699,0.725756921,0.721696372,0.715636791
889359,0.093572166,0.122128486,0.104939037,0.07033406
356730,0.129991698,0.152025887,0.133484337,0.095183343
582721,0.786698983,0.789735169,0.781897325,0.823200369
264810,0.712043762,0.715285381,0.708161224,0.807868927
404647,0.820645159,0.807609475,0.817365615,0.850149812
984242,0.814127736,0.78659463,0.801550375,0.799806893
489913,0.775454733,0.769066784,0.77005675,0.810429508
278092,0.784366634,0.775773589,0.776955472,0.820347428
722543,0.759483052,0.759858123,0.759236408,0.748185424
450269,0.097681842,0.131462561,0.107835407,0.059601241
159696,0.769374365,0.778176042,0.768254385,0.863763071
939772,0.847039824,0.83406465,0.840818064,0.861917096
859963,0.123667405,0.141331503,0.12818587,0.056850254
546293,0.745192846,0.746501842,0.739764457,0.812641168
370096,0.728902371,0.727296407,0.724912665,0.750868971
199460,0.729815317,0.733028303,0.727371195,0.757853617
389409,0.657658533,0.661758919,0.6658469,0.762529891
621491,0.701884349,0.714475232,0.717111466,0.77610544
741740,0.770695348,0.771994977,0.768437464,0.800964726
647251,0.709534418,0.700466011,0.705979808,0.664491722
621415,0.779816555,0.778887548,0.779725467,0.817362789
890667,0.119458868,0.14299128,0.123957672,0.106329164
550001,0.762585424,0.760078937,0.761743089,0.785365648
304847,0.821701777,0.797947717,0.814141983,0.920499097
452103,0.734151027,0.712573298,0.738718226,0.58094281
893146,0.724921888,0.724989074,0.721985772,0.747267775
418688,0.786054234,0.755535754,0.771818871,0.795544907
800121,0.177310677,0.201377784,0.174849042,0.160880624
584986,0.851400316,0.808257808,0.8311636,0.873205992
905101,0.18864574,0.190257594,0.185663258,0.131686605
749893,0.196789601,0.226314042,0.197179484,0.138472995
716844,0.688887821,0.704963304,0.690149728,0.639912187
905428,0.859298404,0.844439497,0.851440158,0.871327615
935993,0.744344606,0.737786033,0.740726052,0.768399238
140144,0.748946055,0.75263468,0.751718657,0.76608747
881549,0.847505808,0.831406594,0.837432428,0.932490142
196104,0.118591662,0.152898187,0.127782771,0.074307586
344874,0.811388096,0.789303312,0.798357878,0.80119467
819944,0.715138378,0.706239182,0.711213442,0.672032322
509637,0.762217442,0.761479122,0.758875379,0.691020936
898595,0.811809949,0.79738996,0.807450748,0.811762473
704924,0.858393804,0.840117209,0.846133661,0.901810932
690345,0.71251323,0.71282915,0.712618878,0.795786437
159329,0.741492054,0.746045449,0.74193157,0.780394849
391239,0.757899734,0.760399609,0.755531707,0.778810236
815166,0.753975221,0.74507237,0.753614173,0.756845322
439346,0.770480554,0.770012298,0.770395984,0.771579407
194281,0.804890016,0.779490519,0.796972004,0.804351801
923054,0.729936716,0.721912513,0.724582406,0.742836866
341458,0.795865807,0.799801986,0.798341466,0.739091911
794949,0.716799234,0.711017707,0.712514846,0.659368097
697292,0.823809212,0.808444728,0.818516266,0.815938739
174377,0.795963074,0.788169028,0.792401106,0.890008242
333090,0.801658063,0.774143868,0.788946794,0.811565423
548516,0.880220546,0.84209589,0.860601901,0.841533751
183136,0.704371848,0.703604469,0.707107301,0.755522275
163024,0.758134344,0.757851373,0.763700765,0.762978108
556826,0.129661013,0.133905317,0.125566704,0.110655919
242884,0.660282032,0.695035689,0.658609027,0.642304619
293877,0.76880107,0.764145862,0.763230314,0.783167534
228022,0.812814782,0.809355474,0.808407324,0.811104836
192394,0.765956944,0.762854935,0.763553462,0.883343437
736880,0.756504704,0.760022155,0.74853726,0.710329757
463738,0.760893946,0.765311879,0.761876601,0.829366404
285355,0.766197733,0.760613327,0.766456111,0.802404803
829856,0.753593468,0.747985434,0.752505598,0.800375117
181057,0.760360474,0.739707308,0.750687011,0.766124198
663297,0.866387275,0.830313167,0.856352753,0.849752845
683154,0.850174288,0.823552183,0.83936938,0.891723508
618395,0.795973563,0.779570303,0.782983023,0.806684033
389506,0.140056008,0.154155018,0.147820492,0.06178869
414665,0.106341519,0.139049044,0.121145835,0.088943091
760719,0.184231909,0.172624633,0.170441218,0.086127852
607969,0.788011,0.774785648,0.788385558,0.785560562
654560,0.824565272,0.807034236,0.813688251,0.777482744
896522,0.170066591,0.186074705,0.174485415,0.103761092
368283,0.736837675,0.736551274,0.741125374,0.744650641
358159,0.808394714,0.788377387,0.795894619,0.892157703
545787,0.809678475,0.638692125,0.759391406,0.810694249
499717,0.806173421,0.794475464,0.800890666,0.837021921
178237,0.118534723,0.141554033,0.122651534,0.094129449
360804,0.720803473,0.721346039,0.721798625,0.766895928
226657,0.763261088,0.762452285,0.758848873,0.88348938
857385,0.791325864,0.774269688,0.784592686,0.759047451
745310,0.120028861,0.152894105,0.131127205,0.087596626
861737,0.773661583,0.773084041,0.771472801,0.809032855
301647,0.137179076,0.152874978,0.142361594,0.068225824
882124,0.137428914,0.155408549,0.143783834,0.078217772
442582,0.781757496,0.773174985,0.776569765,0.798723151
335826,0.806638953,0.805171423,0.810138862,0.796242193
693715,0.805356588,0.790307005,0.798832494,0.722433684
590261,0.817152121,0.795805061,0.806802575,0.863610886
803586,0.709007544,0.720736046,0.708945341,0.684033641
701432,0.854349551,0.813579299,0.838192273,0.852572081
936699,0.712850091,0.743040808,0.726889587,0.750572972
945991,0.769020968,0.763122497,0.76404951,0.774629271
607557,0.767348957,0.767744102,0.764342673,0.817226688
217652,0.745785496,0.740597849,0.738963546,0.760434852
513924,0.844231055,0.792296437,0.813911128,0.937660226
492557,0.744979246,0.751887879,0.745949298,0.825980264
981041,0.771314571,0.763131334,0.768403775,0.757993386
623610,0.753710755,0.723788683,0.74097863,0.775967694
933659,0.773078537,0.771327554,0.771374982,0.792690752
668374,0.764468674,0.768323336,0.758526226,0.798873496
629977,0.730993771,0.737236617,0.732937798,0.74797018
107948,0.758575002,0.757793887,0.762724564,0.733889963
912357,0.09030929,0.129987052,0.104618483,0.088833074
899955,0.733810865,0.727383548,0.733392695,0.757874611
311072,0.215353447,0.232492938,0.218571141,0.12205078
912986,0.908174697,0.873493556,0.890501189,0.939316097
192517,0.788408943,0.776434956,0.779016165,0.759752296
709239,0.12595614,0.155543857,0.133353555,0.034169227
732236,0.744169812,0.736819438,0.748605121,0.623051648
906000,0.763031986,0.754978158,0.759832627,0.783385052
956357,0.762573912,0.752249864,0.756629439,0.748095981
510884,0.829111915,0.825890707,0.833204444,0.857134472
792098,0.813660873,0.812806717,0.808426886,0.920727729
207826,0.797820109,0.802446402,0.784540067,0.838622207
863432,0.135599198,0.177151552,0.147848542,0.093408705
952556,0.750573759,0.753144812,0.75309699,0.768765658
714411,0.807011522,0.79678134,0.800201931,0.827537281
791052,0.831844743,0.816059946,0.820698763,0.84834054
296062,0.840564024,0.822849101,0.832901898,0.865640389
782440,0.134976674,0.175191497,0.144599829,0.114578006
294559,0.72352408,0.717359315,0.710236712,0.763945358
691722,0.8146254,0.776102992,0.810486756,0.766417625
423757,0.772562135,0.757502875,0.765067351,0.73825296
578668,0.874423313,0.856026782,0.865118608,0.911760478
958723,0.744994908,0.748923546,0.749019958,0.727361144
390134,0.769648536,0.76676323,0.77267008,0.763024055
384768,0.679147929,0.706406111,0.689169186,0.729852148
228092,0.757273658,0.759289777,0.755482293,0.870732944
144823,0.110075984,0.140108016,0.119285054,0.053263002
482011,0.83951373,0.816687838,0.82580426,0.845341294
777373,0.09698533,0.134959629,0.10928593,0.121469726
472005,0.817975582,0.776026748,0.79287037,0.775660532
320833,0.862694036,0.840735811,0.850691956,0.851203438
172845,0.783269941,0.7780026,0.778186945,0.923379642
119468,0.75772703,0.744653163,0.746672345,0.797395473
726600,0.101584534,0.138749831,0.116896575,0.09226228
270864,0.80129731,0.799384056,0.796926297,0.726982303
383008,0.808483827,0.806774466,0.812151027,0.772168963
337705,0.788054109,0.776071298,0.789848834,0.736732792
735950,0.849795716,0.825192345,0.839923008,0.934146315
127122,0.814743854,0.805049762,0.806286923,0.874739203
772450,0.906385516,0.875594196,0.891467395,0.871280752
459016,0.822418563,0.802819731,0.813920074,0.756923655
903231,0.799332552,0.798430148,0.796641826,0.81429715
575442,0.130174835,0.164061622,0.143778112,0.104353921
379055,0.816091476,0.794332717,0.80588319,0.762821138
782622,0.741626561,0.743552848,0.743842204,0.592264237
388791,0.086032197,0.116464755,0.096827424,0.049483514
751886,0.810824137,0.794429844,0.797809947,0.843912284
870353,0.191548302,0.191448921,0.177402871,0.165482515
964874,0.77232791,0.780785076,0.780397994,0.743129731
344627,0.792028816,0.790048928,0.790045757,0.81071125
998707,0.733140259,0.733270884,0.731409243,0.797652996
575280,0.167583876,0.169977603,0.160453918,0.287262135
643958,0.633590579,0.641504802,0.635014581,0.464738058
592454,0.737768811,0.740853238,0.739982233,0.764722637
445422,0.808518116,0.782411751,0.795663176,0.812142402
562542,0.830190799,0.809364513,0.818751842,0.829224107
384019,0.827423396,0.815683335,0.823539785,0.817846596
567222,0.135926361,0.164047242,0.141619541,0.100551587
147542,0.747510704,0.72422179,0.745257473,0.707044959
634369,0.687112551,0.701474283,0.703337846,0.723511875
609584,0.096520419,0.135537449,0.10389293,0.095984884
179795,0.726953836,0.735877212,0.73171616,0.680207298
956348,0.856637007,0.853509201,0.84865743,0.935319416
780943,0.784322302,0.778275211,0.779823936,0.828782288
291831,0.80535968,0.784019697,0.7999002,0.792745998
979758,0.170025002,0.203602473,0.178415173,0.077480421
695828,0.824004839,0.829029093,0.824895287,0.868749155
209909,0.728593164,0.727379177,0.725579382,0.801244208
553580,0.778241309,0.75911325,0.765373575,0.791830283
178239,0.732578992,0.730633205,0.731921397,0.686605952
826433,0.86011034,0.842412718,0.851129093,0.829517312
868839,0.11347182,0.140658704,0.121940337,0.056570071
336046,0.795199607,0.786150481,0.78685535,0.849894674
444549,0.852119506,0.83042916,0.841870088,0.849644898
487833,0.788845737,0.779278613,0.78227279,0.793045805
489805,0.864676244,0.844193882,0.860295837,0.891988905
284563,0.800917585,0.790291368,0.786905272,0.825422781
121728,0.746584543,0.734965201,0.747178163,0.918999073
294393,0.115050296,0.154879086,0.127976943,0.127016808
718727,0.828230499,0.807766594,0.817940154,0.830972176
178823,0.757320225,0.747413464,0.755894175,0.792225773
627522,0.842374666,0.798644197,0.827802009,0.789755355
468390,0.864207897,0.840361928,0.861882372,0.802995313
100497,0.775085171,0.771911294,0.771306241,0.86383044
965060,0.703164037,0.721315887,0.709135684,0.780033792
611579,0.832784989,0.817042456,0.824154647,0.844829254
718302,0.104756883,0.149104667,0.117492768,0.089694316
131506,0.784829023,0.773947514,0.78220612,0.733385568
315616,0.836991813,0.819947512,0.82345302,0.894462246
977555,0.8321973,0.625689367,0.733901442,0.819171204
682937,0.727788452,0.733624645,0.736580751,0.620372364
633729,0.145312066,0.199520998,0.153281163,0.092028884
973961,0.121809042,0.154120348,0.137041054,0.076653106
226250,0.728184126,0.735597364,0.730181468,0.759938098
338940,0.098179133,0.137433644,0.107060263,0.078021982
720427,0.73175101,0.746135027,0.737313561,0.753044882
390459,0.083632517,0.131564687,0.103060687,0.062034091
816410,0.160767284,0.168284305,0.158160942,0.119311665
717436,0.745663777,0.740468042,0.747847032,0.621548074
266993,0.804346586,0.806147966,0.801865039,0.795002951
172505,0.734054796,0.737516659,0.73812524,0.739980274
502155,0.794186664,0.767353064,0.775394292,0.817747874
704624,0.755183244,0.745108245,0.75474178,0.745894109
588485,0.757974412,0.759035075,0.758533967,0.761087347
588195,0.76971866,0.764850093,0.766614881,0.737037578
914207,0.112882391,0.136189719,0.118052992,0.107585345
853565,0.824960976,0.802115593,0.807608748,0.778879948
395710,0.073246709,0.112110308,0.089659076,0.032963676
969305,0.785016149,0.786001615,0.783853757,0.613518552
173028,0.821203791,0.822777784,0.831152357,0.815535851
306525,0.75500879,0.754907375,0.751136465,0.721679734
558108,0.699678441,0.696360757,0.701610609,0.668628741
948892,0.106364244,0.139746676,0.117618434,0.118526754
825528,0.754543903,0.736626975,0.745804379,0.737204279
853585,0.127078804,0.148687082,0.132928475,0.103933157
785262,0.734688729,0.729306186,0.736264243,0.627375269
328135,0.729229974,0.74406715,0.74204529,0.715159535
196061,0.135296183,0.14633376,0.137102406,0.075632338
837859,0.099291756,0.124106407,0.10831709,0.130933458
708517,0.107893965,0.143979612,0.121202591,0.053574629
204729,0.797191181,0.779880557,0.796333888,0.76375905
720667,0.786721044,0.779443835,0.779075098,0.8390696
853954,0.823809307,0.804793231,0.815858225,0.828207611
925846,0.78222905,0.76537278,0.775265178,0.698758213
971653,0.869126335,0.831141112,0.85066275,0.959555917
915251,0.88152079,0.856439642,0.868559136,0.887621802
294713,0.136343113,0.156233757,0.143784745,0.103330863
439086,0.874994111,0.855476767,0.867146255,0.8453227
257395,0.779358883,0.765001326,0.771116833,0.791113918
447586,0.190325548,0.222568077,0.185114795,0.104402714
409216,0.808605377,0.790357971,0.792107885,0.82592267
121801,0.677268224,0.682698518,0.685211954,0.725117355
996348,0.133944046,0.151752336,0.140545177,0.127334656
352183,0.707706465,0.720091765,0.716403667,0.667258935
412323,0.783117075,0.782165784,0.779211695,0.869419128
197516,0.129837088,0.152239085,0.140553921,0.082119137
958656,0.744933753,0.745029171,0.743113318,0.80588967
421599,0.628278401,0.654340785,0.646355952,0.525035649
254907,0.784001558,0.779846066,0.779366044,0.813040019
932494,0.72507266,0.72452193,0.728137138,0.815113177
602427,0.811259646,0.79012945,0.796573909,0.777287827
283565,0.74598599,0.744579501,0.746304943,0.744704379
826043,0.094598492,0.132973228,0.107366281,0.124629745
837896,0.805981013,0.800796763,0.800141832,0.775970009
887078,0.798905196,0.79586822,0.797752,0.796453045
509999,0.807181491,0.795638974,0.803009577,0.893292437
257314,0.805831614,0.650054576,0.75302095,0.822806924
736590,0.1332936,0.163980801,0.145274616,0.083421509
342233,0.117913491,0.144483021,0.124691354,0.042766561
900996,0.807246337,0.798041148,0.801302868,0.912789638
870987,0.076669302,0.117040086,0.088163946,0.04528778
197279,0.122839657,0.137703695,0.123605493,0.056779396
893569,0.811021082,0.799523446,0.80204289,0.844651046
689467,0.752361465,0.75010998,0.743922958,0.726262449
476266,0.860758012,0.825378025,0.846215056,0.818936136
498613,0.142002789,0.179692161,0.154317327,0.138237655
412086,0.822678745,0.793047665,0.806700252,0.80213789
136926,0.761284593,0.771433267,0.769189771,0.704418786
706286,0.772191105,0.761371772,0.778688665,0.746270068
578050,0.8435326,0.820037967,0.83037006,0.924897171
986339,0.791888073,0.777798735,0.788060665,0.818247832
180002,0.821946027,0.819405474,0.820632262,0.823591738
603073,0.805187038,0.789366664,0.796000299,0.794845453
331199,0.832953339,0.823609768,0.83080542,0.850795646
350740,0.762539415,0.765104078,0.763632161,0.851385995
624825,0.088997976,0.13439432,0.10576966,0.052765413
403977,0.77694111,0.75013264,0.773481014,0.680621597
670059,0.788855022,0.78278267,0.78245199,0.834675077
141169,0.764435397,0.76259084,0.764962929,0.78230815
175279,0.111039117,0.14164477,0.12347845,0.077902244
429725,0.099070433,0.139109994,0.110985162,0.074060521
235641,0.73379478,0.735340214,0.735977738,0.788830935
730523,0.788070927,0.783364205,0.78463231,0.835230033
118404,0.814046555,0.796410643,0.801083513,0.865383304
441893,0.120854353,0.147580512,0.127621153,0.07698921
420533,0.112065396,0.149336344,0.122482637,0.062858019
429009,0.828884054,0.812223227,0.833119951,0.707494209
720396,0.788986295,0.794214227,0.786201145,0.775599129
271433,0.755108902,0.751689117,0.749077808,0.825581075
476393,0.810060088,0.793758994,0.803109101,0.833372697
828857,0.76659518,0.757549811,0.757480113,0.76334621
100925,0.86959466,0.86641546,0.862002566,0.90961999
390780,0.697795227,0.70655682,0.696931396,0.625766481
977312,0.83871888,0.82279488,0.828462556,0.890977543
310110,0.774446694,0.775038209,0.770163529,0.784439278
644082,0.804657428,0.787398931,0.794479409,0.814245904
499157,0.880863191,0.841965133,0.863563157,0.868404928
745648,0.761799727,0.745420518,0.751275873,0.780974783
777637,0.659885101,0.687706786,0.673272007,0.684613027
879798,0.794735476,0.783781346,0.790236034,0.770523138
477660,0.758585054,0.71230681,0.736510051,0.772118326
532387,0.126668877,0.137932998,0.122533487,0.065793368
889529,0.807091596,0.795078377,0.801486405,0.854101882
171196,0.731772443,0.73637913,0.732609956,0.834552977
380261,0.202350284,0.229404179,0.201854677,0.095837643
546542,0.736576968,0.730875049,0.73993315,0.775483422
161795,0.742917985,0.741736671,0.74693865,0.742958058
161770,0.83622886,0.819054435,0.82135045,0.809906094
436885,0.128361485,0.166772674,0.135964527,0.108538034
499013,0.759549546,0.753337133,0.756770158,0.780537474
589852,0.805143045,0.769639916,0.787284656,0.865391421
453054,0.720315243,0.732008604,0.724551403,0.724851237
396878,0.141505903,0.166097783,0.145066241,0.132381305
838625,0.096578309,0.136138023,0.111426191,0.119888926
225426,0.561277295,0.602042102,0.584807465,0.615451872
663740,0.799164923,0.786874042,0.787737227,0.855794376
432680,0.164419942,0.195722679,0.167354221,0.126857625
916655,0.795370254,0.79379764,0.789930862,0.867694649
152918,0.829606686,0.811960758,0.822678225,0.84762683
237573,0.146119764,0.181040681,0.152928643,0.099509102
669330,0.737573201,0.742317542,0.740603801,0.672795653
505141,0.716655925,0.727136134,0.72187247,0.766540118
877408,0.802781825,0.780289237,0.790094467,0.820275564
216508,0.788309541,0.787756898,0.788540358,0.863065865
274662,0.709170501,0.717773414,0.710583649,0.712681109
235463,0.807943847,0.770581439,0.788378321,0.782116218
627880,0.079715032,0.122089952,0.096525558,0.060286517
726901,0.757618352,0.746786116,0.752406483,0.761999101
902557,0.120471537,0.159560381,0.129630883,0.065118589
386410,0.780235891,0.782121203,0.777805983,0.784963337
410135,0.737212938,0.732310497,0.736722198,0.634409174
775806,0.808846209,0.790831373,0.799963162,0.862405427
712939,0.763930733,0.74851949,0.760362672,0.781595649
560808,0.743734273,0.75121124,0.748705954,0.754722087
490190,0.18925006,0.189477684,0.184791377,0.139372795
876335,0.892082771,0.875636321,0.881060334,0.842049855
897188,0.12649093,0.16202456,0.135901278,0.09735648
932857,0.606704337,0.655954815,0.618214495,0.745681565
239829,0.720077885,0.714589292,0.712139875,0.718905151
337922,0.756190103,0.755426692,0.752154675,0.827650475
543911,0.71608483,0.742862016,0.72612397,0.715007552
186626,0.716829891,0.720751237,0.718152255,0.759758631
172543,0.826816163,0.804917454,0.811382323,0.839687848
473529,0.690797397,0.717388889,0.703847965,0.790930604
414229,0.858298129,0.83340759,0.842861439,0.923979545
638019,0.769239602,0.765031893,0.76520081,0.780981035
299686,0.209940767,0.19506121,0.192672337,0.127842117
468551,0.752742696,0.754190139,0.749772906,0.737271522
408762,0.130147369,0.148792049,0.135352354,0.085239782
378832,0.104780494,0.136694897,0.120091279,0.041454719
475157,0.122070785,0.147249304,0.131282387,0.082975557
976728,0.827432386,0.812220411,0.815508622,0.845592285
440817,0.148271763,0.155958939,0.146968609,0.128449925
768075,0.743874084,0.753028529,0.744969111,0.809191957
687927,0.827147384,0.79812741,0.815994217,0.818906428
869098,0.093077212,0.123040343,0.105618262,0.04593979
554033,0.599183476,0.646816433,0.62906291,0.57121028
961553,0.7676731,0.768144792,0.762595161,0.76005287
368843,0.681273329,0.694612718,0.686771431,0.756268776
476213,0.144806736,0.165343854,0.150672229,0.079873889
880673,0.753027823,0.740902444,0.741336507,0.780722947
924444,0.167518111,0.170545604,0.157652214,0.152484392
612823,0.851653991,0.832261604,0.836321,0.894376306
310020,0.71742759,0.736635327,0.735936136,0.752763711
450801,0.826209001,0.828176148,0.826308465,0.812934753
476722,0.08305104,0.123826608,0.102052327,0.055395698
906308,0.797455998,0.787577539,0.797618383,0.797049991
525700,0.698459149,0.710625434,0.705344321,0.757028821
260024,0.759751132,0.743478152,0.751428591,0.75538881
269245,0.811169978,0.788868411,0.80115746,0.856177746
855181,0.789003474,0.779270465,0.786211886,0.776711301
329959,0.761916322,0.761682238,0.760671537,0.826110324
261983,0.774882688,0.773022048,0.770391923,0.812683752
816790,0.712470154,0.735630447,0.716971666,0.792860711
349007,0.733403692,0.754537836,0.746246167,0.68855081
289545,0.74185714,0.745160236,0.74535371,0.820580713
137857,0.800911576,0.79105254,0.792362046,0.837419335
430868,0.742932806,0.750288275,0.742459237,0.759549264
586496,0.80707709,0.802182033,0.806951687,0.764586109
298865,0.668915037,0.691678892,0.670660961,0.624169825
572463,0.780969812,0.77836684,0.770229942,0.828582181
261804,0.71462123,0.720166815,0.719190761,0.756017853
659112,0.847857652,0.824547424,0.83356552,0.835460617
308794,0.787261638,0.786405749,0.781924463,0.863730938
476170,0.804825735,0.794791865,0.799126067,0.895424422
833523,0.6887784,0.697216466,0.686487126,0.694410345
647463,0.699627517,0.718324,0.709875821,0.712299554
351422,0.699041971,0.705091969,0.69966066,0.705851561
751142,0.705557997,0.713557809,0.709825697,0.797190306
955768,0.762798786,0.750442346,0.751005122,0.772684457
290355,0.11825305,0.143688674,0.128347071,0.055373427
127452,0.638199719,0.648906412,0.642720303,0.553752578
522842,0.692910924,0.704161161,0.696980488,0.724148808
240482,0.765835766,0.756906245,0.761840468,0.743328915
710353,0.79258479,0.794908207,0.790156254,0.814079408
229437,0.105182759,0.144179152,0.116627272,0.081484805
770901,0.666522482,0.679305749,0.675231619,0.697598105
884495,0.173741075,0.179063639,0.170649718,0.152305143
837180,0.693233036,0.563674557,0.66048685,0.709349331
285182,0.768020884,0.750244164,0.754570518,0.765563333
519045,0.855651572,0.839552755,0.849168201,0.833212172
940114,0.757614749,0.76313278,0.760614398,0.769170163
907458,0.767068748,0.757762811,0.763255994,0.818394038
447074,0.764686602,0.76112267,0.762210015,0.8096362
621318,0.721170666,0.714241307,0.727019331,0.683781988
901204,0.696117589,0.711062138,0.713887521,0.791331325
635830,0.750075841,0.74966996,0.739271747,0.776797401
115224,0.754910112,0.749557565,0.752374273,0.804197013
228655,0.846117556,0.808688466,0.830405007,0.866990396
173706,0.81478457,0.798044675,0.807607926,0.85850733
285463,0.772634666,0.766249541,0.766738528,0.828183009
326473,0.179559729,0.205655752,0.190084587,0.084273688
350180,0.802411397,0.798249694,0.793806455,0.8520796
760533,0.184228077,0.195999249,0.185869616,0.093425944
830918,0.71862,0.736114415,0.729323994,0.69169894
513358,0.740746774,0.743203039,0.741258921,0.789353801
124051,0.668267252,0.707412316,0.691797131,0.555086862
512848,0.11488524,0.151387177,0.130768838,0.090120149
332249,0.699358511,0.700795443,0.699787478,0.746223459
216701,0.745432321,0.744083736,0.743308663,0.74179204
905016,0.742041383,0.74063537,0.744625096,0.730223828
348995,0.125636999,0.149895601,0.136901725,0.111230397
839215,0.161868957,0.191017945,0.166080434,0.151337117
559043,0.816911827,0.797699356,0.806846248,0.819648253
465097,0.781613261,0.774648315,0.776808905,0.788233991
578255,0.194814589,0.207247324,0.193359198,0.146118988
688318,0.641811811,0.655182224,0.654735533,0.710325896
561314,0.777284788,0.787092285,0.783057271,0.74264394
641723,0.729427698,0.73258059,0.728071911,0.737764425
817795,0.678223948,0.692984315,0.687586021,0.758823328
865297,0.779550781,0.779994273,0.779723491,0.778238781
391910,0.749501295,0.74386904,0.753715662,0.791363068
435896,0.76121148,0.744958607,0.759211497,0.687060915
331157,0.767770853,0.774894059,0.769200621,0.756510693
349490,0.123438718,0.160768636,0.135643094,0.082751005
873571,0.75322656,0.753209242,0.755509569,0.793156909
164109,0.771331331,0.7735489,0.773778217,0.803247866
488609,0.702699735,0.71309015,0.710875942,0.695474319
148260,0.779352054,0.777628101,0.76485455,0.785781977
298403,0.768526667,0.757768402,0.7640262,0.85851393
640476,0.105229909,0.120027492,0.112767219,0.056944295
288946,0.809084298,0.791470883,0.794442951,0.801653293
848280,0.738623994,0.730969987,0.732438431,0.69446909
490585,0.827582444,0.816039135,0.823354658,0.825651861
472104,0.750784865,0.75407747,0.754756551,0.788030982
292927,0.707608732,0.690129635,0.6998622,0.653603612
399307,0.768181784,0.769981935,0.768624704,0.800903206
129607,0.739868544,0.74561596,0.74581164,0.811205687
841160,0.112498625,0.146195998,0.127346892,0.057152134
517262,0.246797824,0.227980269,0.226098244,0.279400766
540850,0.741438349,0.749288468,0.749907883,0.573670328
392127,0.806918751,0.788646746,0.797783136,0.850380562
679795,0.718973676,0.72601186,0.722689672,0.766989671
245144,0.733261436,0.727114533,0.732661268,0.681896979
701966,0.211499177,0.220998335,0.209596283,0.203107462
322021,0.263682475,0.220917532,0.230120669,0.137952351
629922,0.853983994,0.82124489,0.831954139,0.886782331
393445,0.679325144,0.703771213,0.689046256,0.764527847
390657,0.625146471,0.647500979,0.629261538,0.771174016
911933,0.79988937,0.782556695,0.789390218,0.806431412
913187,0.148576563,0.156396774,0.142172617,0.088816406
272584,0.812584141,0.799861878,0.807421508,0.812024682
441777,0.12338844,0.153455989,0.130089466,0.058820956
801841,0.860781165,0.838933491,0.849621676,0.828364512
441955,0.149418107,0.15881192,0.151043431,0.113052938
403798,0.130447013,0.156413008,0.140733148,0.093797099
159980,0.138901107,0.152606923,0.14195976,0.09493535
856720,0.829745359,0.806253231,0.81352858,0.859857176
251066,0.089953769,0.135837089,0.101860431,0.081246404
508083,0.713806609,0.708374779,0.725461428,0.912298379
822097,0.094408973,0.123434111,0.10233204,0.050615132
526824,0.765739154,0.771781534,0.761923451,0.820818415
729301,0.101808151,0.127888966,0.112596527,0.041073449
604289,0.776756048,0.629864535,0.734141632,0.773182245
755924,0.825937576,0.812243193,0.81688838,0.797420375
308487,0.788258224,0.779213546,0.780693628,0.785165153
853934,0.862193993,0.840823226,0.847358048,0.879956366
615106,0.128642827,0.141141798,0.134259387,0.10112189
502071,0.762685329,0.753877658,0.761418132,0.816394243
288165,0.78281055,0.740110614,0.771187846,0.833786478
255935,0.825401989,0.801864919,0.811692499,0.831204435
187600,0.089008649,0.121688878,0.102407943,0.108171543
695093,0.138812301,0.16379396,0.144949515,0.098129431
265735,0.745480493,0.744027664,0.748232882,0.760306325
883811,0.762537256,0.753072044,0.754035654,0.773102618
163043,0.112338267,0.135707705,0.122925179,0.102346254
267433,0.801140414,0.782105561,0.791043661,0.843995752
611687,0.78455264,0.782782219,0.782648741,0.828067927
933906,0.773959717,0.761700522,0.765371364,0.772778317
115256,0.796592715,0.801234204,0.796858447,0.796780018
256580,0.783164357,0.77891669,0.773608625,0.795095455
251012,0.126855277,0.158808014,0.133563339,0.089945456
615735,0.78794804,0.779951764,0.78171626,0.807666528
145367,0.740736349,0.740384771,0.740627417,0.820554137
261173,0.753835401,0.756386019,0.756499455,0.718246075
233620,0.723273067,0.713685818,0.714195454,0.832638579
700745,0.706881913,0.724219877,0.719556425,0.748186022
942458,0.742692608,0.751050436,0.746529147,0.82401512
555901,0.739187119,0.747930889,0.747690395,0.774166511
505357,0.836152551,0.820349591,0.831983192,0.748632492
395867,0.78062042,0.770898302,0.775345671,0.790044378
350433,0.84718208,0.831539078,0.83566052,0.8603314
282331,0.131828882,0.154632303,0.136193118,0.055594876
618582,0.835905631,0.833918203,0.829768993,0.855374031
668590,0.843680446,0.821358515,0.826453519,0.876380434
980192,0.785482935,0.77546594,0.780778455,0.810491284
551492,0.815512306,0.807543971,0.810999093,0.830298847
702296,0.71625557,0.725241314,0.720870571,0.742952738
166251,0.107685615,0.138522907,0.116492277,0.078762236
417550,0.103524373,0.119529011,0.107072879,0.046799928
621270,0.731847629,0.594342212,0.688497327,0.819789211
448062,0.795638933,0.777982261,0.787020707,0.794769425
402164,0.844815487,0.831520494,0.843323388,0.832662754
800222,0.782054336,0.776121561,0.771964587,0.77735008
576673,0.687702884,0.694825388,0.692673429,0.721369414
117074,0.706959551,0.712762986,0.708674421,0.790501018
283495,0.757021131,0.757463059,0.754741826,0.775583839
567923,0.792390744,0.788676359,0.789237983,0.80048539
782592,0.096359691,0.131008018,0.106406731,0.132904616
381028,0.717710781,0.722825366,0.712761202,0.7160634
232956,0.802302983,0.799307914,0.803355808,0.783151937
582716,0.808685197,0.795775518,0.804776217,0.834855844
805183,0.678057417,0.709670315,0.693106735,0.618464902
312830,0.722841226,0.710045225,0.724967277,0.65087954
799703,0.754201992,0.768159857,0.760129391,0.787068831
833868,0.754915665,0.72456845,0.747409416,0.773801469
140424,0.088859223,0.124152094,0.098391596,0.067445658
797608,0.843813956,0.828925791,0.835941298,0.879747834
592507,0.84313611,0.827596981,0.832854167,0.828492337
317755,0.776869781,0.76129524,0.773573996,0.813502002
715198,0.191494028,0.203597198,0.196718182,0.112160835
604089,0.752609329,0.750730222,0.748910141,0.760923108
894083,0.753101658,0.751345231,0.75116812,0.789350714
810551,0.243289643,0.213367747,0.21915581,0.129011966
577948,0.707779311,0.714623618,0.710693726,0.693082236
585343,0.169406863,0.195684992,0.173178824,0.169711629
492104,0.155118724,0.172149034,0.165192148,0.096333757
316678,0.791788056,0.575920046,0.690594079,0.750521348
750521,0.112258677,0.148083309,0.122327963,0.112023064
740527,0.152115935,0.170329309,0.154397786,0.129090012
792379,0.828415537,0.808160747,0.822172434,0.801928013
976412,0.81129025,0.791235948,0.806060196,0.788811596
567138,0.834569534,0.812166244,0.819830819,0.840447218
889826,0.809231221,0.789584097,0.797784041,0.832091848
183939,0.228356903,0.236753143,0.219117436,0.22434153
689215,0.805926084,0.799616803,0.802108982,0.840091179
691139,0.805595525,0.794618802,0.804351857,0.681504114
569650,0.703396877,0.709930313,0.706821783,0.662728583
279800,0.151393379,0.163902677,0.147091836,0.099847325
108005,0.772660205,0.758469062,0.767556307,0.73873574
349062,0.750614226,0.737841584,0.745456722,0.756229653
725825,0.776416915,0.76657654,0.768722866,0.819972003
742040,0.811485836,0.770872587,0.795737323,0.738807073
787540,0.777716747,0.772582675,0.775480723,0.796175428
990715,0.197813298,0.185535932,0.180940414,0.125602328
892179,0.186335,0.200170331,0.182463111,0.153401037
194577,0.730227358,0.737630783,0.729107826,0.697953183
988732,0.775795458,0.771557268,0.773172152,0.756291381
925311,0.825970473,0.803170496,0.812443396,0.867632129
168620,0.735977682,0.746388331,0.745657961,0.747882604
561094,0.134644385,0.16009941,0.140899414,0.102476551
497739,0.781055438,0.764386886,0.779996049,0.829815947
999134,0.737771806,0.748994602,0.746124685,0.754928599
644167,0.138161106,0.151962741,0.138966133,0.061699127
824211,0.78666494,0.786594891,0.782266265,0.793374651
305790,0.11693858,0.142826433,0.128940209,0.114000666
555690,0.754521023,0.750667202,0.752801521,0.79373109
745810,0.168919812,0.190950523,0.176056307,0.087710625
999443,0.853583949,0.83944438,0.837168301,0.847034168
872223,0.763279765,0.760728475,0.765655106,0.813746195
353776,0.702571087,0.708038517,0.704208819,0.694585392
995834,0.127649197,0.153097612,0.130280953,0.106287263
591665,0.776943389,0.771320327,0.779545061,0.819907311
873173,0.749467283,0.721024153,0.742953382,0.786885253
757034,0.16747689,0.168852254,0.156708795,0.112863447
141116,0.113099414,0.140148108,0.121030288,0.074281504
697467,0.775279972,0.779939439,0.777489898,0.714112295
985387,0.762236343,0.750840934,0.762972028,0.708984286
864345,0.806089834,0.805161566,0.805723249,0.799276655
190889,0.113786551,0.149354298,0.123470299,0.091217448
789646,0.776764785,0.777656935,0.777411091,0.771534339
325154,0.156386487,0.173101065,0.160354827,0.130797703
921888,0.771934268,0.77145653,0.770520066,0.872558696
561435,0.213605214,0.235447985,0.214590347,0.184058134
551462,0.738963432,0.724691511,0.733490581,0.620415125
701293,0.156403848,0.194716839,0.163614193,0.104982235
806746,0.829434018,0.808107368,0.818730946,0.802093432
534682,0.126938995,0.161692738,0.130954979,0.132616107
724963,0.74301198,0.743042201,0.738506859,0.796521827
845348,0.730710299,0.735866927,0.730356369,0.775557342
384744,0.198043061,0.209375662,0.199778795,0.124057157
616542,0.837219175,0.819187842,0.826318911,0.872083887
539469,0.738685788,0.743244248,0.73076874,0.870657844
423735,0.78191779,0.756102492,0.769445938,0.714009447
179254,0.126438415,0.167709589,0.136065322,0.09451596
964733,0.134388455,0.15643493,0.143263965,0.093107573
171795,0.754070328,0.754355422,0.764535506,0.697905146
641212,0.771982224,0.761796572,0.772690902,0.768785234
869902,0.274563789,0.233847861,0.24010684,0.260098187
532444,0.78655085,0.780492152,0.782944662,0.805109075
171457,0.708684554,0.663236145,0.690637844,0.760880989
953228,0.813401364,0.800303258,0.804380005,0.886950776
118339,0.84991887,0.78755342,0.830375976,0.816012621
494683,0.101190216,0.132576554,0.112589853,0.083889515
822166,0.688270854,0.710070261,0.692317172,0.663466414
262333,0.78021613,0.770691445,0.771512186,0.798241865
542466,0.608629395,0.667744798,0.640557642,0.560952298
202336,0.121976128,0.161567545,0.134383016,0.111780184
837915,0.781370983,0.771435574,0.779881568,0.822755306
141271,0.886262789,0.873993996,0.879160775,0.870114772
686314,0.724038107,0.72941558,0.723780653,0.728062235
871493,0.790701641,0.753012974,0.776027503,0.748483638
708870,0.74168009,0.713664563,0.731791027,0.706688529
565816,0.735801558,0.740782013,0.739405849,0.743363188
572673,0.780924554,0.778577773,0.78218299,0.81855088
994817,0.792577088,0.776081673,0.791035925,0.821710648
657003,0.794741214,0.781295919,0.787887359,0.830650117
207629,0.73786671,0.745683826,0.746706554,0.680893523
126132,0.098776536,0.128709012,0.108651454,0.063180875
790757,0.710064161,0.710814723,0.704561154,0.739555996
136610,0.166603452,0.181826326,0.171650181,0.13178291
424401,0.744961424,0.744789031,0.743572716,0.742723804
151748,0.81695106,0.81221174,0.81381664,0.829826737
662568,0.736895054,0.742535636,0.735873024,0.774913148
826361,0.823937941,0.798950553,0.812905142,0.727317056
106579,0.133185626,0.157346413,0.134881719,0.100845326
424742,0.795253827,0.782139715,0.788240832,0.744670054
645789,0.749875614,0.744815987,0.746378314,0.776123958
802038,0.819966074,0.797683396,0.809214181,0.777532956
984299,0.136686884,0.173537173,0.143348494,0.124166745
487207,0.17487582,0.171261917,0.162277652,0.086408474
518425,0.787221144,0.776961377,0.786691895,0.834046747
964477,0.852622567,0.818244572,0.834583839,0.830842859
420489,0.828974663,0.817850244,0.820679872,0.83112009
526742,0.158966271,0.191521074,0.162631668,0.110581038
687981,0.796233136,0.782390037,0.784352554,0.768531831
326037,0.788337819,0.772837399,0.77709514,0.753651579
558137,0.152281993,0.175241566,0.15899302,0.079456929
816306,0.757653598,0.74649449,0.752974923,0.774952988
357087,0.78957809,0.786918091,0.785992493,0.775945795
725885,0.823657038,0.798199782,0.812452676,0.784509463
484443,0.795046552,0.797617597,0.792405751,0.89754828
229712,0.791162955,0.765375836,0.781499021,0.728407434
873528,0.840076423,0.799476001,0.825970162,0.76985485
875865,0.797517422,0.785824544,0.790753346,0.809454099
448337,0.73877495,0.725828726,0.744304787,0.728941752
878580,0.762632303,0.757103967,0.765134718,0.77633576
974934,0.838265093,0.833681771,0.82784328,0.851408052
722887,0.74943322,0.741923804,0.749826756,0.778642861
600953,0.830210365,0.812017488,0.823983585,0.805818842
201864,0.094156783,0.142270948,0.111000148,0.043987708
988504,0.876617667,0.867928423,0.870914698,0.88549841
776907,0.735827352,0.74491487,0.742398594,0.669174487
970063,0.080803199,0.122482033,0.095310286,0.066820175
543716,0.185140274,0.186579002,0.187192743,0.111382921
225412,0.842876831,0.844231853,0.839684642,0.862030463
250328,0.12803222,0.150431455,0.131941464,0.1184777
581483,0.744301877,0.738323848,0.740190178,0.864285572
588171,0.763247367,0.756887296,0.758733771,0.857099638
591054,0.705496548,0.704641775,0.704271307,0.769986892
530438,0.779782664,0.765542369,0.774929176,0.887954235
915963,0.770911607,0.763293469,0.768264988,0.772666043
152990,0.786718533,0.790590067,0.786744935,0.824037428
662011,0.742212932,0.751676417,0.748231749,0.763845596
533075,0.767629789,0.764015104,0.76589709,0.804538792
686979,0.826982333,0.799313435,0.814761547,0.858300285
225836,0.777848337,0.769286627,0.762967716,0.795625577
151812,0.119720022,0.144808408,0.132678402,0.044370131
966552,0.817336378,0.801050776,0.80837584,0.832197268
209119,0.726678156,0.73097097,0.72503027,0.819871773
812648,0.792309508,0.785434771,0.79381596,0.8524638
870046,0.797339507,0.786936642,0.791271697,0.854434601
967802,0.106318366,0.147818215,0.121438989,0.069117057
462861,0.827897545,0.808901978,0.815647662,0.79540736
452539,0.832401021,0.799241606,0.820738989,0.804042037
994460,0.833787496,0.824238123,0.829837523,0.817724007
115623,0.144550851,0.176540979,0.154902957,0.090824404
416935,0.101861425,0.138209385,0.119307529,0.044681787
984561,0.79918554,0.778075768,0.788418798,0.801008676
834165,0.106225281,0.140406281,0.110085692,0.088326903
641252,0.10781671,0.149538213,0.121272635,0.064525286
318124,0.725192913,0.718779793,0.725100899,0.748930501
501659,0.790504001,0.780448834,0.786148868,0.813993149
586644,0.783530377,0.778001232,0.776816351,0.669325227
648413,0.80384406,0.789408816,0.797290164,0.817892405
114662,0.760495483,0.756405384,0.753874292,0.797823776
444737,0.11121076,0.128413748,0.121017265,0.025605733
558229,0.798596628,0.779663311,0.782243652,0.846553525
292491,0.84595092,0.670277072,0.777624528,0.750935419
558856,0.103644987,0.133955304,0.120045357,0.073362912
358191,0.836010154,0.818944163,0.828332962,0.852384778
974325,0.634791674,0.674665058,0.643549105,0.626506913
580779,0.80717268,0.80295129,0.805326474,0.869630163
560680,0.134063719,0.154021834,0.140434135,0.101275902
292638,0.733075252,0.735491454,0.736553854,0.762675681
808001,0.123242546,0.150056907,0.131844865,0.078901033
161525,0.150170214,0.185674609,0.161925953,0.082733074
924014,0.131011094,0.151595871,0.141278428,0.081386056
503800,0.654507708,0.674789296,0.658571926,0.735262007
787136,0.720121484,0.73122234,0.723445853,0.762749121
239167,0.631912307,0.674605786,0.651971296,0.649540366
857686,0.88142114,0.857990309,0.872155814,0.870174175
106339,0.732971189,0.739741786,0.729328691,0.829310852
520816,0.833208061,0.818256278,0.828808403,0.87713629
389933,0.861283433,0.843680058,0.849772194,0.832835629
605816,0.107465167,0.128869669,0.112120604,0.082161475
513090,0.652434972,0.665203461,0.657715031,0.671790295
956603,0.77679891,0.763945404,0.766815464,0.813848324
724886,0.109479797,0.138839119,0.118587251,0.096221786
680311,0.822513636,0.812145795,0.817542867,0.869021355
576431,0.727982034,0.737713499,0.738690853,0.784321921
591191,0.105233547,0.145576383,0.116096702,0.076327963
205777,0.790705916,0.794547789,0.792230659,0.831950456
431898,0.112383518,0.153801147,0.120837888,0.098689107
465135,0.780604939,0.77407149,0.777532753,0.682658596
687868,0.124344406,0.142799426,0.130280877,0.081625637
445218,0.69090978,0.691725463,0.686651619,0.696864323
613436,0.802787089,0.782612859,0.789821955,0.855695002
919890,0.733482678,0.738071965,0.733320171,0.676496831
423134,0.793621286,0.794596961,0.785426706,0.861782565
290439,0.807947915,0.789874472,0.80905342,0.898524976
753878,0.718497982,0.704366061,0.713929995,0.801125488
674218,0.150939352,0.191326301,0.162118578,0.104804262
752143,0.820316753,0.797362043,0.806540644,0.813943634
360191,0.178258462,0.17825602,0.175637361,0.092588794
940758,0.806489276,0.791200862,0.795794841,0.831391489
728956,0.804778259,0.798922815,0.8009058,0.836748238
611492,0.802950171,0.780268322,0.789269857,0.79796813
792422,0.727750159,0.733493573,0.727242535,0.737108343
381825,0.114551933,0.147135676,0.122962962,0.101016139
663366,0.840442277,0.823636226,0.836208835,0.803430891
379486,0.804639033,0.786814254,0.798459507,0.775728407
744732,0.85599164,0.845852381,0.855085746,0.846519992
239235,0.705312367,0.721104374,0.711584345,0.723712129
764236,0.215383077,0.206281537,0.202950988,0.154328905
212467,0.795765501,0.759192629,0.77715526,0.714954359
830603,0.148849328,0.193240954,0.161929059,0.097769373
444100,0.770831034,0.780354458,0.77425599,0.824017618
895114,0.789825067,0.786333618,0.79318426,0.828384275
990522,0.642253731,0.669273949,0.648775225,0.651574124
340521,0.774658322,0.777766886,0.778647965,0.806391211
961430,0.760467969,0.763886584,0.756686433,0.784179767
912100,0.716719403,0.724709266,0.723333396,0.68083891
812924,0.789974973,0.792237122,0.790153128,0.764092952
227782,0.164012896,0.196857956,0.178336294,0.11131015
195851,0.806338623,0.795303361,0.796900974,0.778000748
372453,0.756270978,0.74206685,0.743552719,0.82807635
107367,0.785063255,0.775747833,0.774025179,0.765526535
511733,0.675800639,0.696061414,0.679355852,0.729161536
567454,0.782419562,0.775567092,0.779180534,0.837551593
597830,0.153508567,0.174141376,0.156659235,0.186871513
543315,0.70948896,0.717749071,0.712714294,0.741084791
624883,0.107513991,0.129906532,0.112082944,0.07375425
988735,0.76726148,0.768435191,0.769216195,0.821215544
311121,0.813849922,0.778775611,0.797705983,0.736880978
664695,0.83643181,0.822762824,0.822994562,0.799176858
582250,0.789996018,0.789691942,0.792789524,0.825359958
549079,0.666328204,0.669884919,0.668365958,0.650336452
297160,0.757649018,0.760051676,0.761272241,0.831928377
963584,0.851986468,0.827591178,0.837464049,0.845194698
314155,0.882613968,0.866662301,0.866665919,0.906840265
455120,0.778014587,0.775549792,0.776074149,0.741556692
459752,0.731939734,0.705533504,0.722309383,0.738842698
957105,0.781467409,0.769166599,0.770777002,0.786644565
816933,0.147607474,0.18555113,0.156158569,0.088404128
621145,0.116026614,0.134267865,0.120897177,0.093625048
418164,0.737349135,0.737484425,0.735695586,0.771460917
283560,0.725331486,0.735174044,0.728537517,0.787635551
193131,0.748620737,0.751277118,0.74450948,0.835418864
698116,0.740131729,0.749825939,0.743442554,0.768765171
703234,0.762514947,0.752574605,0.753451919,0.800059861
233639,0.759195885,0.765381795,0.758104958,0.837753697
462039,0.689065181,0.726427019,0.703267614,0.686532908
251198,0.142512499,0.185444696,0.15824716,0.095727846
325694,0.113167657,0.149129307,0.121569972,0.108063894
308223,0.721850533,0.728002238,0.720543004,0.775809352
183464,0.157370469,0.174486254,0.162046167,0.069280314
939495,0.921627632,0.881322679,0.9036152,0.990749461
587874,0.111573958,0.148681028,0.122747273,0.087216237
818684,0.834544533,0.799768033,0.82279821,0.684925521
732174,0.120627655,0.146344969,0.131802303,0.088351336
664092,0.146103544,0.163428415,0.1500913,0.0961626
604411,0.815741005,0.808635632,0.811383011,0.843385638
367348,0.758586389,0.749840171,0.749547733,0.762951703
526466,0.799482163,0.771302363,0.791912391,0.847099391
538906,0.788193041,0.774838563,0.781651223,0.776409123
538479,0.820543149,0.811177837,0.82226505,0.86323648
236782,0.804974392,0.80458881,0.801566592,0.791687405
674923,0.748012233,0.745560237,0.748961882,0.65297666
626611,0.803503069,0.809632404,0.810648635,0.792162544
866541,0.832131638,0.83893854,0.829553923,0.850711146
619918,0.709591228,0.712628488,0.716384792,0.759532052
756817,0.714210439,0.73896435,0.719548841,0.76071643
131928,0.78813014,0.778424903,0.786867868,0.804140192
157040,0.802266032,0.78384542,0.788901048,0.847983501
875176,0.784373842,0.775803101,0.776172288,0.77415973
606779,0.756673482,0.765894317,0.767096955,0.827420256
315580,0.7418674,0.730301222,0.740465362,0.780387779
835287,0.143114561,0.172395038,0.154844231,0.097451388
131890,0.777851031,0.766478967,0.772184937,0.817089806
963121,0.766583742,0.76172731,0.762496371,0.853395803
843094,0.701153906,0.704967508,0.701030563,0.802634265
499401,0.762937169,0.763456075,0.7661667,0.79268638
401767,0.80121883,0.78910621,0.792061241,0.798119851
802316,0.748240174,0.735757356,0.741466353,0.77754625
426107,0.098270673,0.129682699,0.105291094,0.086097262
919814,0.724939011,0.738013768,0.725215007,0.733520782
519664,0.804071233,0.802722795,0.802392465,0.840603949
616547,0.126001984,0.157158079,0.130942647,0.115861756
199318,0.768008549,0.758173131,0.759580747,0.805958874
305859,0.826751566,0.810625903,0.820895009,0.855871075
908183,0.748628809,0.752443616,0.745324921,0.754737545
500458,0.717977178,0.726688001,0.724024352,0.737808667
961543,0.729568019,0.725364045,0.730143429,0.644172698
821913,0.781884706,0.778022057,0.774671872,0.797865647
852647,0.739877281,0.744707582,0.732580571,0.828212713
402090,0.864474819,0.843328184,0.850160039,0.874717179
480064,0.722095509,0.728780059,0.725040721,0.785813045
462760,0.864458068,0.834188381,0.848439248,0.963128914
488530,0.777597388,0.772322976,0.773363106,0.827347083
566942,0.821962425,0.784155575,0.807490765,0.786808889
544829,0.719184018,0.73240983,0.731291082,0.802686763
649281,0.861455434,0.839345693,0.859708567,0.837196888
482878,0.885030549,0.871102056,0.873392375,0.856005988
159693,0.843256833,0.832785502,0.838089115,0.826913337
106788,0.764322472,0.76549546,0.765570265,0.825610605
145082,0.161327931,0.202983821,0.167351934,0.128077881
428504,0.820208074,0.808550057,0.816519235,0.795182063
111997,0.775109548,0.775759606,0.781718172,0.818910561
258166,0.741252012,0.739936355,0.745279266,0.778553603
988325,0.743753462,0.755938461,0.744157464,0.867720558
714531,0.782353363,0.779129957,0.776989559,0.862269381
704486,0.128153142,0.155442491,0.13767077,0.087091858
960922,0.763308017,0.761899586,0.76490225,0.802141783
537180,0.131013562,0.169437687,0.144521447,0.095528776
545107,0.703872817,0.712556984,0.709126439,0.719471112
871177,0.858817416,0.696101182,0.801320935,0.884594052
539145,0.669157423,0.677104671,0.670404642,0.593803264
968027,0.115479344,0.147171591,0.122509938,0.106394851
630999,0.159323476,0.184386809,0.168526116,0.094101886
427720,0.120641128,0.155249022,0.132547438,0.119355613
317065,0.135964509,0.170191934,0.142587501,0.091185164
398811,0.797315297,0.784985194,0.792026612,0.808429635
354449,0.178801573,0.178004243,0.166341723,0.089075864
689496,0.794547525,0.783107345,0.791697454,0.803312593
576522,0.872119326,0.853331348,0.865551175,0.885385849
809803,0.751001498,0.749345487,0.754633464,0.689206698
538332,0.698868434,0.715325995,0.712965867,0.5879059
464623,0.652763386,0.690318163,0.664457434,0.605735577
617837,0.770377147,0.768397762,0.771795986,0.814134499
195985,0.130073664,0.167964852,0.142587178,0.06578598
266542,0.111036397,0.141486715,0.120004512,0.093725083
454384,0.764337806,0.749072283,0.76150824,0.627055678
904643,0.141279558,0.176858875,0.153445569,0.12004577
300090,0.761775922,0.753148882,0.763907274,0.77633576
967953,0.792466361,0.775468591,0.783743646,0.78699881
326820,0.664005519,0.696468581,0.67086743,0.778910889
754211,0.807869693,0.78518709,0.792121005,0.820575234
640598,0.649057658,0.664001677,0.663186458,0.669372732
366548,0.618364277,0.643675105,0.621580018,0.687954409
309532,0.144147247,0.179336347,0.152904681,0.11206862
525257,0.73794801,0.744807079,0.742621171,0.717825125
861804,0.826670173,0.78982936,0.805137754,0.857278698
671557,0.806099895,0.797587056,0.80566492,0.785850842
198291,0.133441737,0.149715168,0.137324505,0.124510566
992706,0.151800981,0.170241786,0.149485745,0.074597108
832133,0.717269464,0.724838743,0.724394759,0.803736757
546489,0.807911362,0.79103893,0.795742517,0.831902477
944237,0.786390069,0.779373074,0.780978048,0.813179913
821755,0.826324755,0.79650466,0.815904738,0.874301749
930822,0.099623071,0.13109251,0.109867442,0.087293705
387588,0.824765853,0.812216692,0.820050928,0.833593308
708020,0.799196007,0.790688214,0.799122338,0.743482835
793705,0.171294745,0.172924872,0.167719125,0.104342602
392759,0.148593832,0.171403801,0.152618852,0.109497305
739840,0.774130241,0.769146801,0.775400604,0.774692513
210991,0.694829872,0.71650803,0.701222211,0.704569486
674067,0.127522249,0.149484405,0.137198153,0.095432732
284126,0.148581119,0.181097105,0.149912851,0.1226786
843456,0.091228277,0.127079042,0.102820087,0.066501077
937937,0.821533449,0.797878928,0.811974103,0.821381569
158523,0.823819747,0.809523245,0.813976503,0.852105773
954204,0.730738819,0.750881243,0.733406978,0.765599104
622729,0.743372433,0.749194352,0.74602688,0.832042383
980144,0.818946868,0.791008884,0.804928779,0.821753018
400395,0.126726208,0.144388047,0.125940353,0.08973847
981863,0.799549488,0.796450624,0.797220178,0.769808057
964596,0.198581001,0.191874105,0.194487334,0.086184436
271135,0.167839799,0.175842877,0.168261919,0.051220649
105632,0.785099772,0.786748114,0.785338442,0.787315937
371037,0.171056576,0.198107539,0.171314222,0.133438559
463734,0.105312392,0.146088207,0.113498162,0.073209497
381943,0.115665747,0.135282796,0.118961393,0.078825326
146031,0.814922926,0.799118389,0.812743117,0.840759559
129258,0.738119694,0.739555052,0.739889763,0.783926136
507899,0.780801388,0.787380337,0.783159385,0.702840831
671381,0.773482684,0.769881133,0.771069706,0.742435507
581924,0.11083763,0.144971621,0.118380976,0.047403704
404565,0.840798425,0.81595163,0.820560351,0.895143013
110435,0.076335082,0.128024532,0.097113071,0.073238438
267408,0.782989096,0.753038807,0.775682763,0.645831413
227577,0.128161542,0.158211852,0.132870701,0.088101675
754105,0.760530846,0.562029333,0.670959513,0.809227612
880826,0.651110658,0.701292271,0.680044138,0.622381491
311462,0.750511637,0.754761043,0.752555581,0.798302052
213729,0.723263219,0.738974121,0.730121788,0.733001629
192464,0.169813227,0.190041527,0.171550892,0.112843678
810472,0.795360037,0.790332911,0.790927472,0.791688385
782552,0.816251819,0.801039212,0.805729528,0.807904881
615246,0.840859401,0.820293561,0.827685989,0.938361186
556670,0.742750811,0.745311172,0.742822361,0.8316284
428779,0.792753917,0.781575679,0.781580708,0.810087156
243322,0.794466902,0.768060567,0.789905023,0.793517798
862927,0.698785176,0.694531974,0.699869846,0.719151791
380891,0.741947654,0.750457752,0.744237479,0.762499272
796144,0.685817299,0.691124696,0.691279467,0.75179207
332319,0.733937122,0.736068254,0.730898171,0.8294268
855385,0.124357433,0.1710503,0.13357648,0.176554686
550063,0.728433146,0.725449081,0.731215951,0.658946878
200098,0.172668671,0.175522536,0.167390098,0.174678806
533117,0.159884573,0.173222289,0.156424281,0.107625312
612749,0.805993519,0.785950602,0.805669938,0.758913447
248874,0.094950771,0.128887218,0.103769209,0.036667416
514141,0.136403921,0.162033419,0.14603392,0.091242576
210183,0.723888856,0.736322883,0.721154639,0.700417249
934781,0.732435189,0.743681507,0.734358579,0.719345803
839265,0.815346725,0.806606219,0.809680104,0.883126032
352036,0.774110353,0.771934058,0.781274222,0.675318384
440785,0.122776294,0.14566679,0.127902017,0.094611153
627854,0.131264415,0.154078631,0.140881129,0.096430935
698724,0.09427425,0.141410514,0.109859274,0.052254749
294676,0.641379934,0.675031395,0.656008133,0.609689086
151818,0.710570273,0.720471307,0.711857505,0.726412786
896586,0.146002794,0.140013552,0.135604231,0.131774043
722114,0.750576192,0.7469035,0.753925118,0.711852066
400788,0.777609685,0.763989546,0.784147012,0.690371027
660643,0.810583484,0.77867844,0.790368087,0.861416206
793346,0.082984102,0.119592947,0.097032024,0.073506042
985843,0.746601665,0.719764665,0.735159434,0.793571426
712577,0.786717053,0.770479778,0.78154516,0.824532914
580160,0.15915881,0.195168457,0.167966143,0.133386454
855122,0.746541453,0.75821917,0.748391694,0.74109983
472152,0.116976003,0.140335832,0.123351914,0.083822622
362912,0.810664503,0.800305763,0.80935545,0.762576636
969752,0.723002304,0.730273817,0.729551768,0.793454536
993542,0.169252997,0.177073835,0.161988058,0.31557201
195056,0.823509881,0.811889502,0.815615555,0.752506985
552471,0.181432852,0.186716515,0.176113158,0.098381445
808112,0.137218604,0.169934575,0.144727172,0.147087035
428474,0.779822447,0.765689638,0.782478347,0.722535489
893359,0.721498008,0.738511968,0.727079993,0.786830379
259326,0.843172556,0.825475045,0.835076603,0.796128339
943924,0.746721686,0.74145507,0.748172502,0.757227465
819703,0.827862244,0.816123889,0.820402846,0.807283077
806560,0.803011278,0.780124805,0.792956298,0.834152695
638443,0.778600718,0.773210669,0.776132305,0.792064543
823695,0.089407385,0.124859655,0.102495509,0.047673831
606702,0.827910591,0.819807065,0.819398283,0.841627595
390274,0.740642753,0.75093729,0.747889124,0.819093247
990132,0.742991901,0.732086116,0.734016088,0.686223565
709479,0.693284665,0.690166587,0.697687063,0.710490773
869494,0.723651987,0.724655317,0.721205279,0.744170117
929283,0.862260974,0.84335508,0.855067797,0.833710015
940648,0.116896765,0.142503345,0.129868333,0.071655828
874726,0.757272077,0.761338396,0.758037958,0.809693834
530449,0.824050895,0.793152543,0.8079145,0.808860985
777202,0.124795633,0.154360278,0.13964978,0.072873779
998202,0.784112353,0.796378305,0.790052351,0.655789183
656126,0.213819461,0.200274081,0.188324986,0.193937299
942078,0.789986161,0.792309383,0.791654211,0.760338114
134721,0.814867019,0.794823342,0.796867305,0.877188608
776938,0.83053529,0.808658631,0.820412574,0.821358284
493075,0.097469777,0.126172637,0.108229003,0.059407501
545718,0.785873367,0.784719541,0.782855934,0.799234909
644733,0.760894181,0.75013283,0.758720827,0.722992558
774485,0.095229757,0.126635705,0.107616403,0.104381376
515220,0.757185248,0.75425709,0.755836253,0.847439701
981905,0.726422277,0.687623142,0.715011698,0.78373304
965067,0.779364366,0.769708824,0.775185972,0.728645241
518893,0.130945008,0.147963655,0.134641727,0.114342662
511022,0.691109487,0.709405666,0.685884323,0.789471533
388945,0.782924891,0.770800443,0.769800701,0.807127647
831886,0.670472914,0.674482474,0.671748695,0.676280164
748692,0.647903883,0.664721398,0.65382738,0.57747427
859114,0.824070127,0.809062968,0.813561519,0.891665509
734682,0.781187552,0.788560662,0.788243249,0.822421745
879096,0.111012617,0.143253469,0.120458178,0.098654398
851678,0.12329555,0.149094662,0.134013064,0.094798502
525853,0.865908723,0.858572368,0.85841699,0.898332349
857313,0.82464446,0.794389508,0.812256361,0.800203578
227745,0.728103184,0.736676521,0.737821282,0.776432794
648282,0.789370142,0.785760775,0.781269134,0.829097283
300278,0.763944712,0.749344719,0.754534776,0.740615203
393302,0.098546623,0.126243308,0.110539925,0.076402279
157910,0.177767353,0.183996232,0.175247099,0.093767727
107997,0.851155477,0.832745552,0.839772953,0.859251105
135548,0.727333625,0.741396291,0.730601644,0.768776315
103619,0.774020756,0.778223176,0.769693711,0.767984797
362946,0.795390036,0.785625465,0.793844742,0.791780977
938003,0.092195495,0.117801352,0.097272276,0.035382317
807433,0.809056654,0.788396452,0.801152275,0.783528505
300764,0.101555187,0.136444746,0.113428457,0.111013707
486914,0.734736038,0.74054871,0.727866885,0.822437898
686911,0.726025564,0.730660473,0.72517791,0.778616938
238928,0.814466492,0.831111642,0.818040288,0.707909213
646016,0.844753449,0.8046369,0.825277504,0.838785203
610013,0.837659699,0.803121634,0.82083611,0.811616491
341006,0.753981272,0.743064063,0.747021181,0.785395023
415225,0.739283765,0.704831567,0.728622988,0.764542844
709409,0.137013144,0.156056023,0.14858618,0.072738821
819511,0.124002667,0.15928628,0.129621601,0.088987551
606025,0.109788428,0.135008098,0.118487694,0.037993304
222563,0.809568448,0.788312271,0.799222628,0.780011562
170882,0.851592244,0.843570209,0.843571318,0.900013417
683053,0.81523238,0.79784357,0.807193534,0.815249096
689133,0.118535775,0.158923994,0.126474551,0.133366121
147074,0.73796487,0.736089098,0.732647464,0.77744739
266496,0.805197411,0.788043396,0.799058176,0.880465554
932145,0.782103591,0.778220711,0.785682177,0.701761543
865732,0.809978134,0.803128975,0.806525319,0.800815721
790417,0.713648917,0.725270482,0.72000405,0.723634087
770077,0.139305794,0.165763451,0.146028698,0.122356654
155669,0.127039445,0.159103299,0.136309131,0.099745338
843197,0.785553613,0.774476617,0.781543554,0.761882978
145907,0.769868619,0.767638282,0.764375602,0.776525126
394289,0.861674703,0.857779384,0.85988562,0.85357221
716611,0.115985341,0.13360681,0.116791275,0.05216779
577953,0.757594404,0.755111759,0.754864812,0.793314838
564684,0.149438805,0.166902388,0.146080626,0.082344474
243856,0.82209532,0.809985029,0.817312981,0.835412766
822801,0.785584777,0.77451018,0.784553379,0.842518855
467649,0.766098468,0.765253397,0.759429643,0.84805849
668503,0.735273703,0.740870637,0.735489284,0.829622456
723525,0.774107222,0.777803756,0.773956468,0.778691142
801348,0.821086812,0.815520071,0.81481461,0.840116565
104639,0.116380729,0.157966918,0.128298755,0.069799897
250108,0.846873554,0.827767005,0.836072738,0.868371635
258236,0.862894525,0.849788989,0.85546816,0.874222699
286342,0.12883789,0.148361349,0.1308911,0.104346159
519494,0.751683149,0.731079406,0.739642932,0.774842972
909175,0.09930121,0.134539522,0.11018102,0.091326358
315112,0.756927233,0.75404314,0.75840867,0.605052786
326967,0.833353621,0.832741118,0.833191158,0.856450909
206159,0.769796285,0.765440034,0.771166129,0.804769762
294747,0.781457759,0.768831067,0.770778842,0.834852754
277519,0.836693866,0.827221759,0.827848165,0.80743124
852696,0.875677797,0.862257884,0.868719271,0.805724636
803374,0.11239411,0.145639445,0.122692769,0.090808983
953468,0.130084779,0.151695015,0.130819563,0.090583146
640410,0.813989247,0.794199445,0.804834704,0.8014557
559763,0.108784869,0.154785578,0.120996709,0.072282024
408304,0.138452814,0.156965283,0.14971947,0.079483064
890561,0.880092557,0.860312768,0.870601157,0.897796375
674435,0.766546771,0.780020677,0.773910374,0.809807871
519053,0.119809253,0.153007908,0.127873504,0.079338146
944571,0.765385281,0.759221858,0.767665138,0.780068549
615967,0.659568093,0.689664425,0.668023277,0.803117694
470982,0.735453586,0.735003721,0.735704227,0.752847882
266210,0.734635607,0.734576068,0.731573198,0.778836608
213653,0.084364499,0.12274092,0.099837654,0.073903365
205886,0.717162105,0.744055262,0.723055126,0.707153935
668876,0.798814854,0.794270278,0.800648238,0.809675544
854753,0.798842943,0.782265676,0.791517167,0.7695461
975985,0.680718571,0.698782531,0.688881298,0.625601901
144636,0.165041817,0.16240529,0.162312893,0.099996712
373702,0.833575859,0.622217485,0.74351493,0.840665596
751057,0.793420928,0.784517199,0.782581887,0.755419351
988179,0.150001236,0.168506449,0.150817026,0.163491821
836151,0.765023781,0.760620907,0.759693931,0.789991123
199551,0.772228647,0.7700117,0.764668436,0.773739594
230403,0.717045411,0.717348093,0.714915172,0.819198262
508803,0.717865965,0.724093158,0.718480073,0.612127019
898813,0.793774876,0.767880876,0.780657497,0.810557287
264170,0.788053221,0.78829493,0.790397597,0.854337028
472387,0.179918077,0.170627198,0.165362486,0.089134331
221377,0.219950243,0.197228574,0.198487032,0.080121926
804911,0.086604372,0.117761221,0.096596993,0.055950483
157592,0.835928483,0.824767574,0.831920244,0.843114029
366587,0.725698675,0.727214424,0.72593938,0.733623443
706969,0.802167412,0.801491948,0.799115557,0.753122816
561151,0.807153486,0.791423132,0.800217728,0.852939189
384544,0.738641934,0.729999737,0.736700539,0.82263145
451004,0.761106873,0.74958358,0.756460292,0.770972724
934193,0.119622764,0.152041755,0.124659477,0.10414822
197865,0.82376731,0.798115712,0.815060364,0.811988221
833557,0.797382953,0.760372394,0.794342877,0.795445024
383116,0.790223235,0.769177434,0.777197615,0.805544399
993358,0.751021299,0.762354313,0.756814623,0.761431394
321689,0.766962191,0.739879025,0.755255787,0.724059075
685083,0.827674007,0.806851404,0.824765995,0.805079844
666125,0.783744545,0.768395214,0.768821151,0.767963901
409023,0.761623461,0.762114544,0.759642515,0.761157956
516818,0.69040897,0.68348606,0.691251445,0.785581207
960917,0.806239631,0.799909326,0.794867281,0.817986719
812702,0.845365063,0.824096145,0.835592171,0.893671514
929897,0.770632119,0.768004889,0.765201846,0.772695228
393077,0.7444723,0.72697006,0.743192806,0.766948555
338333,0.816608874,0.800253169,0.808736938,0.831485896
150567,0.777706158,0.767625919,0.770262975,0.846249584
822257,0.799435285,0.794148211,0.793185186,0.839697956
559477,0.088633387,0.118968855,0.09995555,0.031235047
482805,0.738676345,0.732710571,0.739609037,0.722758289
834519,0.145555949,0.156646071,0.146844899,0.093552729
351760,0.71906077,0.719536265,0.718154023,0.765478507
515449,0.095642905,0.13669046,0.106119281,0.09932381
884026,0.827016839,0.808644911,0.816038128,0.831587534
863203,0.183069628,0.202840453,0.191717284,0.090270261
696402,0.790849747,0.783441278,0.792153075,0.849066268
463242,0.765832256,0.763861164,0.762442794,0.752836906
881726,0.793900234,0.77674526,0.785811482,0.835226037
692507,0.875302153,0.856293597,0.865236689,0.91136881
408807,0.77242404,0.758603534,0.771956105,0.751590462
259341,0.639541251,0.662616728,0.64374106,0.787473356
190341,0.820113165,0.795589337,0.808166264,0.83288967
814338,0.125499609,0.153094315,0.132496823,0.103245705
684859,0.755790733,0.758484775,0.755563242,0.758533519
437587,0.812662675,0.789038169,0.804607813,0.8354649
707188,0.733951008,0.740573131,0.735719628,0.556203202
995779,0.784597477,0.784811456,0.785209062,0.750468617
433999,0.829546996,0.803555311,0.816444445,0.825034067
713976,0.786997007,0.774441534,0.782368247,0.793151655
380318,0.760941633,0.745172125,0.757645302,0.815303624
781467,0.202907961,0.186772076,0.181979545,0.108012429
159511,0.75135783,0.760390365,0.752890108,0.855733701
302523,0.733773677,0.731572005,0.728121546,0.695853847
455985,0.774155494,0.757235519,0.763929887,0.772212529
545761,0.123046142,0.155547604,0.135155172,0.102802057
538585,0.792463395,0.792484995,0.794361004,0.770303882
906671,0.848442488,0.824779639,0.840037988,0.789023381
274594,0.807325452,0.81133145,0.811313873,0.828133932
100782,0.122698314,0.149891713,0.130926507,0.070146617
255542,0.727422146,0.73883906,0.733605107,0.713924983
144341,0.861785768,0.847758218,0.851203288,0.870051316
870903,0.680955691,0.70971712,0.690754014,0.791988032
107288,0.792625541,0.788728953,0.797957705,0.813181907
311864,0.749932379,0.759664639,0.752662768,0.779461649
953984,0.121866884,0.144037557,0.131681539,0.096929297
832167,0.649730262,0.662016928,0.661008384,0.734483724
935768,0.117293721,0.150930032,0.125613385,0.095747315
133555,0.788902499,0.782592484,0.783661106,0.804629771
397822,0.714560245,0.724253301,0.710331858,0.793668978
978066,0.822780479,0.800962417,0.820361184,0.827385634
581246,0.856361319,0.839994356,0.849593839,0.820275564
370593,0.783157021,0.78280261,0.777012967,0.765310417
971482,0.624072748,0.666625963,0.647082176,0.596077872
618591,0.749914253,0.60817697,0.702279953,0.568098318
676131,0.637326252,0.655235879,0.646592175,0.620413025
524368,0.648849027,0.655942565,0.657986349,0.726716697
532316,0.782368234,0.767941861,0.774221851,0.833915699
882458,0.733372729,0.731964127,0.735635528,0.754423907
544577,0.716940034,0.717771326,0.723651873,0.608656914
272639,0.868800587,0.843919098,0.858720577,0.870641352
581634,0.792226709,0.790067266,0.788332364,0.789137036
939852,0.733759411,0.712807265,0.725390813,0.781851334
475482,0.76762601,0.761175752,0.763354994,0.809586537
106241,0.763417351,0.761797591,0.768155292,0.75926875
678770,0.827759086,0.812075541,0.816568489,0.84916472
348125,0.863891169,0.840490533,0.8563386,0.902413587
365355,0.780811169,0.757251828,0.7701151,0.814688458
186302,0.803058199,0.798129224,0.801829928,0.820160478
932165,0.767367766,0.751023514,0.757194021,0.820217066
861260,0.153677351,0.167795994,0.154239921,0.115397296
489098,0.818260597,0.805100995,0.814314506,0.844456318
219669,0.122740906,0.159934191,0.132923103,0.079489015
250654,0.819028905,0.795301902,0.805775116,0.784892295
249314,0.765552578,0.764391039,0.767867093,0.768967027
208355,0.780886745,0.775379922,0.77399926,0.818078546
444958,0.789420553,0.780099192,0.788279661,0.743594844
105399,0.87969719,0.848465842,0.866030766,0.939518181
972415,0.75642625,0.761295098,0.759453381,0.732954379
633349,0.119419391,0.151227761,0.128351693,0.103352833
236320,0.843447109,0.620850657,0.749591096,0.803947424
704980,0.161549845,0.190762854,0.168185017,0.08279255
627820,0.133861524,0.154249584,0.1419344,0.094795649
732483,0.157160841,0.198664064,0.168234952,0.107817652
814485,0.166777907,0.17191272,0.159394541,0.097893517
880275,0.800330046,0.796948723,0.793832356,0.777685213
315690,0.772327699,0.765894498,0.765121184,0.803062865
913964,0.839110694,0.798075601,0.81942511,0.778704394
641456,0.111601207,0.157095749,0.119585979,0.186147949
186902,0.756481724,0.756023788,0.745906621,0.81404264
414349,0.76583314,0.762477634,0.764863434,0.741932832
426923,0.15874989,0.184414795,0.167837596,0.103025442
216298,0.134912306,0.146315148,0.136146021,0.077815823
917682,0.108940411,0.138448198,0.116732779,0.091445038
653028,0.121293618,0.140151932,0.126865099,0.052293036
732186,0.124391382,0.152866211,0.132969114,0.06655108
464644,0.091721905,0.128044181,0.10644568,0.091566885
193356,0.705683953,0.713417173,0.719525177,0.720884727
948497,0.112817231,0.147467031,0.123329219,0.081941219
714332,0.120448318,0.166445237,0.133449391,0.165980184
873897,0.100264243,0.127749349,0.109292708,0.063662403
983121,0.765569812,0.764133382,0.760095642,0.806927413
112656,0.093257465,0.130440258,0.102779777,0.036109853
627662,0.782780391,0.758042863,0.767434013,0.782091184
453219,0.152561721,0.196738281,0.164554745,0.121816741
438484,0.705589709,0.725033468,0.708947322,0.846906753
689240,0.764461683,0.755443247,0.765556269,0.780707051
325435,0.690664836,0.708504553,0.700290957,0.633899235
947010,0.775036415,0.773849294,0.779828556,0.764057905
933046,0.827137394,0.803387745,0.810688865,0.817362267
704122,0.831127077,0.829098681,0.830004092,0.912159388
263500,0.78755669,0.782760371,0.786756956,0.781208484
809802,0.842347718,0.845142759,0.839598543,0.866394519
960931,0.816746341,0.800613776,0.809393287,0.728957705
664566,0.787805373,0.778140563,0.782341967,0.834756075
811194,0.764691122,0.77447378,0.769766001,0.794796016
503951,0.666744876,0.713020886,0.683752407,0.530522563
630546,0.825297933,0.816270547,0.821257322,0.839773517
233933,0.101388136,0.138702997,0.113858318,0.085444823
127034,0.712886821,0.707248263,0.713880528,0.777647807
920725,0.09901881,0.143277604,0.11087558,0.104922981
390962,0.803921716,0.770442638,0.801463912,0.761069125
568881,0.092066604,0.134205326,0.106279204,0.120954498
421712,0.739331967,0.737896049,0.740656726,0.74647781
787180,0.836035324,0.818521491,0.827546476,0.868773665
164413,0.860144038,0.835156421,0.847632023,0.794857169
764584,0.903700276,0.872422235,0.888729726,0.838159668
318884,0.829744581,0.785982561,0.813060283,0.827714903
819570,0.851743405,0.822543193,0.840252835,0.843589288
707004,0.135562221,0.168859895,0.144147238,0.063289821
318655,0.856472256,0.84642748,0.846690078,0.907288142
919591,0.759057895,0.752082639,0.761012733,0.800069262
931900,0.819468969,0.807816865,0.814153079,0.815925026
221171,0.759286306,0.765949627,0.754866462,0.714669816
855956,0.843225944,0.838845945,0.836700574,0.933519591
738425,0.749160168,0.75406417,0.748497389,0.74044828
595827,0.720493158,0.725776255,0.724389971,0.759482051
357163,0.756356571,0.750157134,0.752018208,0.812841516
999031,0.812205955,0.78170117,0.802774125,0.812148084
820131,0.137249008,0.156152599,0.139768733,0.099837809
759478,0.823526078,0.802514776,0.809884519,0.837572427
255200,0.839336084,0.811864654,0.825657642,0.871170775
545104,0.770611007,0.767940765,0.768523528,0.796556036
160892,0.125671831,0.156055687,0.130950647,0.064792477
705093,0.840040944,0.824500204,0.825347626,0.9624402
413697,0.747411819,0.744368589,0.740542067,0.748671323
701915,0.790902689,0.779986688,0.781299838,0.823448858
894305,0.75368095,0.755853863,0.751663115,0.790720078
402009,0.858838669,0.843844915,0.850661007,0.835460617
558692,0.759608717,0.764985186,0.764818188,0.807118216
396035,0.090206266,0.121550701,0.101008928,0.056865942
446739,0.606796983,0.653177751,0.632094298,0.572096939
928640,0.844167033,0.826940861,0.837965585,0.797656936
109325,0.76381964,0.758822948,0.759078123,0.811424551
742403,0.878489328,0.864529516,0.863512685,0.876440878
249327,0.850898277,0.838066548,0.84397585,0.937618162
826976,0.824514422,0.697210359,0.782331615,0.826104529
874262,0.677440545,0.694695883,0.68176102,0.727812383
442909,0.107039799,0.135563693,0.120698743,0.04568082
821196,0.093645889,0.123081304,0.108401389,0.042743969
267272,0.171388634,0.179685554,0.171325344,0.114351117
952444,0.76826202,0.762055301,0.762107681,0.782404089
628383,0.729180055,0.737193822,0.732258063,0.726454002
557274,0.124762867,0.143583123,0.131377487,0.065277039
177041,0.807140579,0.799809073,0.802720333,0.867478021
212608,0.798267464,0.785510274,0.791003679,0.724363708
676539,0.756569427,0.758528779,0.765889573,0.887711484
876687,0.791188471,0.784596129,0.788856951,0.807080094
535976,0.827960786,0.794957462,0.814202906,0.798020366
848891,0.78950147,0.765145431,0.781576198,0.817018454
671730,0.650574906,0.675561848,0.655073535,0.751221507
179047,0.715638475,0.716720369,0.705440583,0.81361904
664463,0.782185915,0.763605324,0.772026806,0.785108933
338069,0.782219278,0.774174659,0.777142794,0.786474333
821161,0.815008322,0.813534822,0.807945511,0.818855657
791303,0.140786204,0.147814756,0.136194377,0.176551558
469087,0.138899907,0.163877083,0.150974441,0.0688926
110920,0.78491956,0.775726349,0.778457267,0.816346049
406022,0.776729567,0.773739054,0.774391455,0.719726349
566021,0.158898995,0.186401023,0.1585536,0.107689901
543780,0.877880863,0.856015357,0.866061035,0.930912619
551719,0.094315844,0.127428587,0.106248684,0.080297957
195013,0.65387933,0.65829524,0.659311897,0.702415602
907452,0.819044774,0.79146844,0.812234006,0.827185147
305313,0.888649336,0.85747816,0.881045653,0.903399807
344279,0.080592735,0.122305814,0.095335569,0.044979544
577154,0.895104481,0.864000808,0.875064882,0.992944984
667425,0.728759988,0.736698718,0.733193987,0.703584727
445362,0.742475794,0.724077862,0.743633615,0.760953545
826722,0.782985625,0.781376377,0.786252764,0.803701128
131853,0.794743084,0.786163186,0.787423839,0.781948854
286852,0.151240735,0.170661196,0.157425603,0.132046567
847322,0.743113214,0.738247797,0.743045494,0.770886317
120099,0.680787487,0.696453078,0.676876098,0.686647274
900084,0.807895286,0.799136502,0.80441545,0.893292437
581269,0.814966794,0.797662913,0.807729246,0.858341774
190988,0.707267272,0.721486607,0.708746023,0.829007276
460250,0.884335325,0.864368631,0.875054929,0.898650176
970874,0.809376637,0.787502144,0.795459883,0.816781283
964885,0.731344354,0.726093566,0.736223118,0.702752165
564556,0.102361531,0.139726771,0.112166035,0.065073216
440203,0.730940963,0.727121896,0.728869897,0.649843122
864455,0.732984018,0.739147495,0.736691616,0.790851615
104903,0.76389315,0.756729464,0.758444691,0.769424063
361511,0.106279614,0.127612636,0.11687406,0.11997527
778775,0.704861599,0.744003047,0.730791644,0.727655169
709633,0.748020017,0.743262019,0.751870339,0.759295794
677609,0.793811318,0.791281887,0.79473649,0.804953773
121268,0.730243051,0.742161753,0.736988878,0.721363484
578904,0.849417993,0.830532639,0.838635544,0.894277501
720753,0.60484049,0.582853504,0.597217646,0.563307819
162421,0.118651687,0.157933083,0.136124276,0.058064052
426656,0.745661019,0.736049535,0.747020704,0.762973283
781981,0.758037383,0.755840264,0.751639705,0.848038262
835983,0.784667203,0.784218945,0.7891015,0.808214141
285631,0.779335939,0.773384201,0.779063709,0.746094167
516603,0.774464742,0.773663016,0.772275383,0.801078699
540935,0.790493779,0.778284872,0.783887581,0.797646553
445005,0.152907671,0.175398382,0.158745005,0.184512677
880363,0.7056763,0.72240457,0.712948039,0.799038584
928620,0.627730026,0.668358542,0.648046574,0.495254539
667322,0.763990471,0.754864634,0.760652032,0.691625034
931343,0.097657348,0.138693607,0.109807736,0.094420039
761283,0.10466182,0.13146617,0.116979973,0.052912784
973764,0.775235929,0.767974963,0.767742032,0.785782193
753645,0.126558577,0.153692421,0.135058485,0.098010882
909938,0.115818145,0.142712265,0.126139856,0.096333757
200009,0.789880578,0.776789074,0.786665517,0.790765951
936543,0.138432204,0.167799259,0.145298015,0.120232156
275738,0.837105174,0.660080237,0.782243026,0.838554698
950426,0.081014517,0.126410707,0.096472661,0.100673587
426866,0.859530577,0.842724538,0.846881234,0.832844676
264728,0.749264398,0.756843043,0.752462902,0.75695465
871925,0.139415982,0.14533031,0.136740128,0.091670734
494194,0.757132828,0.766864382,0.758056116,0.714834666
715892,0.17508918,0.20640638,0.187110299,0.031055816
860740,0.678296726,0.690380491,0.684584585,0.535544295
391918,0.777369429,0.770763511,0.773331446,0.8179186
926168,0.763851837,0.774495725,0.755398851,0.884131584
721598,0.742112992,0.737402383,0.740663332,0.69199536
443074,0.856755578,0.846925387,0.852235547,0.8548944
631054,0.114980195,0.162655806,0.128604836,0.06056677
173569,0.780300992,0.785115372,0.780737496,0.800458303
509928,0.788734726,0.785956906,0.780979403,0.848057935
226406,0.13135747,0.166431284,0.140861329,0.060528176
636714,0.722068914,0.731166586,0.724751758,0.779769728
654767,0.147175086,0.164994335,0.153163258,0.095425122
899374,0.7447319,0.743104397,0.74375163,0.772518058
654915,0.689075652,0.714237481,0.704443749,0.85521733
176375,0.761745993,0.721142249,0.74414724,0.70311805
149181,0.139927786,0.154055592,0.147773053,0.059375812
846186,0.164251863,0.181515537,0.16113917,0.125113157
348079,0.142033002,0.167131703,0.153094151,0.099154823
757936,0.76734742,0.76475545,0.766037467,0.817960027
391073,0.742384488,0.760076858,0.749925596,0.687809561
147006,0.871936504,0.851418084,0.864653917,0.86901068
897454,0.838354637,0.830696449,0.836976406,0.892647246
405254,0.752798324,0.752525618,0.754132629,0.746298552
173315,0.085749155,0.114534292,0.093867,0.049919729
511334,0.108533867,0.137891557,0.119769621,0.125370472
804051,0.822351612,0.780311794,0.809548542,0.82064415
312064,0.08879572,0.138611949,0.102887311,0.03493037
789000,0.120179661,0.162926987,0.135305484,0.081354632
511148,0.811054786,0.795690346,0.801956375,0.875813654
630576,0.818827205,0.797701707,0.805751744,0.853268769
603466,0.766539347,0.75962818,0.761440549,0.819414246
123465,0.865053424,0.830905136,0.848063461,0.870410257
114710,0.781719903,0.749544988,0.764258849,0.75045269
293934,0.85122051,0.794789777,0.818638275,0.856897035
907552,0.098711733,0.130473437,0.109808297,0.06210565
599286,0.76585354,0.764148921,0.767446863,0.804590889
627084,0.853623491,0.82356764,0.839149942,0.808410247
217317,0.786139833,0.756094005,0.766980498,0.81721241
188475,0.779205053,0.763725113,0.773934709,0.796968515
810727,0.742228154,0.729180314,0.740638623,0.784247305
412944,0.787042577,0.771668013,0.775425605,0.83445762
535253,0.670801586,0.679517447,0.680074822,0.701217098
175523,0.12284262,0.156571501,0.134745991,0.083216475
419037,0.782114224,0.776973273,0.774213119,0.779997591
286641,0.811068654,0.796617975,0.801410591,0.857741682
849570,0.82482971,0.811997686,0.821714792,0.802428441
273104,0.847154431,0.822849007,0.831366912,0.810596781
508001,0.771968558,0.787775419,0.778299461,0.891934366
757735,0.807417357,0.792812484,0.793202871,0.878409992
482007,0.702105868,0.712403044,0.69848323,0.769540631
478229,0.671292973,0.686412947,0.678912591,0.698361483
419170,0.203059714,0.215357779,0.198552591,0.159497909
223876,0.786549155,0.773756193,0.780010611,0.807068517
311321,0.800973904,0.788803151,0.794977585,0.800473942
360039,0.870819348,0.852375311,0.863507853,0.870582241
225420,0.81276753,0.786640768,0.801512383,0.816322031
376192,0.767869467,0.767534639,0.764084146,0.871197554
351556,0.137392804,0.173982664,0.144000683,0.087487419
481100,0.747620916,0.747945517,0.752136934,0.765180394
566275,0.82513966,0.804114741,0.812268479,0.858559505
815199,0.75757565,0.758223167,0.764208263,0.807677269
585553,0.802996,0.785147048,0.790984834,0.771478445
474987,0.831097439,0.801314461,0.816266227,0.86384737
649765,0.72091105,0.733508114,0.724852722,0.808711251
823626,0.813550202,0.796587944,0.803552314,0.841210863
847341,0.789596026,0.768067861,0.778435998,0.693714931
562282,0.829275662,0.811129825,0.818536062,0.79848979
982210,0.10207801,0.137767048,0.113285069,0.101348927
469282,0.798735945,0.763603555,0.791465767,0.759961936
711473,0.695594463,0.706744046,0.69978816,0.728703266
722741,0.787246819,0.789078655,0.787117921,0.780490914
131787,0.849731298,0.828927563,0.836852271,0.884887781
241205,0.744043779,0.742935073,0.748755724,0.738072019
903720,0.74189118,0.750801479,0.745125013,0.800105735
763264,0.846509899,0.832912023,0.838276342,0.853849405
111205,0.784913362,0.781684438,0.781280977,0.728494356
243453,0.144731882,0.162503102,0.145211972,0.142929232
741024,0.803177398,0.798965785,0.802252485,0.79603355
932307,0.781379728,0.770987197,0.773901633,0.822230089
685097,0.74149144,0.736980049,0.741438171,0.753630597
273178,0.100214952,0.124226614,0.111821201,0.112208738
684312,0.848582787,0.819447863,0.829362177,0.88463533
282480,0.73941335,0.743209635,0.742273447,0.728997092
497407,0.143494306,0.15891313,0.142393601,0.108072076
494613,0.806110474,0.810057411,0.810438561,0.844743899
248712,0.787588167,0.781962678,0.773047856,0.817676589
224504,0.115456123,0.144525264,0.125755945,0.068179657
840718,0.775477648,0.773597033,0.773826433,0.811861049
400245,0.79112222,0.777126292,0.785565028,0.83921663
918560,0.11479979,0.15818485,0.128193973,0.06692555
857394,0.809564847,0.797511846,0.796907009,0.827262249
330666,0.707750505,0.720494384,0.709499503,0.762907311
229434,0.744374761,0.751366428,0.754778013,0.730664221
130472,0.75853301,0.76147389,0.755752423,0.807748269
941816,0.808105432,0.789124645,0.797331622,0.87671584
332753,0.110254505,0.138609839,0.120431585,0.072911816
197259,0.790080203,0.780999072,0.785416721,0.863775219
687200,0.670830305,0.696351106,0.674154735,0.809646681
530657,0.758178115,0.752105979,0.754359339,0.637300775
231980,0.733582783,0.736678926,0.735071706,0.825262425
503483,0.744393932,0.747298085,0.756739424,0.820244942
828114,0.792707985,0.783825045,0.788817919,0.849716597
593037,0.842386428,0.820603633,0.829728722,0.816936098
922614,0.868661635,0.847777333,0.85152963,0.826714116
609138,0.812883228,0.807326858,0.809871942,0.849305149
951397,0.14596932,0.180986113,0.163998649,0.097575723
176407,0.809465185,0.794831665,0.801310065,0.825630412
977357,0.778698762,0.771128778,0.776347351,0.798788699
130414,0.817534957,0.802101601,0.811938041,0.842690941
838898,0.112335205,0.136241363,0.12061695,0.092859414
275468,0.763916851,0.74782246,0.749154355,0.824198425
360513,0.830685512,0.815118862,0.827631506,0.932548506
663453,0.728352437,0.731341687,0.732303455,0.678331926
793511,0.095710736,0.137267615,0.109628201,0.06462324
592103,0.769833299,0.755211531,0.760486875,0.785932819
288178,0.802364885,0.791746425,0.797209606,0.785154033
800018,0.698060794,0.721153403,0.709651787,0.795140177
131126,0.768856316,0.759237961,0.760865091,0.784525425
710401,0.861074456,0.848590566,0.853869619,0.889661647
386393,0.102541919,0.130970062,0.118289362,0.056730835
859462,0.14976899,0.166203179,0.158878868,0.071551942
107248,0.14670032,0.159544235,0.144673373,0.103804953
707565,0.800034916,0.776379841,0.786761394,0.829885343
102257,0.788073031,0.772891889,0.782646897,0.810720269
343260,0.839176012,0.809617922,0.820672798,0.904179945
214345,0.785335349,0.768892193,0.777386421,0.873395414
578180,0.213295121,0.227396372,0.20554762,0.150971562
994131,0.150729934,0.168373231,0.155517496,0.087130963
390944,0.823818542,0.811009796,0.819164257,0.834235852
730269,0.716249657,0.719076663,0.716315611,0.655957238
239260,0.783687745,0.768188966,0.775774472,0.794639026
476634,0.723850441,0.728824705,0.724707147,0.806348188
897492,0.803886491,0.769353768,0.791533201,0.825142196
222216,0.723710674,0.726275342,0.728068604,0.729131836
960971,0.71720019,0.727337799,0.724422501,0.762693759
432035,0.820901916,0.800725882,0.812179664,0.750946394
886336,0.771794848,0.757992991,0.765956772,0.870631794
154702,0.802833342,0.783307032,0.791904722,0.839058191
273036,0.828771759,0.810386427,0.817735258,0.882336668
687979,0.770245694,0.750965509,0.762671292,0.786817647
967782,0.760977843,0.763386983,0.759261888,0.744384361
962978,0.652933253,0.690439969,0.671883476,0.583739758
344184,0.803316348,0.803041531,0.804743393,0.754142654
715788,0.8503859,0.821959788,0.833637295,0.785242567
705124,0.111643299,0.142217884,0.122832521,0.125871739
506675,0.162468485,0.178566285,0.168394498,0.051028964
385153,0.728919601,0.737088281,0.728439705,0.778883961
950040,0.839094825,0.825217976,0.839049934,0.784169343
448405,0.747922202,0.736999929,0.745264476,0.771820001
162615,0.820579811,0.805524549,0.819198764,0.946660224
120000,0.712600014,0.722656217,0.718294724,0.748007335
148141,0.776985074,0.760245447,0.773321926,0.803486209
707965,0.779561734,0.778973239,0.780034004,0.851087872
603017,0.74871929,0.738584625,0.742913238,0.79549104
116671,0.839216305,0.825770371,0.833544236,0.879378294
128141,0.799265528,0.798675341,0.797129149,0.815155277
636745,0.699725283,0.705862504,0.702658466,0.669244038
265912,0.714608386,0.729900497,0.719928154,0.682213532
782302,0.657974025,0.66905318,0.662254135,0.622015959
946518,0.157265711,0.191448581,0.161942276,0.097095733
519532,0.696497234,0.559076716,0.661926489,0.712064606
146436,0.134436082,0.160310182,0.141348398,0.105207168
246585,0.824141469,0.806377903,0.810969922,0.874156435
948009,0.868202261,0.852359801,0.860346999,0.897796375
217478,0.774913484,0.762453766,0.763732108,0.834587635
678349,0.763193938,0.754802069,0.757363645,0.791856991
295918,0.833684313,0.812201018,0.824636786,0.777659182
713347,0.726234675,0.740283732,0.73111996,0.783293394
550850,0.793107593,0.785296591,0.785099265,0.790138806
943300,0.810162483,0.794228106,0.804200079,0.755222537
806999,0.663281207,0.713860745,0.688895325,0.654357463
743514,0.744706746,0.748842952,0.745742023,0.724090547
701772,0.880285957,0.843864167,0.864877793,0.944791981
141029,0.729557952,0.738358234,0.729134533,0.742722646
636354,0.129673029,0.172101862,0.141436111,0.077172827
651063,0.719346763,0.718431707,0.726095814,0.664879702
990335,0.798618305,0.784890274,0.788155178,0.880281481
492490,0.771357265,0.774193181,0.773157857,0.576695622
799438,0.719546267,0.716413376,0.722276741,0.638527824
126140,0.719888919,0.721047395,0.720904341,0.767515294
970790,0.751419923,0.745528839,0.748285605,0.800159618
560322,0.203049061,0.196760878,0.187846163,0.148269674
921152,0.128187787,0.161164612,0.134830507,0.089879069
796605,0.859002267,0.853247427,0.852991774,0.879508723
596665,0.140968108,0.172123979,0.147806447,0.099670253
319619,0.16008442,0.191080972,0.160994492,0.172803226
376324,0.702207657,0.710764419,0.704944607,0.752692227
951614,0.756074811,0.763775568,0.756540941,0.883128948
547096,0.760637957,0.740769823,0.750828759,0.736267434
575449,0.742758231,0.739942036,0.737726953,0.812717192
218610,0.862977696,0.855613517,0.853686853,0.93423945
585776,0.759539524,0.759503487,0.758353743,0.8035365
826849,0.729437543,0.737121014,0.730673353,0.745015833
166117,0.143843193,0.159999444,0.142082205,0.119466204
436753,0.170619623,0.176572813,0.163287421,0.241235048
448508,0.813865762,0.795704652,0.807388885,0.816328629
604478,0.80736775,0.797186565,0.805923051,0.845952122
960613,0.836777957,0.823740272,0.826895,0.809029813
956804,0.659051711,0.675120102,0.671652198,0.722133155
717941,0.144813127,0.173175162,0.156013703,0.103598905
172795,0.746324445,0.752919279,0.750181451,0.803810092
494639,0.68121956,0.699040036,0.688529009,0.650181481
250763,0.85635107,0.817332274,0.842500544,0.865420939
318503,0.810953889,0.805550837,0.809187367,0.820765455
266800,0.807198518,0.804296457,0.804875252,0.903128758
171013,0.737035441,0.722626152,0.732593358,0.64003054
693075,0.716138922,0.731655999,0.715796899,0.768662223
423339,0.188381364,0.191672726,0.183579536,0.103974373
772179,0.15381695,0.176600725,0.164527168,0.086325144
479034,0.785988118,0.773651115,0.780161985,0.803491311
754994,0.116136971,0.149243212,0.123817231,0.098719692
884561,0.704964289,0.719334168,0.704489027,0.718527868
445352,0.592804827,0.660349601,0.62195959,0.584580166
408585,0.540102309,0.429496045,0.493253172,0.769171234
785793,0.762463996,0.7717704,0.76145741,0.794205053
714620,0.804621149,0.77124983,0.786888516,0.773641782
483187,0.14803894,0.163650957,0.145253625,0.123332546
367738,0.769350442,0.758023004,0.763916108,0.750035274
183996,0.100112484,0.132800206,0.113170613,0.078768413
466933,0.770532853,0.779675908,0.77131889,0.826279108
959665,0.110889052,0.139030446,0.119758143,0.062252636
490778,0.752579821,0.768496723,0.757890341,0.845377372
781466,0.537177595,0.596968529,0.56703696,0.591990651
619780,0.704553606,0.722301038,0.715657293,0.713206686
437612,0.112701413,0.139095877,0.126866094,0.067146492
802280,0.799328651,0.796026523,0.796225104,0.827878645
885428,0.771485327,0.785138119,0.778404669,0.756707587
759479,0.219476298,0.215742018,0.213815661,0.077130996
596720,0.781889801,0.62253073,0.733284634,0.75440752
951372,0.813751744,0.8008763,0.803541955,0.780485217
775907,0.80808079,0.792590214,0.797904455,0.840316537
738731,0.801652546,0.802572961,0.804696829,0.826573653
250839,0.741465416,0.752636397,0.745243925,0.662250625
196251,0.135609126,0.149507655,0.139219569,0.055496834
358613,0.837505441,0.823920672,0.826779236,0.750026448
829274,0.774338332,0.77798003,0.779556748,0.764984072
145975,0.726287958,0.726373102,0.721142388,0.788716922
499629,0.806741653,0.78903148,0.794459847,0.839952686
518172,0.761151886,0.768339673,0.766092286,0.839907168
868649,0.839371236,0.815031187,0.824879456,0.831169308
831465,0.117663631,0.1417282,0.120529563,0.098321535
738780,0.093921834,0.133029013,0.10751334,0.090857129
626096,0.178911888,0.175003277,0.175785933,0.069341331
966135,0.657175517,0.665934694,0.652885709,0.763109453
830815,0.130460417,0.153460296,0.141442223,0.085589801
265386,0.127327061,0.171195266,0.143179152,0.075917134
794213,0.104492279,0.142208408,0.117200091,0.086845618
957610,0.788116211,0.786836463,0.783297203,0.831375427
869455,0.804719205,0.788732138,0.794847517,0.855968789
902179,0.11564182,0.147010286,0.122409673,0.07580734
791697,0.814057252,0.797356244,0.807841855,0.845513643
148848,0.106043855,0.138526961,0.116998701,0.07202207
552930,0.728041264,0.733476618,0.723104259,0.749190023
147627,0.833364688,0.814389749,0.822282017,0.822233293
782072,0.788463273,0.772571355,0.777882525,0.704583241
339805,0.720508948,0.730124576,0.717317112,0.727102436
868937,0.736200732,0.732263772,0.734928389,0.761424366
891058,0.70995197,0.715178192,0.712395436,0.64763287
831492,0.761380219,0.774193442,0.766965035,0.874242279
259021,0.762981264,0.74046684,0.743195556,0.796142785
523145,0.799011808,0.796922779,0.795925069,0.823314781
415688,0.827888045,0.806192097,0.821718661,0.825023696
364547,0.744451435,0.726077216,0.739047173,0.728314124
282641,0.793776101,0.796735057,0.79304505,0.755956878
264757,0.76876868,0.772792643,0.772193483,0.833550522
453703,0.12942666,0.14967797,0.134566049,0.079207631
731497,0.792873267,0.790835771,0.788275058,0.854688804
933937,0.117875949,0.142412945,0.124225243,0.106648529
223373,0.799781003,0.791768462,0.802038295,0.738988016
933418,0.662884222,0.646279791,0.668138871,0.56136723
217046,0.777244561,0.766562978,0.771311236,0.69237864
177629,0.089630897,0.126752277,0.100994745,0.085426725
753865,0.817161634,0.808040007,0.813831493,0.785894067
526732,0.790114117,0.773325146,0.779583789,0.856468094
708861,0.156498361,0.165023457,0.154908638,0.129976223
854995,0.137376984,0.167782311,0.144659414,0.092019234
556115,0.790673243,0.785665687,0.783357567,0.85219408
733440,0.708000834,0.703959176,0.706764536,0.63939988
987572,0.140041678,0.174319094,0.15499911,0.132385963
587358,0.133157524,0.154218573,0.138166805,0.090108923
466817,0.871422463,0.853255975,0.86250279,0.843345599
385582,0.735613389,0.736662958,0.73486425,0.781235283
802645,0.69911406,0.690593459,0.703515467,0.738213333
300303,0.817406859,0.806106196,0.816600173,0.750467292
219525,0.787128477,0.774130151,0.773910687,0.816979119
409128,0.111423116,0.146717262,0.125254873,0.080733861
832022,0.79242701,0.792041995,0.79271321,0.769222574
384855,0.791499575,0.726695522,0.765281077,0.708345943
547141,0.760234377,0.758296326,0.754280551,0.758835181
761578,0.816812264,0.813118613,0.815281158,0.851226374
490151,0.15287918,0.158261476,0.146359386,0.148877397
964832,0.097288941,0.133400512,0.110951157,0.050986804
945457,0.100766608,0.138611443,0.110572884,0.077737636
189557,0.660806602,0.695280626,0.680642888,0.607912674
614382,0.602236028,0.654223901,0.629643498,0.575878778
834338,0.691739361,0.690356155,0.690808793,0.630261821
198971,0.726558465,0.733272772,0.729145977,0.756766804
752635,0.112862309,0.13879527,0.117282797,0.097833426
918774,0.801436789,0.793881533,0.793992687,0.852498313
451234,0.749163207,0.753617489,0.750786345,0.830546196
875402,0.849796329,0.830383553,0.836895437,0.868689253
232223,0.078619484,0.126606363,0.091293048,0.072972206
679045,0.865054328,0.838249705,0.849560544,0.86207544
244004,0.78393362,0.778946469,0.780254575,0.821240454
733220,0.683292715,0.672782289,0.674000348,0.645591077
647081,0.837740014,0.806273285,0.817287949,0.839200492
827041,0.84504101,0.83272115,0.837636561,0.827778952
318886,0.878365704,0.848457505,0.861928076,0.983512735
127075,0.769333909,0.762490145,0.77059044,0.774027882
608152,0.148067441,0.193562013,0.157958559,0.100021834
557021,0.847048854,0.837740044,0.837969251,0.837828971
374036,0.117639176,0.152107211,0.124806572,0.084704239
686080,0.79193922,0.784271438,0.784404641,0.819825457
259541,0.801577848,0.779771331,0.787394332,0.84040631
211199,0.799167761,0.785788613,0.789879072,0.779704414
394979,0.792575403,0.78450074,0.786275026,0.835313932
831582,0.754373826,0.757110612,0.752911977,0.801939782
409384,0.79910851,0.766084397,0.791807886,0.834956605
100806,0.75003282,0.757583827,0.746292045,0.723323792
629562,0.736964784,0.71428584,0.728135595,0.661518304
846834,0.799193126,0.787065235,0.793197472,0.789110382
143478,0.783191581,0.781002143,0.778749985,0.811076498
377637,0.668460219,0.675126266,0.677415712,0.613733224
649401,0.176598591,0.176888744,0.169873202,0.192533104
906791,0.701296716,0.721338796,0.712214763,0.777664313
262672,0.855558529,0.844078511,0.846270684,0.832543632
732739,0.810710561,0.800455526,0.80401726,0.784923643
760843,0.676481048,0.683052017,0.675509245,0.662692326
136274,0.79346163,0.77999933,0.779404644,0.813674042
266153,0.073240678,0.112125311,0.086294331,0.058845562
580122,0.801382517,0.793949334,0.79485908,0.7957624
455198,0.659473758,0.677916608,0.665051137,0.780047657
782801,0.141307058,0.144225636,0.130866711,0.067501467
113357,0.834013387,0.809857108,0.816409059,0.870986744
366087,0.811588177,0.804696945,0.809352996,0.832574249
211379,0.724618781,0.734203515,0.726986714,0.810011374
714418,0.874271312,0.848134567,0.858052261,0.967196154
295515,0.676237227,0.684547654,0.683464872,0.7706479
566600,0.763887435,0.755169792,0.754967385,0.766922957
975442,0.795788882,0.771187318,0.788621227,0.802864573
552097,0.740092863,0.741733189,0.738038416,0.82233505
498359,0.757326712,0.74640236,0.749392652,0.773260632
246280,0.769375178,0.759701281,0.766260214,0.761027909
252752,0.707765961,0.702757596,0.707815787,0.69919653
226187,0.796472386,0.782875443,0.788973012,0.845466165
372938,0.790495699,0.7803241,0.783929715,0.813903709
262955,0.106095962,0.129481745,0.112685679,0.064087442
730188,0.840622566,0.822507226,0.833687721,0.743704344
255718,0.853922075,0.828597509,0.83871813,0.922898984
888143,0.11565363,0.138308671,0.125394043,0.056951628
364967,0.133463955,0.161648257,0.139145371,0.110656457
322475,0.111739906,0.140090148,0.115909092,0.075848295
811745,0.792265122,0.786276992,0.775542533,0.823516595
272129,0.861395496,0.842220149,0.852436839,0.872916483
615976,0.881197898,0.859465376,0.874375585,0.83879331
192136,0.156066919,0.18930227,0.162257701,0.101510955
893925,0.824771414,0.810389561,0.815505683,0.823672208
952523,0.70532312,0.714596593,0.710828318,0.772837316
486829,0.093779217,0.136447721,0.108652375,0.02562107
300023,0.742511767,0.743575249,0.74492881,0.785141548
709861,0.128337863,0.148240307,0.135830432,0.086432924
280950,0.781745562,0.769619979,0.76841069,0.803526955
442569,0.783441637,0.770797377,0.771733661,0.920521037
104139,0.717591865,0.722301291,0.715127627,0.773711157
762750,0.122060969,0.152530744,0.130385189,0.123740137
583890,0.606843795,0.653436608,0.622791877,0.62676067
510447,0.09850931,0.122958912,0.106866191,0.03731912
228045,0.725148036,0.734378874,0.721467779,0.785593194
556479,0.821109368,0.806732412,0.810101453,0.775468822
959875,0.888996556,0.86182704,0.878524178,0.81614077
589856,0.087484154,0.123259527,0.098761909,0.062546366
248909,0.089518161,0.112816926,0.097207238,0.063427048
991518,0.726505177,0.751400793,0.735502282,0.635640317
236173,0.199290063,0.213677152,0.197734453,0.124138424
573439,0.703433684,0.704433622,0.704764116,0.638962151
443659,0.737196978,0.729621113,0.733084219,0.788435851
998097,0.849812449,0.821675425,0.833859572,0.836989577
410477,0.732056777,0.744220798,0.744193063,0.807727908
656147,0.75519166,0.744376536,0.74775635,0.797548138
905735,0.869371368,0.820454876,0.842024725,0.870681402
632551,0.131920396,0.159702552,0.131978176,0.153217384
981460,0.164373438,0.189527185,0.167148403,0.120748476
938820,0.738848079,0.74928471,0.745411469,0.720735959
532094,0.725485743,0.750239082,0.736793015,0.768543026
299160,0.754314731,0.753438232,0.757408742,0.694842886
548887,0.775115653,0.768661764,0.767666193,0.786459538
407133,0.826553839,0.821245965,0.818663017,0.800299252
318329,0.735689884,0.741405702,0.733397578,0.819132955
857574,0.737189558,0.735306469,0.738049822,0.876334292
493214,0.877833636,0.858949835,0.868863637,0.873683045
746866,0.774266014,0.772969701,0.773047874,0.755380894
717242,0.814915926,0.79571172,0.807186982,0.87457411
107835,0.58575026,0.61429166,0.599425281,0.589225989
322908,0.77885935,0.745694469,0.761708028,0.786380317
191738,0.760268233,0.752337195,0.754855792,0.793651619
380609,0.729776576,0.711754026,0.723773477,0.777059869
437340,0.764857004,0.755718591,0.761299217,0.79381435
357622,0.72966613,0.745262942,0.738159634,0.639967327
886050,0.169897314,0.200380442,0.173377157,0.113004975
856515,0.601139665,0.651410256,0.622210814,0.629103131
448852,0.111112975,0.137385423,0.120844995,0.103088262
521774,0.803918027,0.805572174,0.806007416,0.754347032
605044,0.778850251,0.746582625,0.765963665,0.790299696
377804,0.731027366,0.722146004,0.725556974,0.760184587
750210,0.842511865,0.812483524,0.823958876,0.902297338
627277,0.815730946,0.813451518,0.807826234,0.868342597
939425,0.0827133,0.127378002,0.098604962,0.049868623
868953,0.812527056,0.797609365,0.801752324,0.855219089
928838,0.814978442,0.800628385,0.804374353,0.870443399
637428,0.749886096,0.743799706,0.754224488,0.73980326
967307,0.816031121,0.811646529,0.810122768,0.819136948
307066,0.220503817,0.216797258,0.216764277,0.185706417
696645,0.816037443,0.793583367,0.807124207,0.771035434
651700,0.140942656,0.155434377,0.138855675,0.064745766
447592,0.09676656,0.128066932,0.109663904,0.059516092
832203,0.658341491,0.697014336,0.682763716,0.651713878
115523,0.126437896,0.151965932,0.138774393,0.060550009
291105,0.734411434,0.731279885,0.731908389,0.732279971
965827,0.721831232,0.739545332,0.741859218,0.720390634
923876,0.816128827,0.791528108,0.803855072,0.805652351
473176,0.734640684,0.732443924,0.730274529,0.767170466
819374,0.71925576,0.73379129,0.728534665,0.741918027
740230,0.091771864,0.125676247,0.104238517,0.084566904
848032,0.152648538,0.168412154,0.154350656,0.106465332
137122,0.720455901,0.73659064,0.722067312,0.791541101
675584,0.180328788,0.198332907,0.174003961,0.098938048
315999,0.787409179,0.795400943,0.781312607,0.771632585
609134,0.171071765,0.17207029,0.168125356,0.154017974
848994,0.802627712,0.796841562,0.795804449,0.803646495
588715,0.741903128,0.745320632,0.74286335,0.673810016
237773,0.800521038,0.770730108,0.779514147,0.742075603
612877,0.708962756,0.704180124,0.706486481,0.59006578
739921,0.118275198,0.132908698,0.119669624,0.104782051
967169,0.160417565,0.198432798,0.167552009,0.104982235
454086,0.795764116,0.785527619,0.783020883,0.78293238
153970,0.78146667,0.751775277,0.775309641,0.746788892
297287,0.105500761,0.139753661,0.115794467,0.05636677
317052,0.763422825,0.755846564,0.759190512,0.784479403
959506,0.7433801,0.73653264,0.745096881,0.665944844
434784,0.756651718,0.755270559,0.757270196,0.75525205
827660,0.768949445,0.76687176,0.763730039,0.76494911
732649,0.796711948,0.785028301,0.787698794,0.814334804
601585,0.822168902,0.830782971,0.817633931,0.805384343
444998,0.115381155,0.138359027,0.123474178,0.056754155
412607,0.782941176,0.748938932,0.76730101,0.795402853
859320,0.774107502,0.767433442,0.774920239,0.723060131
892440,0.798804836,0.799234576,0.794737002,0.777893796
340256,0.797685039,0.787328193,0.795763989,0.727808737
649381,0.751480168,0.755794722,0.753461687,0.808650378
669744,0.691688662,0.715905257,0.701899183,0.829554437
521818,0.753365053,0.755650329,0.752207731,0.754683152
574114,0.873610818,0.855361459,0.863654733,0.889112533
479421,0.210533314,0.180615986,0.18553906,0.119474781
651772,0.847645151,0.8487432,0.843902181,0.839884845
791137,0.797244169,0.799034863,0.798263595,0.827077838
124463,0.701936834,0.710148264,0.698992485,0.744959691
299847,0.705674049,0.715154721,0.711757529,0.739079881
729045,0.767419419,0.759031496,0.762118157,0.807813141
902616,0.776830403,0.774621489,0.778535408,0.805873046
838635,0.772976606,0.776676995,0.773435754,0.771016712
755334,0.745939832,0.752580608,0.744986756,0.824748702
424865,0.69965485,0.719864919,0.707683177,0.706641073
706161,0.160060155,0.176599064,0.167884901,0.077680464
310124,0.131780686,0.145615716,0.127528425,0.085637955
407510,0.756556588,0.770169121,0.765078327,0.803408423
896386,0.775463315,0.775699281,0.775641323,0.812645594
806336,0.813811919,0.798484382,0.805141267,0.835251464
989293,0.816256941,0.804953525,0.807555277,0.846286514
520121,0.826749423,0.813505257,0.820932344,0.810076552
696333,0.805352669,0.793599922,0.797244445,0.803541295
931552,0.832654765,0.840443914,0.830306912,0.793426123
953242,0.110765919,0.132457795,0.113368722,0.138808138
723048,0.775320349,0.77337713,0.774603142,0.776594527
580972,0.131364129,0.151125841,0.136698578,0.106171419
533905,0.131621535,0.14435558,0.131442468,0.084158403
426571,0.108530734,0.125427276,0.112100074,0.041602748
167687,0.849339946,0.829429085,0.841591666,0.846355835
800637,0.129663208,0.153434381,0.135885278,0.112378552
837283,0.104804578,0.139647197,0.119212193,0.064127125
975819,0.683355692,0.691480206,0.673869544,0.71732976
207827,0.125805018,0.150105341,0.129500158,0.074397153
153316,0.808766128,0.802482207,0.800678651,0.928044056
285833,0.789406529,0.782613576,0.784603703,0.854844878
670803,0.789310543,0.775660579,0.784379695,0.793151655
365773,0.730326567,0.580689015,0.688835952,0.700768377
837404,0.77597682,0.765947431,0.773684129,0.805071304
325785,0.774351985,0.774848575,0.770954605,0.792308516
397259,0.814712354,0.816259369,0.816989923,0.908128858
373903,0.102573855,0.135538003,0.111978105,0.098327646
348149,0.663651978,0.680951096,0.677043508,0.740940308
826235,0.147891212,0.175393994,0.154205093,0.093144787
522226,0.703501656,0.718021861,0.701080908,0.687288689
702188,0.83788799,0.832478321,0.831629624,0.851792743
624905,0.792039562,0.774840836,0.782146767,0.783521708
804115,0.750653606,0.750903184,0.745318177,0.709073645
609982,0.168192963,0.196236712,0.168751959,0.126526409
793670,0.786042037,0.765127422,0.77546599,0.768490055
364352,0.138721876,0.170739004,0.144655646,0.122530086
281408,0.769225159,0.779144378,0.76469297,0.862707452
449344,0.144080217,0.163101279,0.146488726,0.119780795
984503,0.112874174,0.151846376,0.124804578,0.069983718
107006,0.642636433,0.677810051,0.657188748,0.707990868
464050,0.834400135,0.816530633,0.823277148,0.824539743
778779,0.767504946,0.765642351,0.765259527,0.821870066
758968,0.800256426,0.79208139,0.798075851,0.819098258
107355,0.797432765,0.786726772,0.793278055,0.825750633
832451,0.764239907,0.766724229,0.774990989,0.851747964
907264,0.664241907,0.675182672,0.668383508,0.746958918
177787,0.662486961,0.670948698,0.673992699,0.548647076
464869,0.709248283,0.69983072,0.707286343,0.70129034
563012,0.122274825,0.151090814,0.131156827,0.111852312
690199,0.719195467,0.532771177,0.640760011,0.724649948
992287,0.099700399,0.135565976,0.115282844,0.094733153
565842,0.789979457,0.790797354,0.784022629,0.750256301
993924,0.09447943,0.130928413,0.109493525,0.095260782
967084,0.148391984,0.156209478,0.148530992,0.103519161
313115,0.72683562,0.720386224,0.726937464,0.806895182
520128,0.805096365,0.801808513,0.802620377,0.800922529
974964,0.744046109,0.750324297,0.748492069,0.818187861
830915,0.844882618,0.823831906,0.832961631,0.863835198
333614,0.820826752,0.79189255,0.809553583,0.854343304
899249,0.164772962,0.179716834,0.171123007,0.107763129
155339,0.749277191,0.729010162,0.740369428,0.735818833
879258,0.744158525,0.737900433,0.739953485,0.76125415
925702,0.759992233,0.753623387,0.759589054,0.738573631
424165,0.79735769,0.780769069,0.780031181,0.836885642
845638,0.800031636,0.791525883,0.791360802,0.836419901
586334,0.749942586,0.735334351,0.744132674,0.675774821
135169,0.766349743,0.767594354,0.762458251,0.765882413
626778,0.727864201,0.732872559,0.730091144,0.677720006
312094,0.836128066,0.800973796,0.816798651,0.77644757
747676,0.744400005,0.745944032,0.742239583,0.812518033
434039,0.807280676,0.779394823,0.791075416,0.859343585
523759,0.753722552,0.766781719,0.761379665,0.742510547
440463,0.781376712,0.781822034,0.775815122,0.819403557
805756,0.719840786,0.720016394,0.718077422,0.735350281
950296,0.856117921,0.84092857,0.845191206,0.840550387
414443,0.832366699,0.810863291,0.819143771,0.905280668
105071,0.784510916,0.648384586,0.743626681,0.790354382
302262,0.798014828,0.783130144,0.789727201,0.815709624
586589,0.780137548,0.774976599,0.778554146,0.785262762
276778,0.836530607,0.823257889,0.826605828,0.817057505
489087,0.197048723,0.22815535,0.198048937,0.075758254
811518,0.818004814,0.820283548,0.816408157,0.83056619
287435,0.721032731,0.736964465,0.730702426,0.712235636
148518,0.796711603,0.77249693,0.78694997,0.814786052
242010,0.797055574,0.781798758,0.787495465,0.806168045
832584,0.107659796,0.141030128,0.123497064,0.090749188
349020,0.665653957,0.538099877,0.63230442,0.572348001
426291,0.799112251,0.795584782,0.79645542,0.821363196
904946,0.720901504,0.714252592,0.711339457,0.728253012
111267,0.726667258,0.704430424,0.718872171,0.619608786
979418,0.109662681,0.138014695,0.120173041,0.097790562
488570,0.099908351,0.137478389,0.112786956,0.081597725
909244,0.763582291,0.751893243,0.758913613,0.769576494
427885,0.112958765,0.155006011,0.124761908,0.076947184
226856,0.800459862,0.790418623,0.803032157,0.760405161
139756,0.104818882,0.14049892,0.115255878,0.080492739
114933,0.738064698,0.750210061,0.742306551,0.812875565
445972,0.135199237,0.167112751,0.149112339,0.097824463
327778,0.181166404,0.202198826,0.180973914,0.130295961
138034,0.671532245,0.692122037,0.688228613,0.588295925
438420,0.812342433,0.80911988,0.807333292,0.817711327
622705,0.096581792,0.132223815,0.110558044,0.06841463
578783,0.822524506,0.794737789,0.806331421,0.808607367
855041,0.204034267,0.207882655,0.193180553,0.12924039
802965,0.762514508,0.772690953,0.767308742,0.792536398
269829,0.831270727,0.799369391,0.81977356,0.81815921
789885,0.119278402,0.148862065,0.125424347,0.078680807
187443,0.75283079,0.745213359,0.749475707,0.710819527
442619,0.848267943,0.830340807,0.839394521,0.879879897
822638,0.808606435,0.798552631,0.806111095,0.821540862
827083,0.128912574,0.176476831,0.138065397,0.126859518
239061,0.11325577,0.146194445,0.121610218,0.075891302
257193,0.797502585,0.775098601,0.783645776,0.680832939
398510,0.118854641,0.14332813,0.125550723,0.067996981
681420,0.774194189,0.786017447,0.777469962,0.720716885
696886,0.8280338,0.81672892,0.823494693,0.797580149
742581,0.198241409,0.201802473,0.199304948,0.095618552
492794,0.743389016,0.743090031,0.744451101,0.81145463
146127,0.815769445,0.801947634,0.810884901,0.966428527
982202,0.724531457,0.70059487,0.71441313,0.80712549
299823,0.78217646,0.776932623,0.778870939,0.786268264
348704,0.742019164,0.742949616,0.740092768,0.759000146
675060,0.110930306,0.152430246,0.121547705,0.102975344
643799,0.809507726,0.794146455,0.800622173,0.794595977
403092,0.734607999,0.730047787,0.733102188,0.853819998
531039,0.806634617,0.799032083,0.801508325,0.808956454
303425,0.731766316,0.742118538,0.735403733,0.717879381
318556,0.709126369,0.72370358,0.713932019,0.724891031
547406,0.780318177,0.780796236,0.779641716,0.777378884
161545,0.732671943,0.726059992,0.731235805,0.653600546
424546,0.184383401,0.200916167,0.184787868,0.120254342
756870,0.754530504,0.773849107,0.761357912,0.677825553
916724,0.645369126,0.512601879,0.612792731,0.710123145
677509,0.717514571,0.720468175,0.726743378,0.813149323
701560,0.133096268,0.148937492,0.137009916,0.109059604
142868,0.112153225,0.130516027,0.117316227,0.035968009
551331,0.125499595,0.152936749,0.134997033,0.075750558
525127,0.735394339,0.744804886,0.738820646,0.764613629
146609,0.775166819,0.763166815,0.771076127,0.774956218
617451,0.695392461,0.668193479,0.69216812,0.601453102
396437,0.725522326,0.727435815,0.72816893,0.758087134
516554,0.796240968,0.810269958,0.795964268,0.290884058
665619,0.688335331,0.703551915,0.693855165,0.74293542
985872,0.098073819,0.132425575,0.110618732,0.056998246
134014,0.693588374,0.697070745,0.687528718,0.77659114
316757,0.119183078,0.144806765,0.129340801,0.050767301
730445,0.766703374,0.756630333,0.761507721,0.755158886
307378,0.862796963,0.840023528,0.851841299,0.864874422
333879,0.705271606,0.717541968,0.710798819,0.745077722
336820,0.655690932,0.672974482,0.651913872,0.216854254
845838,0.276801207,0.257392515,0.25572512,0.200020462
431277,0.747953753,0.752185445,0.750087784,0.762223424
134158,0.819069385,0.801184925,0.80491007,0.825798051
649588,0.631049457,0.643002338,0.63868663,0.620838259
170427,0.76727477,0.764645571,0.761750312,0.803694227
992834,0.110047028,0.126701486,0.116482911,0.059059763
784266,0.719819061,0.739259885,0.729363624,0.569909137
574835,0.666075193,0.703136514,0.70030471,0.54441403
915989,0.759803619,0.750268487,0.750454509,0.754978046
973550,0.767518765,0.765810455,0.769583904,0.785726047
928099,0.100219732,0.126975318,0.108504821,0.0819814
121072,0.850016195,0.817024854,0.839850532,0.873047864
934621,0.673566806,0.682243508,0.681501505,0.643015636
957213,0.869118439,0.848163297,0.853348641,0.913121237
810155,0.687400676,0.700820051,0.684006925,0.813308745
959938,0.784604424,0.776242983,0.776231431,0.862516991
270865,0.764061447,0.760785749,0.759197512,0.774433069
881087,0.739617382,0.747708236,0.744874002,0.740770844
359454,0.788992363,0.751183889,0.773081922,0.754039221
236446,0.859286221,0.840789053,0.845051354,0.921047341
522209,0.750033007,0.748020173,0.752733483,0.698495714
275499,0.65642333,0.685782201,0.659309688,0.647905826
531334,0.77461062,0.776599099,0.778196661,0.804315496
832333,0.671703342,0.693928725,0.680498148,0.802878438
637254,0.732434917,0.737704042,0.738940763,0.719026241
823113,0.850546438,0.848814857,0.848128048,0.778973962
277726,0.788533003,0.795684319,0.787675715,0.79143279
889764,0.721639439,0.731664451,0.723930324,0.810955244
236920,0.778325183,0.772769315,0.770736089,0.771003213
717150,0.675247122,0.690495016,0.675472241,0.713569486
535456,0.12408862,0.143328838,0.128611422,0.08723879
304356,0.749669263,0.746298478,0.752237469,0.732795378
277760,0.648668641,0.708054354,0.678544061,0.59939266
944030,0.804237778,0.788136516,0.795296441,0.693118851
971465,0.699997186,0.709700877,0.704408075,0.681054082
273865,0.78385447,0.750906967,0.761441429,0.785561003
547703,0.098924361,0.139995373,0.111698991,0.070768414
318071,0.190187819,0.227024495,0.197299317,0.166309386
285923,0.827837775,0.830148149,0.826536409,0.811470493
935390,0.083561825,0.110389244,0.097756569,0.052246323
565275,0.130826088,0.168127645,0.141535681,0.056888621
732603,0.709517895,0.688523496,0.70691051,0.707250833
479219,0.718840366,0.571769481,0.670467329,0.735228619
363151,0.73082121,0.727740546,0.731005877,0.714979744
963694,0.102451519,0.132244574,0.110449839,0.100117109
536052,0.805092753,0.798431765,0.795626135,0.795593026
136316,0.782268731,0.778498743,0.779397478,0.882243853
233761,0.101187206,0.129174099,0.110118716,0.072005056
333489,0.678433867,0.673473491,0.671903099,0.628379005
540257,0.809561663,0.802605355,0.800078317,0.898463343
668697,0.770510578,0.760897729,0.76206984,0.768984334
828696,0.823919467,0.801275291,0.811986956,0.870690346
857354,0.188762093,0.182482194,0.174228802,0.147831843
204429,0.838707635,0.818195706,0.824261647,0.721051164
135292,0.806106092,0.794313455,0.798690954,0.852022879
540001,0.114755578,0.13392307,0.119064048,0.07515811
832723,0.712538136,0.713694071,0.713414001,0.681780502
952020,0.812777199,0.643995909,0.75422149,0.847471935
428975,0.15677412,0.165684247,0.155734293,0.12866842
786393,0.773736768,0.749641661,0.763987626,0.736396648
755249,0.714519418,0.719395089,0.732699002,0.780681074
365163,0.138077007,0.152280296,0.140633542,0.086664501
493881,0.748588365,0.743584519,0.75509137,0.730077675
883505,0.137063251,0.148958706,0.139619133,0.091689734
311013,0.820425666,0.801848933,0.81362385,0.800156655
717460,0.830075059,0.807828838,0.819974727,0.883983967
469998,0.765924218,0.767206921,0.76404967,0.814271902
795340,0.789351903,0.78973562,0.786673015,0.843142413
272271,0.731468884,0.748120467,0.732348762,0.77652958
377428,0.798073326,0.786919822,0.792771991,0.921957869
995591,0.753838142,0.759806138,0.756658024,0.818954323
743708,0.832282257,0.814195425,0.822925787,0.842592727
564560,0.862378157,0.838521718,0.852485515,0.872525362
262921,0.878210103,0.853064654,0.86507184,0.895388477
998786,0.785657292,0.77965108,0.782758299,0.76338597
455177,0.585426538,0.626691933,0.592529766,0.719387652
807011,0.767651507,0.759382489,0.762724073,0.819769462
730200,0.723490331,0.732747894,0.728188388,0.854205636
274529,0.854510739,0.827724418,0.83930825,0.869400687
156815,0.767980978,0.754006053,0.761902616,0.797613129
226079,0.734225588,0.73701402,0.73586239,0.706963968
312881,0.611986188,0.675489934,0.644109065,0.555399123
397426,0.790414846,0.78146407,0.786695064,0.779407539
107015,0.764403395,0.761021445,0.761961432,0.755150328
328503,0.762206043,0.760701504,0.76284931,0.802881165
761222,0.808505925,0.779920286,0.790752467,0.782839526
236693,0.789823989,0.765264188,0.777175606,0.813792607
304202,0.845619872,0.826874687,0.831811022,0.852220621
783602,0.747547288,0.754883153,0.749048082,0.756112153
659325,0.854303992,0.833297984,0.839673735,0.8482669
356880,0.15125479,0.193204275,0.166619078,0.091344439
307484,0.09917669,0.135855038,0.110247578,0.096516485
882400,0.798291348,0.788691685,0.793353459,0.82782873
337901,0.138360498,0.166672799,0.145399641,0.106884179
160298,0.815248564,0.805598875,0.805647029,0.842724017
739104,0.142654279,0.163103962,0.148272093,0.08563465
766800,0.119744169,0.144665291,0.130935383,0.084124021
158651,0.736395399,0.746655443,0.740616486,0.718757162
266681,0.605643858,0.655265153,0.628589729,0.676526901
181010,0.154704969,0.173448859,0.160562153,0.089988656
737027,0.857034408,0.834157462,0.84944235,0.883661071
187129,0.774413307,0.771086937,0.768733051,0.842871118
264552,0.08060675,0.130506113,0.100877842,0.087960546
827368,0.124688061,0.157271305,0.134783031,0.105858827
373104,0.114502078,0.149731139,0.126268207,0.097154805
453326,0.734839597,0.742903833,0.743059989,0.590317449
216994,0.822275374,0.803702905,0.804789463,0.826722176
760537,0.794654952,0.777260149,0.783068328,0.809991263
669364,0.774086167,0.769296876,0.77329599,0.737845758
780492,0.777668824,0.770980486,0.775492321,0.796979581
700311,0.794770356,0.789638811,0.783128124,0.800376744
131460,0.850357569,0.829886895,0.839403022,0.856714442
830135,0.202538789,0.202995178,0.181588161,0.058103492
516644,0.091650244,0.122274741,0.104124184,0.087921504
728626,0.791394575,0.770272948,0.783552831,0.813878054
805234,0.730662885,0.739499935,0.736389571,0.77441119
302408,0.110475319,0.140333975,0.118512668,0.078538571
370575,0.812570389,0.797222365,0.808692179,0.794675762
215161,0.614862227,0.670818591,0.63816253,0.552414522
421321,0.110743755,0.150357744,0.120482697,0.096511462
774522,0.121948145,0.149663644,0.127845346,0.102275348
707574,0.802733463,0.7818854,0.790564094,0.775426787
883585,0.680397181,0.705800224,0.695761968,0.681764366
984319,0.799095681,0.782236202,0.793592078,0.762790472
217813,0.823186429,0.805030252,0.815855513,0.86932449
304533,0.698896873,0.689952352,0.69332955,0.651277381
782710,0.905724715,0.861700004,0.882591941,0.932335524
498267,0.763261772,0.755232956,0.76948794,0.713166874
814582,0.820738148,0.813444847,0.814015677,0.857647581
868484,0.128818961,0.14965864,0.133392142,0.094705463
636171,0.115288662,0.140157719,0.127838924,0.106158904
779134,0.743479976,0.744467822,0.74505631,0.758729307
424019,0.132077354,0.161629965,0.139539591,0.112794849
591105,0.743844175,0.75051707,0.749005134,0.784929913
373610,0.748289453,0.743753385,0.741773109,0.78006795
502322,0.770578194,0.768047389,0.777302867,0.789899305
953989,0.146065421,0.168796611,0.158863583,0.120518614
562137,0.120853856,0.153433196,0.129042351,0.14472654
966796,0.822324296,0.805099223,0.815298132,0.836844806
749954,0.789815752,0.785930774,0.788639507,0.82554443
374284,0.879902488,0.84311179,0.863095357,0.875815541
277080,0.787626241,0.767427442,0.782043257,0.77489524
981750,0.094704295,0.123976331,0.106117013,0.066447961
475383,0.735961263,0.73560836,0.737776282,0.734286911
749663,0.837947804,0.838059473,0.831225038,0.8558754
144122,0.805929996,0.79747457,0.803253913,0.838117604
595755,0.742595619,0.548686936,0.660795411,0.726687914
646949,0.134839145,0.167742927,0.143578311,0.091815979
583736,0.850316106,0.834297091,0.840740179,0.824693396
603948,0.755498738,0.753359161,0.754594199,0.718541024
775737,0.139264826,0.156546577,0.146313953,0.093287472
585202,0.733418518,0.734298809,0.731231689,0.802381332
895687,0.772519529,0.763624614,0.770871853,0.792206747
143668,0.723675749,0.729316377,0.723863912,0.775442925
880553,0.136024405,0.180443885,0.145324691,0.068561154
415818,0.883919206,0.86152587,0.866404125,0.926158719
925269,0.085026035,0.12202284,0.096383369,0.05475296
598423,0.804824134,0.776344668,0.794508073,0.785740051
271149,0.858084174,0.833617697,0.84350064,0.867403621
440078,0.808060586,0.801075656,0.804949058,0.829454155
663133,0.177895863,0.203772915,0.182556796,0.158378804
903207,0.714065186,0.73589883,0.721015777,0.615709162
925618,0.203066146,0.229702735,0.204647694,0.127614121
370675,0.874268577,0.852555755,0.863093243,0.855373518
534913,0.155177607,0.16625948,0.155888326,0.092447632
845481,0.706761531,0.701220076,0.702767923,0.740381148
952456,0.149530402,0.156456996,0.150017108,0.056439915
510815,0.706895721,0.716057462,0.707363759,0.558374625
335633,0.182327505,0.172388234,0.169205654,0.082748843
872268,0.739646873,0.746466835,0.740838491,0.763199827
594425,0.144806763,0.187742186,0.160439045,0.093834806
971565,0.836409009,0.815033141,0.827116002,0.844502738
142909,0.784141115,0.781383067,0.787365122,0.839090772
574840,0.133832017,0.154183304,0.140632002,0.057289011
705440,0.103640601,0.13852531,0.115325645,0.101681586
296081,0.741590244,0.749370328,0.744286257,0.749123604
175844,0.110119893,0.138575822,0.114132424,0.080069293
318375,0.783735013,0.771138247,0.773162033,0.824426632
763128,0.85986144,0.845108608,0.843764222,0.839004031
236742,0.702657497,0.708969054,0.704209797,0.758188928
651286,0.759391973,0.739703924,0.755859346,0.710024113
615544,0.159877152,0.210081873,0.175125412,0.134147022
244657,0.859350772,0.83313148,0.847846456,0.916411151
491688,0.713386396,0.723636286,0.724429933,0.780845924
257668,0.804076885,0.797202828,0.799829097,0.794985687
698312,0.856799692,0.839768217,0.848235106,0.852705013
343248,0.723768222,0.73367906,0.729961585,0.76106391
965796,0.795090273,0.795116764,0.792764817,0.753647
859670,0.807212697,0.787335678,0.80033554,0.774479237
242475,0.827237429,0.79819396,0.812480763,0.754976722
812179,0.785782339,0.779784749,0.780793826,0.804913102
510454,0.250444774,0.219979922,0.225667101,0.114295285
937851,0.841631405,0.82367637,0.831953419,0.857554151
238978,0.762762803,0.767280346,0.769666829,0.802522198
864375,0.124283305,0.155865385,0.134605231,0.122909163
164971,0.782204663,0.76248587,0.77279574,0.775410376
808873,0.710865049,0.712462865,0.710575968,0.728125234
439992,0.820040742,0.806967247,0.809236121,0.831848748
413757,0.111432315,0.148114314,0.118142181,0.087089597
390494,0.796301228,0.804892399,0.802839482,0.827409031
989267,0.153281574,0.198119947,0.166607412,0.113097093
399209,0.120201733,0.144511302,0.122231215,0.121376717
414541,0.758870893,0.748988077,0.754156954,0.821286917
414129,0.719568094,0.733381112,0.732783484,0.739250555
255770,0.726118497,0.732460906,0.734872294,0.732167096
202434,0.118393281,0.146219126,0.131291678,0.076713603
673709,0.788945339,0.769303887,0.779045647,0.797815292
242436,0.087562273,0.12448436,0.099411514,0.080958667
886520,0.795012887,0.78033636,0.788762152,0.795939354
448742,0.73155409,0.733969632,0.727705268,0.79311296
442437,0.770804584,0.758531802,0.766496789,0.786674153
785658,0.869142094,0.858309849,0.857537882,0.858932758
631459,0.844895364,0.824402314,0.834242206,0.864278468
354475,0.104482684,0.131937426,0.114968419,0.071454502
445535,0.749588503,0.765384716,0.765164526,0.780732946
992711,0.830031901,0.811104478,0.824993573,0.794794033
875815,0.787291293,0.790842019,0.784710723,0.818273351
479670,0.119135996,0.154875031,0.127383195,0.17533598
828043,0.789401456,0.789411596,0.786414354,0.868687445
221167,0.137494742,0.165902869,0.150474147,0.07476849
557443,0.872241537,0.852862832,0.858662328,0.903565778
613918,0.795902681,0.785235303,0.789023466,0.797871997
942642,0.657657853,0.681822943,0.675326237,0.59453069
155840,0.157968335,0.197765281,0.166410191,0.123994762
670177,0.785340157,0.774651824,0.779098914,0.773539858
222062,0.834300584,0.820391226,0.824275545,0.902323334
201000,0.799945163,0.803346498,0.800374887,0.804203962
199259,0.737913624,0.734833689,0.739215843,0.785315963
582604,0.792330732,0.779421533,0.782143043,0.78231181
936920,0.80561085,0.792593748,0.801779897,0.882008006
750724,0.157147408,0.160484508,0.161492256,0.12681979
960807,0.737175442,0.736217512,0.739027457,0.714526445
244861,0.724705106,0.737666395,0.719278863,0.792214158
619740,0.553948413,0.623256796,0.585579471,0.632992232
379129,0.749002384,0.748267623,0.746960796,0.774722354
841029,0.665525523,0.705196313,0.685180054,0.617154006
869695,0.196175885,0.221798389,0.195221776,0.113484562
908888,0.790731008,0.795103381,0.794447458,0.66692463
876936,0.810751865,0.805668937,0.81206893,0.860703412
580465,0.688854829,0.692816366,0.691132152,0.656808919
139179,0.84136817,0.824187439,0.833450842,0.79603355
580237,0.731961093,0.736332998,0.735817462,0.762089317
464281,0.842055041,0.82889686,0.831285536,0.876570599
868694,0.676873766,0.686528656,0.682226226,0.569391263
554177,0.824252428,0.803344329,0.810571758,0.819606082
505770,0.79352377,0.758345703,0.775548512,0.775284902
968388,0.761621593,0.751244236,0.760647895,0.897118884
210000,0.20209679,0.224737618,0.207242361,0.103901144
197986,0.747724804,0.754524533,0.747362087,0.794354512
805620,0.106596528,0.130612318,0.114278881,0.070258665
145000,0.812976273,0.806025107,0.808850406,0.836197143
656346,0.119568097,0.14227659,0.124691272,0.068482649
798051,0.127627718,0.162561894,0.140988017,0.093660633
759693,0.756372091,0.754016241,0.75222184,0.743810439
188026,0.156785234,0.186884252,0.157945126,0.113411082
415946,0.80399533,0.801063299,0.799998935,0.841046518
640577,0.858525954,0.838706974,0.844219823,0.878972831
263409,0.853235154,0.837243101,0.850668306,0.809823505
748731,0.763501092,0.760529425,0.765669001,0.671147445
409668,0.625805006,0.651263987,0.627112954,0.55119506
862734,0.74547963,0.751993064,0.746830561,0.813220304
615169,0.102581601,0.138519325,0.117353351,0.071772453
849036,0.751044103,0.75569921,0.757303201,0.712438281
395442,0.771786922,0.766513735,0.765709054,0.755093234
342463,0.790276507,0.787295243,0.783400596,0.92117272
430056,0.094365332,0.128226572,0.10868461,0.087071306
727922,0.821535662,0.812478165,0.815065276,0.850954808
858711,0.131164525,0.149366951,0.132463968,0.091980784
464133,0.83351807,0.806603365,0.822158392,0.919416983
760769,0.793801877,0.782945293,0.785702541,0.828034902
965025,0.110499667,0.13837566,0.118288278,0.054671186
263922,0.758685843,0.752398139,0.75624226,0.744037635
981566,0.71219108,0.728036038,0.719641625,0.822138414
639488,0.102304114,0.143149541,0.114129983,0.088229286
164709,0.851173362,0.847996016,0.845739482,0.811598653
932304,0.836494468,0.782416982,0.81426195,0.775732187
146913,0.751965942,0.742138009,0.750340529,0.63927164
983255,0.785832018,0.774939485,0.782406786,0.813629951
967828,0.126573918,0.146142569,0.133084077,0.077328543
506426,0.123481089,0.148687788,0.129960096,0.092917654
675612,0.101678137,0.142539964,0.11686143,0.093778753
112955,0.842252853,0.833258371,0.833316444,0.874738911
483850,0.579603184,0.613150484,0.590848073,0.691285394
765593,0.110464892,0.144672628,0.122069014,0.112283877
621342,0.18321895,0.199878245,0.173704192,0.124286197
825347,0.853845802,0.848051521,0.852665071,0.867406969
680933,0.742168247,0.741223321,0.748382843,0.835787619
235046,0.797613082,0.792983054,0.798268357,0.759676068
153458,0.839112573,0.802650518,0.822110317,0.944055587
913327,0.747383833,0.760850084,0.750665835,0.828290328
213974,0.739873613,0.73474973,0.734073292,0.851758827
456635,0.729188117,0.733150847,0.727189677,0.743946775
841884,0.81410493,0.79568724,0.808231241,0.886638516
459806,0.726481236,0.698999828,0.714199908,0.848920683
254199,0.069873735,0.114949834,0.085185068,0.061875345
826810,0.111346079,0.134482762,0.119709942,0.060000536
145881,0.859394233,0.841519836,0.845808676,0.81154454
120118,0.761662828,0.748152972,0.755600627,0.769911341
342254,0.72224928,0.713091457,0.721637817,0.729494862
613998,0.858700574,0.825797353,0.844367223,0.841576945
160556,0.838483351,0.815302387,0.831199883,0.83090738
372827,0.672373587,0.674758463,0.676627325,0.576954067
541230,0.787470452,0.779478483,0.783848298,0.853792291
408968,0.112016191,0.149010667,0.128157317,0.075545441
276921,0.109556733,0.150630939,0.121151481,0.085968221
422408,0.843667905,0.836974741,0.833242832,0.284198503
258001,0.831342053,0.819188312,0.826615111,0.835519398
255112,0.085523624,0.126136375,0.100822576,0.077125569
146598,0.104089605,0.146118675,0.120403147,0.069820941
288369,0.818737858,0.814073723,0.811339989,0.781922911
718343,0.810257481,0.796887024,0.802087945,0.82777911
231842,0.816665109,0.808845094,0.811729843,0.887729156
177917,0.111527352,0.155385005,0.118164798,0.118008708
698200,0.192931613,0.200569107,0.184625162,0.137905657
393609,0.792233046,0.775831001,0.779021539,0.768103441
281138,0.182816935,0.201963984,0.176349964,0.182815117
880311,0.724167193,0.758515863,0.740692033,0.594146632
160461,0.749902618,0.748960514,0.75355171,0.758325465
831988,0.73294166,0.741319835,0.741773533,0.784457279
362466,0.816795136,0.792356766,0.808289558,0.844611382
668490,0.822200748,0.799183914,0.811345223,0.83988494
432246,0.160940513,0.201687235,0.170553166,0.115688465
290550,0.785578313,0.760379231,0.772221487,0.741191696
149681,0.766712503,0.755756314,0.76242325,0.807250122
482940,0.212864677,0.197482615,0.194295393,0.266385466
148811,0.619379328,0.668861429,0.641992901,0.615218776
899679,0.725017392,0.717606207,0.731345909,0.692906002
169459,0.77386673,0.764986101,0.77053539,0.750675157
592464,0.747824958,0.739160803,0.743203856,0.742264378
356423,0.762794491,0.75160509,0.757983589,0.738934212
191944,0.1305099,0.144406458,0.131851786,0.064311282
858581,0.795078336,0.7885048,0.790627191,0.753998517
114513,0.122787771,0.155019639,0.132432302,0.11880722
774225,0.83213604,0.814737183,0.82462836,0.842651258
113173,0.773820646,0.767637969,0.76781701,0.760155336
728224,0.821801223,0.791489184,0.806876435,0.972379013
884067,0.809863335,0.802755758,0.806895322,0.75714541
491583,0.097823913,0.131674151,0.107708707,0.086142673
361176,0.707044519,0.722540805,0.70887859,0.691892941
662762,0.803891815,0.782639232,0.794954274,0.761356376
756274,0.092457616,0.125114253,0.109420366,0.052302778
809590,0.787533492,0.773161854,0.785864406,0.778148734
346113,0.787460341,0.780634978,0.788422586,0.879254358
589370,0.723197568,0.723092254,0.717549214,0.778959055
441974,0.815222548,0.801796153,0.807938314,0.796129203
548616,0.754499306,0.755893251,0.752984349,0.741810733
499284,0.664782562,0.68399135,0.672799708,0.696685718
349017,0.115649448,0.151486871,0.12810561,0.060055342
622053,0.82816402,0.818064562,0.819925471,0.870485352
519661,0.105131526,0.142398383,0.120886811,0.108053514
788548,0.129252267,0.167390313,0.142875089,0.098851978
293034,0.823487711,0.81367666,0.818290694,0.790956195
839872,0.764302348,0.755140705,0.761987304,0.793482516
353670,0.809584,0.781220648,0.795329978,0.825186986
155315,0.766911288,0.758622583,0.760503681,0.77477475
797481,0.803329106,0.793765691,0.796480328,0.792679167
971292,0.773449791,0.777602772,0.776258473,0.770095095
831939,0.794216128,0.796719906,0.796967432,0.772101645
941550,0.715305417,0.717946429,0.714567917,0.796165129
657740,0.792877487,0.784014087,0.788928113,0.764555294
326173,0.112841172,0.144056743,0.125003595,0.093686841
163738,0.124172267,0.163944985,0.137023295,0.064930507
220134,0.841063221,0.82070488,0.830301575,0.874957427
677988,0.8660628,0.842359574,0.858641381,0.913357683
852498,0.738556668,0.729159539,0.736503824,0.775658589
728854,0.707072987,0.716785619,0.71159344,0.643615811
129973,0.789171895,0.62720666,0.738129821,0.7538005
475984,0.769880056,0.772063624,0.764341352,0.857873624
783935,0.681618557,0.701861945,0.693953296,0.739274408
774050,0.83314934,0.813680542,0.82293708,0.877111323
880725,0.769978659,0.77235102,0.768986035,0.896577433
368566,0.169397184,0.201770442,0.17514096,0.104640309
497116,0.684352445,0.701739733,0.693817015,0.645362999
302863,0.110817889,0.141529373,0.120079376,0.097938692
834465,0.812843622,0.650650663,0.758744204,0.832463852
512967,0.75865978,0.764073393,0.758428632,0.810663181
577773,0.098823782,0.129404958,0.107861602,0.041558871
573046,0.807206313,0.794105276,0.802294849,0.769014888
178311,0.756137174,0.752708757,0.752934534,0.769517712
435068,0.781514863,0.766016005,0.776296683,0.790430126
464962,0.858728055,0.848525448,0.853893073,0.866698291
486282,0.852895497,0.839565214,0.841602627,0.849291011
638712,0.791265317,0.786375611,0.792542424,0.801105504
806452,0.183635314,0.200867465,0.193972133,0.12418696
543577,0.721315661,0.650586024,0.688672413,0.813523126
543338,0.775176744,0.744252112,0.764976938,0.844027722
284034,0.822147394,0.799948756,0.807167411,0.832477566
214049,0.812474182,0.806511114,0.805645061,0.847148766
907312,0.809255076,0.801713402,0.808477405,0.792725174
817765,0.737791049,0.73864643,0.73798594,0.827933634
791346,0.795755353,0.77839146,0.786646037,0.795436339
424804,0.725362664,0.736426329,0.736010724,0.641343101
960175,0.564533931,0.600221658,0.595215377,0.647447193
725066,0.782589503,0.780397309,0.783895904,0.775825795
668992,0.826431945,0.808164829,0.81062321,0.894646647
988636,0.102749536,0.12935387,0.110748423,0.06484836
838485,0.759292203,0.753736753,0.751124865,0.788928496
534956,0.783099943,0.772946731,0.774623199,0.759459173
276247,0.748894603,0.751372432,0.75371748,0.747201634
752514,0.862489534,0.82470533,0.84939373,0.869394249
786854,0.765746487,0.762307834,0.7622016,0.794410698
443338,0.667674094,0.699337575,0.691721567,0.665517008
938726,0.750841668,0.743788438,0.740665874,0.785172516
834556,0.148931557,0.170493719,0.154658883,0.13991299
569410,0.760006732,0.762956051,0.758117584,0.760656298
996040,0.752689357,0.751908653,0.75724629,0.776310044
486933,0.78326361,0.769448284,0.772941918,0.824937447
767624,0.161766493,0.178329353,0.163461337,0.090593975
764382,0.782833288,0.781273746,0.782800463,0.795395304
622656,0.109449247,0.128457788,0.117195867,0.043926584
664756,0.77879807,0.759588763,0.776920131,0.777095179
579298,0.746060925,0.750216035,0.749261598,0.779726265
113381,0.74679178,0.751614364,0.74861227,0.660846629
182553,0.765294805,0.755103223,0.76250198,0.745841828
974269,0.759404964,0.75740555,0.759239523,0.56242388
344835,0.799699161,0.782269227,0.787757354,0.781076495
792861,0.178350023,0.179782026,0.176594591,0.148205256
254333,0.878194984,0.854394767,0.869382617,0.943683886
493243,0.769934875,0.749218393,0.761077225,0.78616418
868374,0.836178974,0.804123713,0.817758741,0.873466449
672344,0.74820506,0.749992193,0.749904013,0.671746678
695004,0.727179527,0.736019352,0.726825335,0.801758897
786870,0.775186298,0.760692983,0.763447222,0.784842149
633142,0.089424903,0.123520143,0.098918215,0.036299205
284463,0.707815913,0.707963063,0.710690199,0.758141946
691058,0.720902229,0.731296951,0.711973396,0.729859083
803986,0.778551548,0.778365051,0.776374775,0.853522073
529490,0.762490731,0.756450415,0.758267878,0.786259279
304016,0.105727142,0.145990965,0.112782485,0.065962877
851197,0.818514786,0.809744713,0.809397826,0.789846217
480561,0.1352737,0.168784028,0.143318531,0.095238817
373485,0.118595541,0.148067829,0.123503017,0.069633699
816318,0.77163438,0.759703803,0.757335782,0.769772661
292661,0.824939642,0.812323065,0.818312989,0.834450768
744240,0.781783352,0.767231138,0.778069617,0.779994024
593180,0.110289376,0.127197139,0.115556974,0.086424417
847639,0.146742654,0.163528709,0.150555814,0.074397542
914593,0.763414804,0.759500136,0.764501855,0.769728914
358948,0.562460037,0.586714004,0.566914766,0.55053893
986465,0.821153933,0.807559004,0.815637138,0.809773532
804711,0.708472428,0.715617751,0.708304084,0.765462779
280459,0.758993224,0.600681037,0.732879518,0.729207853
425987,0.682477707,0.696222142,0.686469584,0.758307136
933835,0.823738727,0.807571375,0.81240836,0.86087229
287470,0.783085158,0.779927396,0.779669543,0.853522073
900574,0.719506795,0.720916297,0.722251476,0.711802608
452076,0.114417404,0.150443187,0.123096932,0.106550013
260933,0.120491309,0.138281119,0.122689314,0.080557689
276863,0.774283674,0.767599811,0.769936864,0.815615587
597811,0.783757705,0.762862561,0.776843412,0.752031026
226453,0.768410125,0.771688727,0.768988967,0.755247509
330089,0.757469632,0.752390236,0.756119036,0.814423877
662560,0.798654963,0.794254724,0.799371007,0.792982811
150871,0.132696434,0.164043146,0.148805673,0.088573458
970742,0.736534747,0.743268102,0.745490474,0.785400571
987628,0.097372847,0.139167483,0.109697673,0.090728809
431053,0.734946192,0.615061357,0.699097223,0.762209581
536875,0.754324921,0.750420132,0.749666028,0.703484636
286605,0.111113577,0.145896007,0.122310995,0.078771411
146320,0.787761805,0.781151149,0.78581081,0.843003572
716021,0.820094758,0.60152782,0.725856235,0.766479036
442769,0.742579204,0.74839788,0.740335039,0.802565505
149662,0.775145492,0.763931722,0.771262201,0.800020872
844273,0.745158545,0.741188111,0.742111533,0.74202847
702994,0.756681642,0.748356638,0.754259472,0.702692372
926709,0.789386197,0.780066803,0.784227067,0.79936481
230033,0.779578691,0.779654931,0.783218794,0.786749788
228190,0.120434764,0.158398722,0.133751345,0.089973973
959107,0.875968835,0.850707209,0.864923259,0.913770648
724065,0.734857262,0.745574583,0.745037678,0.860200637
163749,0.796820762,0.788310613,0.793411155,0.805127209
767845,0.758267327,0.771990143,0.771020998,0.852782322
180875,0.147742673,0.166150287,0.154527268,0.159628857
378382,0.790372739,0.766662629,0.780967239,0.767779679
366588,0.797055589,0.779334942,0.789238017,0.876568695
740965,0.108548702,0.144827456,0.117870896,0.072200412
878101,0.905681696,0.865947698,0.885868125,0.93940686
446573,0.898654843,0.870217191,0.882421141,0.922590977
282663,0.652289117,0.677717728,0.670299549,0.684679452
415436,0.723791033,0.738281791,0.729949979,0.818512798
955141,0.852310365,0.822721885,0.841830159,0.899164737
961747,0.823690649,0.813991607,0.814273856,0.858036511
240650,0.129221863,0.150476308,0.13032691,0.118634544
668386,0.870376961,0.684082123,0.817137856,0.925432705
698177,0.7569144,0.75348712,0.751878152,0.760781721
584380,0.83026002,0.82474525,0.821868411,0.908208738
320241,0.754621742,0.759871926,0.757530923,0.833765853
198403,0.12997978,0.163539979,0.138962875,0.108875651
392501,0.802459057,0.792963861,0.787439472,0.809014399
134842,0.777030547,0.770777969,0.779444595,0.838431538
877880,0.69058797,0.701441317,0.698710981,0.70317666
805950,0.753025712,0.758441881,0.749793652,0.760942339
974381,0.75932321,0.754262292,0.758813625,0.783902672
986969,0.819648364,0.781154287,0.804182283,0.822250144
312381,0.869880756,0.838749684,0.856518176,0.869987888
440698,0.670472156,0.684641264,0.670310063,0.794800396
495428,0.777527441,0.776832523,0.78195485,0.815299639
824901,0.804251644,0.646961964,0.752339538,0.816684167
913370,0.853570981,0.833057149,0.843296466,0.828675094
744561,0.775703995,0.771433229,0.775708237,0.798737329
129752,0.750341124,0.760772017,0.753851987,0.747354425
800291,0.747366927,0.749893823,0.745494411,0.802989922
909096,0.829612789,0.806495365,0.820366926,0.828203072
771326,0.77065023,0.754792397,0.769745047,0.783774453
752284,0.132843416,0.168538421,0.144401464,0.077185391
384313,0.733264514,0.74583751,0.732771834,0.743724635
362515,0.8171064,0.782026401,0.804591076,0.824781415
917387,0.731515736,0.733732953,0.731339879,0.751192734
108349,0.751086173,0.755011409,0.75199892,0.759020074
792010,0.778142678,0.751137601,0.763656097,0.765412681
391355,0.807884014,0.798892675,0.79541673,0.801555942
456299,0.734009372,0.738306043,0.736634805,0.762978108
201123,0.773578774,0.757646698,0.77727391,0.878198867
427413,0.743402879,0.7483133,0.747772264,0.761437215
290870,0.146515497,0.180921788,0.155486333,0.120610578
977655,0.731627744,0.733260404,0.735361701,0.724997262
909804,0.815987887,0.787551296,0.798695241,0.8328276
773393,0.822480677,0.801167772,0.807879255,0.79078699
816981,0.720876224,0.728819953,0.724211964,0.743883951
469749,0.144382801,0.176614622,0.150039946,0.153102504
592731,0.793083184,0.769082865,0.783896724,0.768471934
762959,0.750445146,0.753055772,0.750719259,0.688684147
574059,0.711734459,0.740332448,0.718502019,0.826213471
157451,0.749808375,0.726937453,0.741940574,0.728144138
622952,0.804924885,0.79113084,0.795995267,0.808514872
379948,0.745051189,0.725834317,0.736578246,0.839437451
279280,0.160776002,0.168908168,0.153122627,0.138479555
567297,0.734433764,0.729372405,0.737486959,0.785545217
931767,0.107884077,0.15090991,0.118092753,0.089999197
705670,0.732930427,0.734810344,0.731818737,0.778084891
211782,0.737595935,0.735447234,0.733228375,0.768131569
570780,0.131624742,0.164634704,0.137298335,0.096422229
976106,0.108417803,0.141550501,0.119612917,0.080090335
680986,0.751432939,0.736777351,0.745036171,0.757370452
179101,0.774018655,0.570457868,0.681187463,0.752540499
921688,0.840674763,0.835436497,0.840704609,0.867236738
394804,0.754442344,0.75193542,0.756446394,0.668141008
223722,0.162177008,0.187018359,0.167801025,0.140292121
862713,0.141171479,0.154517118,0.145306652,0.069050164
876145,0.764760146,0.751872124,0.761484337,0.771069245
981597,0.11746483,0.159710069,0.132381093,0.066831241
469545,0.795503247,0.784360067,0.788524281,0.829988383
555840,0.188003343,0.195122937,0.183192055,0.168996587
432737,0.195653166,0.211909799,0.198991173,0.139292823
664074,0.746815017,0.747350157,0.745178449,0.740562221
154236,0.730196939,0.735330064,0.737448635,0.733247583
101095,0.16112057,0.17702549,0.1667934,0.113633068
901544,0.679494699,0.692186935,0.685926291,0.72746293
814491,0.788297792,0.779794992,0.790391503,0.796591624
193348,0.756097659,0.759453132,0.756997228,0.828425353
715040,0.748334805,0.751448142,0.751683023,0.824303093
993861,0.153122453,0.163858108,0.152276611,0.094034396
272657,0.764747282,0.761116683,0.763006463,0.784891554
904336,0.148527678,0.171875966,0.162868998,0.079000684
409256,0.799345544,0.793236207,0.79266675,0.848659225
107182,0.124484467,0.158367615,0.132941052,0.090097544
547956,0.76246697,0.755222231,0.759467774,0.819516147
600858,0.189268238,0.189614926,0.190961945,0.111696089
299367,0.133121774,0.151177278,0.137448688,0.112839694
198945,0.734772897,0.738398071,0.732599323,0.738245594
416100,0.71091827,0.727710177,0.71492118,0.727657899
868392,0.681289698,0.693431849,0.687236737,0.658568766
230044,0.717277662,0.726883015,0.721756697,0.773456592
263607,0.803413899,0.657077435,0.750265035,0.798315819
434204,0.159403939,0.167839514,0.15350771,0.183028731
982785,0.749141874,0.75269042,0.756788605,0.834389182
597711,0.725028672,0.732472176,0.728316203,0.706724697
414076,0.124245387,0.140838994,0.12511494,0.057351125
866447,0.131168827,0.158719086,0.137380907,0.095775455
347688,0.750270241,0.749757426,0.73614799,0.755382704
679838,0.113684634,0.158348037,0.128958613,0.074483896
955738,0.735564433,0.731275552,0.737713164,0.781807308
991808,0.634789374,0.636736877,0.638500327,0.669960247
538346,0.153817336,0.191928994,0.162833657,0.081147963
518609,0.801016319,0.78776478,0.79303028,0.784986119
750815,0.822513636,0.812115261,0.817687554,0.869021355
865483,0.112100378,0.146701129,0.125363888,0.139253597
123601,0.657680684,0.691718638,0.677876309,0.684803028
289137,0.822742687,0.653662178,0.767818614,0.834380254
628666,0.214529059,0.217001011,0.207443495,0.140027413
563092,0.847499496,0.631384308,0.760409023,0.817294377
476557,0.733322271,0.73217575,0.734135302,0.72236516
697637,0.802316703,0.793526607,0.794044077,0.83693712
863894,0.105280211,0.143972908,0.125617386,0.048840048
289255,0.10912058,0.134293628,0.122810885,0.071383627
928179,0.682584609,0.667263299,0.69286823,0.65115325
754638,0.116828465,0.139894325,0.120599097,0.100860051
616551,0.752852265,0.749788772,0.748805589,0.77849919
132434,0.670166948,0.680153177,0.667648336,0.795130578
984031,0.727565426,0.56859647,0.685912844,0.771464973
546598,0.810035726,0.803592343,0.80276539,0.812526859
443487,0.640539433,0.698078587,0.652413209,0.599455747
250257,0.824134532,0.80773844,0.811357339,0.822300778
637587,0.115196047,0.148224514,0.122937571,0.084765744
932953,0.80629165,0.795390558,0.808729894,0.858655711
817459,0.853282123,0.837737187,0.843407223,0.860837282
466711,0.780686092,0.778124802,0.774155532,0.852189845
112287,0.879912381,0.8595898,0.862403337,0.868614667
368219,0.248103055,0.224547738,0.225335689,0.1034317
286478,0.791345957,0.789315311,0.790127465,0.861705796
527559,0.765547659,0.767018342,0.763106342,0.786426333
782819,0.814859109,0.798820731,0.809994082,0.803524747
145671,0.767091424,0.746996591,0.762989962,0.765392708
806800,0.150388506,0.187531127,0.158827066,0.088404128
693234,0.867262311,0.835547164,0.851384161,0.873936816
658641,0.138079138,0.15544149,0.143604283,0.077022402
208400,0.811699684,0.797950906,0.806793931,0.866628163
813628,0.814391767,0.809925489,0.811807425,0.80066205
127972,0.751875941,0.726772825,0.741338042,0.72295968
817556,0.792706145,0.778723876,0.782106361,0.769543314
399434,0.778253153,0.780254659,0.778519221,0.830245391
650465,0.772223519,0.742202039,0.767098595,0.638842702
227351,0.128843004,0.164039487,0.131768349,0.162763892
212184,0.100064848,0.13551692,0.111789906,0.104341474
347572,0.138433127,0.171674123,0.141627759,0.101799282
946147,0.740194237,0.74231202,0.732386743,0.842037704
645745,0.738363271,0.727066644,0.7328732,0.573801961
152261,0.753304349,0.75296624,0.756270696,0.762457613
153417,0.72343625,0.734675549,0.734113763,0.727281223
158811,0.139561452,0.167624391,0.148586349,0.096445566
950746,0.836038495,0.814299339,0.825442272,0.934089033
149026,0.786543686,0.754315212,0.77068186,0.756471788
663580,0.774317965,0.773871151,0.769612197,0.815311264
620217,0.769483488,0.762613078,0.762409489,0.775856999
780199,0.120053223,0.138969994,0.129883813,0.029019109
647943,0.799263617,0.786895857,0.789973514,0.8261728
267946,0.819911983,0.820181308,0.819595127,0.851079683
129951,0.635227921,0.646664023,0.640287059,0.532014994
517605,0.103237,0.132285264,0.113639029,0.063960046
890217,0.117477311,0.138853445,0.12203625,0.050635327
764633,0.805442016,0.802685363,0.800884422,0.787724959
837076,0.743231395,0.753519714,0.7494744,0.834676658
922831,0.101496191,0.129629916,0.108821027,0.04350148
597706,0.722579766,0.725263063,0.732420761,0.565330725
914228,0.108215618,0.134313999,0.115431299,0.073950735
699334,0.726167368,0.730340454,0.72765304,0.717989931
693263,0.100588889,0.129071098,0.107543783,0.087126265
967982,0.816917051,0.802242239,0.815011523,0.779443881
612986,0.690334029,0.697177063,0.684565932,0.778128131
438236,0.768053745,0.767495851,0.769698812,0.771329962
462697,0.114762205,0.156198309,0.124080261,0.082528492
126815,0.751265673,0.77074304,0.765254877,0.731809454
417530,0.174386383,0.194465552,0.176978816,0.109556931
834229,0.793904024,0.793932555,0.791268426,0.795262092
788647,0.669401162,0.704295334,0.691513742,0.608159151
815293,0.750789192,0.759809002,0.749548357,0.778247536
281858,0.764125871,0.756754943,0.757738378,0.805918543
600669,0.092929748,0.133668798,0.107786784,0.059141887
538098,0.102538884,0.132923826,0.120793898,0.10657441
965961,0.815454553,0.81232706,0.818537672,0.86113571
978388,0.790650181,0.777547953,0.790465983,0.839091309
357675,0.754829288,0.769568368,0.761463379,0.763054281
204103,0.770303489,0.769185926,0.769501136,0.815846218
819073,0.83507921,0.815746518,0.825192618,0.799228661
140024,0.849407805,0.811176089,0.829015274,0.871328863
409211,0.771931204,0.783076776,0.777214492,0.815679451
289021,0.781074896,0.773225202,0.780616353,0.683529075
445467,0.765142606,0.750819611,0.766754251,0.78668296
942112,0.106663415,0.131394759,0.110233591,0.073813031
482767,0.535150152,0.596659421,0.572943112,0.511937182
485102,0.863052513,0.847515399,0.857067661,0.886812862
460303,0.769481746,0.753605776,0.759950386,0.847001442
311561,0.770850829,0.735350359,0.756587997,0.761368181
626501,0.101333819,0.145908223,0.121726396,0.08784957
142336,0.715532451,0.721134561,0.714704726,0.756099679
153048,0.099224192,0.13957942,0.109332348,0.089999197
117971,0.104326058,0.141958191,0.114973001,0.079969989
163618,0.121937183,0.151063665,0.133066339,0.080510594
617765,0.803111579,0.800707834,0.806721314,0.823587657
241244,0.846959154,0.824191481,0.834748346,0.877544143
455758,0.716806792,0.729113213,0.718076336,0.801476418
282167,0.827721781,0.828657065,0.829600671,0.837322205
384072,0.751920255,0.757565419,0.757093846,0.767189499
387928,0.831435985,0.805588562,0.824473529,0.74090637
343488,0.110523503,0.148383051,0.119925905,0.094385562
976255,0.816820886,0.812109797,0.812678424,0.807178026
224191,0.122601017,0.155111025,0.131815458,0.091336464
190640,0.178488642,0.179166821,0.162956709,0.134224447
712475,0.166801442,0.226009372,0.17785446,0.164961852
990910,0.783120081,0.774082586,0.776780602,0.815759354
193783,0.782683214,0.77833294,0.78644455,0.801450128
923625,0.758011326,0.76192364,0.753528742,0.846852444
763805,0.826830679,0.813966587,0.822700369,0.856219787
575671,0.138881371,0.163587263,0.143187595,0.09736542
647129,0.796896719,0.790521766,0.79371339,0.757937283
626331,0.774398113,0.771652695,0.775218652,0.757847177
182059,0.724189546,0.730447034,0.729768696,0.809577007
205231,0.138902295,0.16943996,0.144070109,0.139023089
855508,0.728160871,0.71040675,0.719932399,0.688542799
275530,0.096048699,0.136531175,0.1071493,0.085675031
463097,0.80170023,0.801947107,0.803647263,0.848754681
982197,0.674079686,0.555534113,0.639923649,0.684892853
321332,0.727811149,0.726011687,0.726665935,0.717678948
364431,0.689922948,0.726444126,0.701123509,0.334766423
692494,0.803934394,0.796448879,0.800996179,0.844218565
714109,0.142735006,0.156450495,0.14476442,0.125374156
795194,0.787823692,0.790916488,0.788085272,0.815759354
773013,0.706544468,0.716497345,0.716975061,0.771400306
805124,0.689999878,0.701743041,0.699702319,0.643979304
766247,0.122365054,0.154650186,0.132470117,0.091292627
965700,0.118168248,0.130193502,0.120102151,0.056779673
111571,0.196561182,0.185211385,0.182228668,0.101140008
751340,0.75480966,0.754431415,0.753871582,0.798854404
138373,0.810200684,0.798055244,0.809883747,0.829651848
321773,0.854532622,0.826045064,0.843062637,0.873002321
463845,0.83059236,0.806154092,0.819235752,0.833283873
881713,0.096505855,0.136485244,0.110079639,0.108695438
697611,0.811962678,0.789109785,0.797376427,0.921988297
716346,0.8651576,0.840456845,0.85200668,0.883533235
737195,0.815935407,0.810196114,0.810025638,0.815587699
333467,0.718182157,0.736381384,0.72969788,0.79846094
803416,0.150289697,0.185354208,0.157675192,0.100052232
362288,0.147466218,0.180348544,0.15315623,0.102424881
477269,0.784325007,0.777651269,0.783555641,0.803644787
151264,0.708998112,0.716971333,0.709590469,0.737927676
865443,0.764837591,0.76683744,0.767992007,0.825145996
253963,0.823089263,0.78767173,0.80542574,0.828652512
953167,0.723206686,0.730876022,0.722009749,0.844645062
691640,0.703054442,0.701759444,0.701321524,0.74744474
738221,0.769245827,0.76699859,0.765790608,0.84840796
168794,0.782771438,0.770561636,0.777049149,0.739007363
592636,0.150103555,0.168118251,0.157784812,0.080063996
933505,0.800586764,0.78959831,0.793085139,0.749891753
549583,0.802464288,0.793952226,0.795453357,0.823480048
304627,0.733927086,0.738041241,0.734038769,0.764174199
686443,0.767478085,0.771358417,0.770045611,0.739413149
543717,0.807003609,0.803411261,0.79921317,0.783486067
117694,0.81779191,0.797570366,0.800867926,0.859804706
672816,0.130419781,0.155456127,0.135451086,0.132432355
559741,0.783915683,0.779375734,0.778376568,0.826572137
233245,0.755892442,0.739667308,0.746768587,0.841858868
926034,0.772088802,0.768662921,0.768248422,0.782372157
392602,0.215079963,0.190092686,0.190378565,0.048323403
122290,0.712831944,0.725568484,0.720055555,0.686469067
127952,0.779175313,0.772506742,0.776314816,0.744810703
426218,0.71618668,0.725564246,0.716641073,0.755954179
130155,0.84237928,0.814738192,0.825048499,0.836296964
236379,0.799491424,0.602670761,0.706453147,0.83610187
959873,0.784819408,0.775611649,0.78195233,0.805116882
479162,0.108754857,0.13473407,0.121916816,0.072992717
705333,0.75466476,0.735583177,0.746715974,0.791753385
475745,0.792286116,0.784659572,0.788852185,0.836076946
251243,0.803996272,0.79593221,0.795528038,0.84799277
153503,0.10703113,0.146791801,0.116977819,0.101791513
916752,0.799142849,0.785732994,0.785234271,0.86583973
103352,0.667438598,0.679867632,0.682269816,0.781472404
667125,0.720698783,0.711390864,0.719895985,0.759230254
233868,0.096018646,0.127487861,0.108587858,0.080558619
449154,0.808395373,0.804525147,0.796708388,0.862936941
950576,0.774695309,0.775887625,0.768668315,0.793756383
435686,0.868872211,0.850095596,0.855296419,0.872703425
669808,0.810165502,0.795858388,0.800767688,0.860448656
519267,0.811016248,0.804739798,0.803554772,0.857870472
808186,0.806726349,0.787921254,0.79641155,0.808607367
170439,0.845293106,0.822728596,0.827644381,0.877104251
187702,0.769055277,0.578251321,0.684306995,0.800808673
847067,0.791713924,0.778608843,0.794322591,0.777304938
835424,0.73440698,0.736366953,0.735661597,0.728841171
618381,0.742011505,0.70882264,0.72475984,0.79765079
931327,0.786263241,0.758985738,0.771758643,0.841282871
793775,0.72829478,0.74350515,0.736733853,0.763771332
798315,0.741274319,0.740073328,0.74250048,0.697699293
220995,0.727454278,0.727082971,0.729261664,0.784994287
874646,0.705428122,0.713123228,0.712161921,0.744900996
898644,0.790044261,0.788035934,0.787739583,0.819899788
305525,0.750009251,0.746219296,0.747689416,0.787215806
574090,0.752617551,0.741925436,0.741118554,0.78218578
359791,0.797884182,0.776738251,0.798875351,0.700078209
677899,0.696365909,0.709603716,0.708660055,0.763383998
228810,0.780272174,0.775893134,0.778317297,0.812768771
383140,0.738562429,0.738730672,0.734415391,0.755703672
102085,0.215318413,0.188434479,0.192455693,0.081483882
261310,0.7803483,0.774741534,0.77576666,0.792979534
533314,0.769893668,0.733717847,0.762426899,0.741515923
704713,0.784177527,0.769406326,0.775449775,0.846954574
384568,0.803736366,0.800847609,0.807092613,0.876284193
323762,0.081256903,0.121752546,0.095584409,0.045497075
143840,0.839712326,0.820090459,0.829902259,0.889907218
137274,0.749964754,0.753964459,0.744477433,0.743680064
923997,0.123436702,0.15627521,0.134990389,0.082714109
129968,0.798520361,0.792709727,0.794996723,0.88708965
358291,0.654893793,0.64866224,0.648462516,0.750322513
811324,0.827555368,0.819373945,0.825846827,0.818962451
380829,0.804116165,0.784038306,0.797814267,0.836394006
199757,0.159666033,0.157305868,0.151537048,0.140348916
454376,0.794934197,0.785573481,0.789953361,0.81950027
922860,0.15599251,0.169698723,0.159643814,0.062897292
101227,0.111705467,0.145986074,0.124596106,0.093035176
829785,0.818648902,0.800943407,0.810860138,0.834739545
456332,0.855515545,0.835448455,0.846168441,0.882540221
347244,0.133850016,0.177510238,0.153586042,0.070886095
625289,0.848261321,0.837180411,0.838713371,0.899239203
898149,0.096562636,0.14498088,0.11329923,0.058720686
219712,0.768195156,0.767842531,0.771500298,0.769776136
245118,0.094391972,0.131608326,0.10654369,0.140196313
599170,0.876735168,0.848154333,0.856464127,0.844726991
151405,0.135499949,0.143943685,0.138590962,0.071565342
158359,0.16393572,0.16707928,0.159914569,0.087879175
753555,0.694643928,0.697491949,0.699914314,0.65032755
546440,0.78765858,0.785275086,0.786067314,0.799020134
947714,0.199543948,0.197681387,0.192288536,0.108511411
993493,0.814227322,0.800333783,0.806713633,0.901496014
661445,0.10181959,0.137112116,0.117741711,0.077545832
920809,0.708978484,0.716342944,0.703645585,0.780127147
471645,0.812050237,0.804643033,0.812685817,0.720780298
507559,0.738964811,0.732912006,0.732301556,0.756139867
409205,0.229450553,0.219430776,0.219029127,0.111478087
157825,0.827747082,0.815323648,0.817481817,0.865542761
763602,0.816763965,0.821715796,0.82477325,0.832644822
664408,0.818850224,0.819066452,0.81408384,0.893037315
919267,0.791566711,0.782676015,0.78881752,0.812641168
688653,0.740308493,0.740679638,0.735876011,0.85591052
528218,0.736534565,0.738345004,0.737546903,0.74679413
614487,0.83777455,0.806887536,0.827784493,0.817793879
982570,0.146483877,0.183651781,0.154025865,0.103757442
226043,0.726419272,0.724565916,0.735509133,0.62710168
777111,0.795108548,0.784862155,0.795061075,0.779714827
142545,0.756829977,0.765073054,0.758444286,0.780726356
398010,0.762869884,0.763352748,0.767015995,0.765504648
103503,0.762634592,0.757503462,0.758576001,0.80769898
106461,0.706272974,0.703156938,0.722652752,0.639116884
824869,0.120611921,0.131640334,0.126282168,0.046876692
146543,0.736096801,0.731145553,0.734281676,0.889010411
749255,0.752412813,0.74693965,0.757140159,0.644639548
177469,0.803314277,0.782731982,0.791451537,0.804421378
860290,0.748774617,0.757985828,0.74412598,0.855400295
453071,0.133647571,0.157309029,0.141173362,0.101382152
512083,0.795196138,0.784985349,0.790060131,0.797619009
596938,0.784220867,0.784335836,0.791489445,0.782275717
881676,0.762189676,0.752724595,0.758623922,0.813906
140466,0.753012565,0.755063527,0.75378258,0.764608775
510049,0.85252256,0.833005555,0.839597128,0.834748569
619508,0.12541946,0.157951375,0.13505107,0.091014101
961704,0.816098338,0.818765867,0.817373419,0.82315544
402106,0.089073346,0.123175651,0.103830075,0.057806345
190824,0.099144616,0.137950977,0.110516503,0.068295512
305512,0.742795936,0.757675653,0.747156521,0.793552635
268355,0.73677983,0.754438738,0.737936453,0.743860483
536321,0.70812501,0.700804772,0.708244871,0.644987878
394739,0.15465192,0.173454981,0.163190031,0.117114543
138563,0.808566717,0.806322185,0.807387467,0.824742541
533812,0.746406352,0.739035217,0.740966189,0.857975324
607343,0.831418505,0.815799247,0.820478735,0.851697034
485967,0.853674353,0.838363701,0.843527479,0.875128365
685927,0.828616788,0.808577681,0.825132564,0.867442466
343521,0.78388288,0.772753671,0.779873587,0.786200504
220844,0.70187129,0.707057548,0.701270216,0.772595352
588802,0.803608778,0.792714793,0.799190745,0.652835346
408096,0.833769608,0.813108627,0.821703819,0.875867134
715117,0.778042667,0.629996494,0.725874476,0.795600613
261783,0.728587211,0.724929118,0.722470803,0.783816767
692842,0.853170348,0.833304026,0.839383756,0.875050259
979125,0.751027232,0.741148193,0.746598277,0.811445668
892297,0.75141472,0.751949951,0.751528743,0.746710967
562644,0.707992357,0.7116833,0.707005505,0.79502265
905713,0.866970965,0.846339096,0.857743368,0.896988784
370474,0.721568129,0.71192216,0.718811613,0.711837898
772371,0.159946713,0.155100176,0.143901529,0.101424719
152645,0.789201121,0.76946716,0.782846184,0.779542607
654880,0.88297488,0.849681721,0.86288321,0.892121584
536724,0.114715186,0.140265219,0.121082261,0.06384009
436408,0.130952939,0.149491687,0.133129707,0.082131528
154888,0.707117476,0.718155657,0.709819806,0.746219809
979538,0.751049197,0.742352821,0.741766708,0.793192542
695208,0.772831389,0.769037328,0.78167315,0.792314701
682273,0.822514356,0.807739153,0.813836331,0.846439151
609341,0.108613304,0.139473553,0.119560751,0.087183654
698998,0.717173847,0.718037821,0.71312467,0.815394173
148232,0.152567985,0.185259192,0.153117926,0.123641124
883575,0.725474279,0.732646816,0.729526122,0.805424498
504283,0.852796842,0.83441415,0.838474774,0.873527615
592297,0.604033544,0.634758699,0.608649703,0.68718718
555462,0.826364364,0.825133619,0.822420765,0.820165619
230896,0.114906452,0.149941955,0.130906719,0.074738559
663921,0.117310284,0.149056021,0.126246348,0.0884579
133187,0.776914609,0.785094594,0.768287597,0.789683323
587609,0.760343932,0.764352565,0.767718059,0.751495533
621751,0.804435371,0.786564276,0.803997526,0.816845575
962599,0.103468229,0.137103221,0.112916069,0.078223634
291777,0.128589485,0.15236997,0.137395333,0.095207341
731870,0.805599577,0.783777624,0.790617894,0.838140771
427955,0.115279507,0.155514052,0.126873313,0.08112687
478155,0.731660782,0.740949747,0.746137041,0.696184754
691084,0.805604243,0.799510623,0.8011093,0.824486636
618627,0.698388992,0.701856645,0.685947986,0.776153625
550321,0.716730855,0.734728543,0.720414797,0.801066854
516723,0.798623498,0.784714823,0.800941791,0.775998907
952341,0.766552166,0.750872922,0.770659672,0.782429316
996770,0.151186514,0.181050451,0.148963579,0.107372454
361876,0.77316393,0.773021895,0.770431827,0.757560568
495950,0.73745251,0.739706137,0.742695926,0.704947914
647068,0.130455981,0.142358129,0.130005487,0.081610225
970951,0.840812106,0.832049635,0.834200715,0.921784757
687689,0.793128421,0.763020461,0.784569394,0.805765667
258368,0.109242137,0.140555452,0.120280971,0.078215883
147063,0.816391134,0.808048037,0.811844275,0.881976639
697472,0.840016574,0.811291714,0.830757019,0.756032126
784638,0.764078469,0.754968745,0.754927512,0.742775842
873264,0.129338085,0.162803516,0.135450087,0.082764141
766744,0.761150298,0.763137643,0.753951736,0.775178077
770486,0.817549148,0.807318895,0.812059005,0.845138542
753373,0.732229511,0.742942822,0.737480545,0.69491396
373215,0.835255972,0.813796968,0.82157875,0.79862701
503133,0.113528931,0.141315189,0.128805805,0.070914115
953296,0.832172303,0.822518647,0.831329212,0.853520962
442877,0.696775735,0.712642799,0.699000079,0.735842884
331419,0.689439256,0.720795617,0.705105909,0.645451893
916131,0.768745069,0.617704629,0.715215176,0.726357476
663117,0.784864491,0.774264604,0.777274457,0.775914022
421061,0.773373185,0.762675,0.771709788,0.850609248
902142,0.754570421,0.763599243,0.760847086,0.727363712
100266,0.794797258,0.790960504,0.790961574,0.787180326
156312,0.763682375,0.755309595,0.762726272,0.745167209
182596,0.727489939,0.706211907,0.720271199,0.61524858
397185,0.698500271,0.680436853,0.698584936,0.762733105
367840,0.08059767,0.118512188,0.094282987,0.066133675
138030,0.803404059,0.811214779,0.805304425,0.803231918
914324,0.851080782,0.842265829,0.839290614,0.882723783
558336,0.147521977,0.167353083,0.152087278,0.213945716
804071,0.794504782,0.783125369,0.789974813,0.859147234
743569,0.713846366,0.715176825,0.707289742,0.671604725
486878,0.799366162,0.792449151,0.801168227,0.807665966
447328,0.158103467,0.166182111,0.162998592,0.089486085
548090,0.645733025,0.643016072,0.639593409,0.524439091
360785,0.095959237,0.128702628,0.105785122,0.052877067
859641,0.614613705,0.676719711,0.641714693,0.586153683
322485,0.163072241,0.160318266,0.152005903,0.110014213
356473,0.177944031,0.177593334,0.16388664,0.108137756
217825,0.806791314,0.801720906,0.803310227,0.825936159
644723,0.187220151,0.208043577,0.192727802,0.131342593
111372,0.807321344,0.798761637,0.794983646,0.89188622
893551,0.588417379,0.627009412,0.606548342,0.547555803
859816,0.14029923,0.167976609,0.147425871,0.104254917
891564,0.09161274,0.123500778,0.10750373,0.051106055
449055,0.789126845,0.7913887,0.788999265,0.829113488
324830,0.813210672,0.793668939,0.805606881,0.860013247
176807,0.764975491,0.753781067,0.757656259,0.798536914
140158,0.74960234,0.752095215,0.751805837,0.736492425
294769,0.810773106,0.795540224,0.808414485,0.800829743
697654,0.127870286,0.155516992,0.140562586,0.087774661
329642,0.085572624,0.116082655,0.096054514,0.083211848
484851,0.130742025,0.161456875,0.14279089,0.099052562
537921,0.708196344,0.715273857,0.706362079,0.795224174
131349,0.791204382,0.786087731,0.788299552,0.79315279
384066,0.800439166,0.789081337,0.797917605,0.852333508
900119,0.154282742,0.176254493,0.158344183,0.073226529
990476,0.855660455,0.831299415,0.83795336,0.879312703
622002,0.732516864,0.528066335,0.64051784,0.772693254
632309,0.755137638,0.759125804,0.757153008,0.657310692
835710,0.094789622,0.12954336,0.107295016,0.066873732
879542,0.719976732,0.696565722,0.70973121,0.794946539
158499,0.743454184,0.741040812,0.745062339,0.80122859
333322,0.122700278,0.151817445,0.124203546,0.09393067
696199,0.855953026,0.855262392,0.848858658,0.881490113
998017,0.794077995,0.776767454,0.786759736,0.830679626
786607,0.250360174,0.264079449,0.248780991,0.159761058
331887,0.770377453,0.766046229,0.769636711,0.721457521
356602,0.714140951,0.725889775,0.714890473,0.807973817
292305,0.142479019,0.164206011,0.144794015,0.179223039
186763,0.834859099,0.799725602,0.812701081,0.82456777
168063,0.766180987,0.754406838,0.758538608,0.761563616
160446,0.770980238,0.775588371,0.770830719,0.747434933
468720,0.821490308,0.801481045,0.813496068,0.859781731
798718,0.859896143,0.834532403,0.850421987,0.793759338
615732,0.786570799,0.785925209,0.786419305,0.793329869
350792,0.765633384,0.768530783,0.771401167,0.827001333
589690,0.81137112,0.796248436,0.802954017,0.820676538
521574,0.78079683,0.789584945,0.785254699,0.769508363
534404,0.781021049,0.777382736,0.776908987,0.808489697
198307,0.811066306,0.796110076,0.800720464,0.86566519
681518,0.131885159,0.150049933,0.133885655,0.126431873
720586,0.130380783,0.145866997,0.134480331,0.055817915
344144,0.806000679,0.800316772,0.800508058,0.815218293
151198,0.761565418,0.758908119,0.758277591,0.815739659
370858,0.838906999,0.824703413,0.830830067,0.80416193
904048,0.87334182,0.854783796,0.862315768,0.845140913
725823,0.720777072,0.726220111,0.724986435,0.739161505
938414,0.753876031,0.74988789,0.747593571,0.803068722
624380,0.119866944,0.14610513,0.125579673,0.138615559
110042,0.140433483,0.15114541,0.138413185,0.103814126
763232,0.75413519,0.751395407,0.739555162,0.73342901
756672,0.858280601,0.834358221,0.84911062,0.864981339
114127,0.879619818,0.856678548,0.871257028,0.820276248
768701,0.082682398,0.132796815,0.101733827,0.047818922
741381,0.846205051,0.829228186,0.837350762,0.840212146
899363,0.73940419,0.735130237,0.740675243,0.75144926
425165,0.11890407,0.142742697,0.130483117,0.082010044
604451,0.815042891,0.81060249,0.806876879,0.868927344
727221,0.742586738,0.736478327,0.736156808,0.75714797
137930,0.77555219,0.786756299,0.782393823,0.740392856
513731,0.781114271,0.786921911,0.784321611,0.703503589
204089,0.207348492,0.217410919,0.211999193,0.204718836
712065,0.730021905,0.734536219,0.727312082,0.829200439
205702,0.749946147,0.7540609,0.749424618,0.812079422
482243,0.107440992,0.123451127,0.107878792,0.054911774
714683,0.860757841,0.813677146,0.841892462,0.89653787
390933,0.617527264,0.660995133,0.636300334,0.539872074
473453,0.104756577,0.145351605,0.115916513,0.063664695
756637,0.165401766,0.180792282,0.161928022,0.149270204
427108,0.741372053,0.750438252,0.753856916,0.841555187
474704,0.776546077,0.780511818,0.778379308,0.785570464
219546,0.829678663,0.819025771,0.824957501,0.835953858
197512,0.828026927,0.822465017,0.824667408,0.865011315
850911,0.827370859,0.817182691,0.81238905,0.830095755
904369,0.116670801,0.165631021,0.130322272,0.303254587
643149,0.760277145,0.753613473,0.755464104,0.80007478
918552,0.818182997,0.813112325,0.820609749,0.830119915
881139,0.757599129,0.735126729,0.75140042,0.787881255
653576,0.819296548,0.804437224,0.808052666,0.878255794
830654,0.700302005,0.684459931,0.700611185,0.734009911
679161,0.100037553,0.1148716,0.103250195,0.026410113
847567,0.707269719,0.708536669,0.707838913,0.741086592
961551,0.785844503,0.763116993,0.776357964,0.852527348
606387,0.758783802,0.758118362,0.755446277,0.775830246
341566,0.874374235,0.85647092,0.865208796,0.911760478
883151,0.807212936,0.778374735,0.796987574,0.838613144
764687,0.849734026,0.83931885,0.841601964,0.929133846
281637,0.119337003,0.149122521,0.127207745,0.079894495
399757,0.802103648,0.802898991,0.79533502,0.83928766
615307,0.696177787,0.713088837,0.69775924,0.729546117
370391,0.865855994,0.828515625,0.852067391,0.844380398
422866,0.745390587,0.747321787,0.745498442,0.790053939
314159,0.725091403,0.738151232,0.734974868,0.760291907
430624,0.77298791,0.765052274,0.770738916,0.749716832
563651,0.807752109,0.790412334,0.799339268,0.849811022
499215,0.732871661,0.729321993,0.730904104,0.791547077
682564,0.757857354,0.757813027,0.757341748,0.837660249
743710,0.79086743,0.776771248,0.781943852,0.787597933
174682,0.637995854,0.642231647,0.635786351,0.601746085
660954,0.168112516,0.164478083,0.15715185,0.085950174
675390,0.11755266,0.140246037,0.124140161,0.090711612
264549,0.731000823,0.736507519,0.738784068,0.751316565
694546,0.761345004,0.757349877,0.752401055,0.804926065
917164,0.788009701,0.639490333,0.743686239,0.741810806
584647,0.841782105,0.794862991,0.820015607,0.843183375
756679,0.814663912,0.807862739,0.809960259,0.834190647
399025,0.770720214,0.771765476,0.773573507,0.784170955
975842,0.806912255,0.764812864,0.786369091,0.810693513
582622,0.775986579,0.76643456,0.770411497,0.724141306
110703,0.869606356,0.850399481,0.856931538,0.850012222
479527,0.745149524,0.749642321,0.752185453,0.803328172
587239,0.877819308,0.858818364,0.866689663,0.858348957
428094,0.693984873,0.704809528,0.693659129,0.673721467
597131,0.730207408,0.725826364,0.7295549,0.714609936
660116,0.797685148,0.781633348,0.792918744,0.798785008
492748,0.84108147,0.814009694,0.827370797,0.803361723
176197,0.134175096,0.162591705,0.141398984,0.115549799
966481,0.129790801,0.161219696,0.140364369,0.108306831
176281,0.131317835,0.14832772,0.134502054,0.087421177
796637,0.852283139,0.817573479,0.828447621,0.823572412
785855,0.811515265,0.788273518,0.797404778,0.783819693
813905,0.775226299,0.768410771,0.771058678,0.904765703
402946,0.729697056,0.733024537,0.721363668,0.819825925
568615,0.753763142,0.747254407,0.760289485,0.745719762
567024,0.746653403,0.737897987,0.744049421,0.739431621
800217,0.816020409,0.801914713,0.804243865,0.804910503
967046,0.76096493,0.741212135,0.750914444,0.804551224
876081,0.750444611,0.765823241,0.753700654,0.780166491
618669,0.743729471,0.756481225,0.741093407,0.830913543
224346,0.147244101,0.1600384,0.146907029,0.104295699
204864,0.710417676,0.704562132,0.717436319,0.759729873
553769,0.766696404,0.766504186,0.76729704,0.753008031
339886,0.739515682,0.739011389,0.726468688,0.734736173
224957,0.74821434,0.754840523,0.748453209,0.782821184
757136,0.849851997,0.843365662,0.844820185,0.870803823
297312,0.668287913,0.686997308,0.674645173,0.626283829
649661,0.860554359,0.845343399,0.852470785,0.833045461
368007,0.731289218,0.73164844,0.733989074,0.765388863
639833,0.732122455,0.728767287,0.727540376,0.757059816
775371,0.735414229,0.739706179,0.735429707,0.773214254
595138,0.789087656,0.785477333,0.780943289,0.80969125
354240,0.776933827,0.767369287,0.76882619,0.830653033
855856,0.183154633,0.190646777,0.184993927,0.122428124
712517,0.141135857,0.160311882,0.149084796,0.070560076
851465,0.79084713,0.789582157,0.788725018,0.755246507
236745,0.322723447,0.309386121,0.315288124,0.136406836
868950,0.795165731,0.794994086,0.795459504,0.830509663
645712,0.787040658,0.772539582,0.781895248,0.89515621
854951,0.102864251,0.140145427,0.113282692,0.092060014
459469,0.6205658,0.650510224,0.646096434,0.529684118
387352,0.688776871,0.700424118,0.693677923,0.646181833
604738,0.723135646,0.736038882,0.729560285,0.80627383
643715,0.70723318,0.70877119,0.715538235,0.697658161
444557,0.822777202,0.823373298,0.823100781,0.870354957
658335,0.81680968,0.806957849,0.809372805,0.849568622
647980,0.582411258,0.640839579,0.608956201,0.565286677
247839,0.119054408,0.139860518,0.126385092,0.091561594
693086,0.793899298,0.791338658,0.791963162,0.791599863
673228,0.892033933,0.873610246,0.880724452,0.843345599
133248,0.785259798,0.773140045,0.778443965,0.862453441
405401,0.867365386,0.839974849,0.843242269,0.831256309
535477,0.815317085,0.796617593,0.809006243,0.83610866
484822,0.109866241,0.134584982,0.115487349,0.086837982
243951,0.712908827,0.571374167,0.667550828,0.669575403
344893,0.220459244,0.247632653,0.225978026,0.12550799
484861,0.798939487,0.771142473,0.781262841,0.816277203
548493,0.080107362,0.120654764,0.094216906,0.058032346
155692,0.133885384,0.178376159,0.146554586,0.084725141
871312,0.118328319,0.13722576,0.121721675,0.094129449
299854,0.120615434,0.151422762,0.132151071,0.08462701
309374,0.682424605,0.699222965,0.694226049,0.644869856
256368,0.795495042,0.779141926,0.786280455,0.815239966
980189,0.734278258,0.745724965,0.744886069,0.737866935
515946,0.7816745,0.758137834,0.779070293,0.865538037
531949,0.142212268,0.151446944,0.143924151,0.062966587
473027,0.190830413,0.195506145,0.17844623,0.191607942
274525,0.861918115,0.837271071,0.850344641,0.838739574
567599,0.754994048,0.760877945,0.757178128,0.803134206
885552,0.824343251,0.807915577,0.818818346,0.842323724
974647,0.749477678,0.749859138,0.745151557,0.771574948
393714,0.765179056,0.755535453,0.761209214,0.730217431
588321,0.785971773,0.772034423,0.779537762,0.747370413
484981,0.747719279,0.746237331,0.756168753,0.642710673
755651,0.73089739,0.747013868,0.744319605,0.761226246
891355,0.126480373,0.157816019,0.133677089,0.093245578
670033,0.753691121,0.750769577,0.754011916,0.738839737
156061,0.124744272,0.157630123,0.132782615,0.071987323
626310,0.800475012,0.792536993,0.800288005,0.799601088
290472,0.782303775,0.779101987,0.785953174,0.766155112
722538,0.268470758,0.240976462,0.250213508,0.175295605
714298,0.790148044,0.766706147,0.780597307,0.814209699
460435,0.762971097,0.748231664,0.760905199,0.752678342
210897,0.76963387,0.759096017,0.761929479,0.860189058
423040,0.757850491,0.753431271,0.756550359,0.79373109
745010,0.849669869,0.821144687,0.83551159,0.882997599
827068,0.734709966,0.729131525,0.734870742,0.778226036
987024,0.770954387,0.774863733,0.775428529,0.747773457
602366,0.803918027,0.805645729,0.806042958,0.754347032
245060,0.731837888,0.728426796,0.728307121,0.790998709
411215,0.841340482,0.817694702,0.829499936,0.884953673
641926,0.63059647,0.659248304,0.644666979,0.60896532
547067,0.196792899,0.189191341,0.189374655,0.139104285
163383,0.112438459,0.156442725,0.120623645,0.070099279
228267,0.721003161,0.723561815,0.728081689,0.749082279
337191,0.837910886,0.834982318,0.838876317,0.834227786
307490,0.567506842,0.619310502,0.584626538,0.589536697
407721,0.751739019,0.760975877,0.769174861,0.756438622
451070,0.128035366,0.160427484,0.142493451,0.077149389
865326,0.111826203,0.134261224,0.117335897,0.075081754
601067,0.816714084,0.805667534,0.808027957,0.790631571
471436,0.793912848,0.780741105,0.785714455,0.823732826
452811,0.66723124,0.679649781,0.667408639,0.790475766
215064,0.771410715,0.769057844,0.766192578,0.733064763
385090,0.764687848,0.764946222,0.770276722,0.802465969
238829,0.748528141,0.754937231,0.751017428,0.778764801
986498,0.743952973,0.718044218,0.738342741,0.724268169
396483,0.110315364,0.149409975,0.119727256,0.086231313
491155,0.787763462,0.764946934,0.776172873,0.775078044
691746,0.753303575,0.756273522,0.753467936,0.822828128
572003,0.748794838,0.751744342,0.754864223,0.725183741
715424,0.761734105,0.768910886,0.760712335,0.798739078
726036,0.624176539,0.666138345,0.64548972,0.511617653
243727,0.744224853,0.746291791,0.742049542,0.832077439
465716,0.848744879,0.82496205,0.839315545,0.848196793
193547,0.623808733,0.665248822,0.642338144,0.536744133
276674,0.708061145,0.71691691,0.709132146,0.768146905
785035,0.750686258,0.747347375,0.751677541,0.789575671
222671,0.741354665,0.733943831,0.737660641,0.749765895
678462,0.791101069,0.776862533,0.786977568,0.737850559
157710,0.764234101,0.764834324,0.76917824,0.805174586
655846,0.758491734,0.749829418,0.750298076,0.800448342
702936,0.075509383,0.123580848,0.091345287,0.057812898
551416,0.876207869,0.848484485,0.85852386,0.945757442
269854,0.675807079,0.688825879,0.687790936,0.701009447
718485,0.78518788,0.776540929,0.789230549,0.714475318
473845,0.765938573,0.7555767,0.752827341,0.787109774
528424,0.726541671,0.725366185,0.720690382,0.782022346
744852,0.900946295,0.86891829,0.887288612,0.889557762
110249,0.840105293,0.827137901,0.835267673,0.893639104
337691,0.805901461,0.798890014,0.806570939,0.820249151
798313,0.149924658,0.180621901,0.160975613,0.137604802
573602,0.808326738,0.792000935,0.799610583,0.837290031
498655,0.815579483,0.821333784,0.820416369,0.83054019
734309,0.772416773,0.761500185,0.765217139,0.868005315
261282,0.878362003,0.852623162,0.867931346,0.88051956
651471,0.796750681,0.784431476,0.788719701,0.822615539
862505,0.703197441,0.70262074,0.710838353,0.685286647
822028,0.674687235,0.710231968,0.665171583,0.242645113
359094,0.782473058,0.765301105,0.770655667,0.835358653
424292,0.740058072,0.748329261,0.749500773,0.750700785
352908,0.152348596,0.161982846,0.153017427,0.09728589
373203,0.133437823,0.152589366,0.139510164,0.111564148
774670,0.730945534,0.735439033,0.733915671,0.786336854
189919,0.115894763,0.143867687,0.122671416,0.083884915
542872,0.728540085,0.74077248,0.732332912,0.766472307
735646,0.704428376,0.71533969,0.711974145,0.739850024
374037,0.887353972,0.877815524,0.87810262,0.912509353
488665,0.114212828,0.14422773,0.125558815,0.084797013
482954,0.112747752,0.139417928,0.11693413,0.121779613
507980,0.79404065,0.794006166,0.796460279,0.868776987
612938,0.145355574,0.184891275,0.159781822,0.081508023
309028,0.853751313,0.845062558,0.849904512,0.93364568
642613,0.809831631,0.804236141,0.810144894,0.792987194
837618,0.747873746,0.746511597,0.746674159,0.747410895
803294,0.15655378,0.166118626,0.154601693,0.091352911
663126,0.778727195,0.755503197,0.763341477,0.787650682
507309,0.746249985,0.744821547,0.746594152,0.770730645
605604,0.795747809,0.78366644,0.794961346,0.875175834
658059,0.723601717,0.730260223,0.720633165,0.806221946
813035,0.840895456,0.821544323,0.831748897,0.883163748
309471,0.839031492,0.821592135,0.823336793,0.865791311
260908,0.622159362,0.659672462,0.649891869,0.555713923
485228,0.852950585,0.841639732,0.85474657,0.83879331
827633,0.80658801,0.778815591,0.798775112,0.80007647
106398,0.778296825,0.779838474,0.779119527,0.785952722
528142,0.761138841,0.760594103,0.758860922,0.800831596
758537,0.14450793,0.159117336,0.14111956,0.121157169
225831,0.86557806,0.837366659,0.846837665,0.985918762
499716,0.844139238,0.805018616,0.820764794,0.89852608
475506,0.752626545,0.754185955,0.750485582,0.817232084
745637,0.825928359,0.798391262,0.818718685,0.874714009
731239,0.797758647,0.783345036,0.790495724,0.834501082
353799,0.828588409,0.803353694,0.820058833,0.80875871
952541,0.800363223,0.788012854,0.789793715,0.900021384
575705,0.854327095,0.835138111,0.844517984,0.858994292
624262,0.787015736,0.803439791,0.798168934,0.86043036
453150,0.845271046,0.832254691,0.843673334,0.777863938
324714,0.743631627,0.741046339,0.744512929,0.780342777
287546,0.146805858,0.159623065,0.147506397,0.081328991
872470,0.743527644,0.748708627,0.746384727,0.797239878
852602,0.114415,0.146256991,0.127139628,0.071533391
172441,0.773409848,0.763768113,0.769737654,0.818543209
437686,0.723870311,0.731927968,0.729431139,0.732529395
494238,0.173673261,0.192956996,0.172946592,0.159405077
305451,0.115729338,0.146623694,0.127129045,0.059845051
187371,0.765112717,0.759051322,0.761520553,0.774477587
306261,0.777187413,0.773711055,0.77124411,0.888727392
423804,0.786571066,0.78403231,0.784531988,0.804391214
473185,0.769719078,0.751313622,0.762269391,0.65578214
338093,0.812279883,0.790459128,0.800059432,0.917714356
657102,0.137314501,0.168927053,0.150961403,0.121528383
583414,0.155648515,0.189475195,0.162602113,0.106085091
917858,0.828254079,0.790141742,0.809597823,0.869671411
911940,0.112889674,0.140742258,0.122218873,0.092159435
414198,0.745158098,0.72639548,0.726146504,0.838338211
202828,0.163611478,0.16796992,0.157995644,0.09628397
371363,0.730963919,0.73085691,0.735561413,0.732678712
100460,0.144987249,0.172825752,0.154923253,0.135778463
284814,0.132853183,0.163297459,0.139827553,0.084160107
607536,0.750116384,0.749848142,0.742980661,0.796641831
703480,0.746439563,0.737360872,0.736074919,0.760151494
756811,0.10457257,0.146580882,0.128049369,0.051223223
510779,0.827184401,0.810248254,0.8072642,0.879611633
677579,0.777686371,0.773289795,0.776384431,0.762541821
894339,0.098219801,0.136330146,0.1116099,0.123269367
625255,0.098632232,0.141411051,0.109830171,0.090183014
351175,0.719103198,0.71701656,0.718609247,0.733139935
871364,0.120656101,0.150515177,0.128337206,0.087961442
652827,0.718572778,0.72413214,0.723426249,0.763545105
270163,0.711415714,0.699270552,0.709250364,0.711625084
813084,0.741309306,0.749731739,0.750166823,0.815318123
845757,0.794748055,0.785058268,0.788710541,0.89479752
812360,0.843539514,0.829812809,0.836026835,0.858709493
200702,0.90427966,0.883385095,0.891553283,0.888333984
596956,0.845965909,0.822313483,0.83592395,0.740993656
189708,0.14738759,0.152973454,0.142713999,0.117372017
488070,0.086661872,0.124542582,0.098497869,0.103042861
861996,0.76384042,0.754145204,0.75582924,0.79558739
518069,0.151451635,0.172965648,0.154617268,0.104677274
614405,0.808486989,0.793040354,0.795309263,0.784332043
232246,0.112373046,0.159794205,0.123571515,0.081354632
644812,0.72223931,0.723760512,0.725931844,0.700670175
100682,0.7907355,0.780108865,0.783714091,0.768779807
724291,0.826401316,0.817398587,0.822771065,0.804505421
899556,0.825569206,0.809347597,0.818678219,0.900932941
429151,0.104027216,0.139040351,0.11686663,0.07366116
197861,0.732725547,0.745026662,0.736820212,0.768713543
969245,0.805832477,0.79545749,0.797870315,0.812278927
992504,0.094408328,0.12176501,0.108646907,0.068676815
914330,0.098535281,0.129872845,0.110596612,0.110112319
412051,0.761175618,0.767118298,0.765309151,0.796648495
559100,0.610419876,0.625369377,0.605008468,0.781796437
256410,0.74009712,0.750491083,0.745777517,0.763937507
870558,0.726984639,0.743984002,0.733105921,0.749137301
386179,0.130526766,0.16170232,0.13739019,0.093838853
831809,0.813737519,0.822382269,0.814581675,0.898718125
319725,0.69894284,0.699971213,0.70332744,0.673974843
630769,0.815712672,0.802709342,0.810486771,0.833378572
225100,0.821411095,0.803370122,0.819823548,0.80165256
783576,0.761070748,0.751642163,0.757781554,0.779518408
154003,0.786876057,0.780310484,0.782540551,0.815456763
119333,0.156819906,0.16810686,0.161069102,0.075390986
710835,0.794585501,0.784377261,0.789631894,0.885642569
512468,0.143637754,0.167576037,0.153295996,0.103969439
426034,0.835424094,0.819232465,0.825134141,0.839183316
901007,0.802930508,0.773310769,0.786256865,0.781984382
197257,0.853566759,0.82982952,0.844279988,0.830888303
506146,0.141347906,0.153300656,0.134041451,0.086588766
280231,0.829043276,0.813772172,0.818598785,0.799366519
997586,0.808244569,0.792051382,0.801300082,0.821299414
143309,0.760042954,0.757334464,0.754243945,0.717108962
933430,0.736407598,0.740524681,0.734307949,0.764699675
279880,0.723897671,0.731475835,0.731800032,0.652456301
525953,0.787255011,0.790393795,0.788121702,0.829472025
456594,0.72252544,0.727565149,0.72791068,0.778601425
358251,0.102944074,0.143242607,0.114518263,0.074247835
122455,0.840158164,0.826182954,0.827419872,0.880085941
692226,0.792180582,0.779082791,0.795876634,0.763896966
997189,0.767142139,0.763743902,0.761778022,0.675619822
502415,0.805121993,0.789108914,0.791783005,0.878036633
325091,0.11691269,0.150212549,0.133877963,0.086687037
181583,0.101220794,0.128743451,0.111326167,0.057454028
122477,0.842974493,0.821727523,0.835430306,0.824740269
317734,0.788800517,0.776369327,0.782334955,0.808775049
391951,0.666748717,0.692575638,0.677249342,0.712490917
923415,0.823145225,0.809871363,0.820063929,0.796341175
519483,0.133249316,0.146931031,0.137127491,0.061442937
691757,0.680059187,0.684188668,0.684443249,0.74765527
593640,0.119308606,0.160654951,0.133124644,0.070112918
420444,0.795200949,0.777231047,0.783029724,0.782016023
488816,0.812651193,0.80006278,0.806882598,0.78316277
611829,0.799991379,0.779680055,0.792624707,0.773551506
706227,0.675911551,0.709070365,0.68246291,0.277116794
120356,0.776015726,0.771227674,0.778506805,0.791635142
228473,0.187120476,0.187825883,0.181666692,0.115302679
398755,0.763334034,0.765288255,0.763244633,0.727747998
701964,0.783021651,0.77133886,0.781580482,0.732271288
798828,0.811217505,0.799381599,0.805624054,0.829070987
589502,0.137721035,0.177321137,0.149755059,0.082606235
873131,0.130415658,0.161808384,0.136619226,0.081476806
626371,0.113026868,0.14610226,0.124819594,0.093863828
977068,0.701424785,0.715289186,0.714377056,0.81748232
387747,0.736666772,0.744310987,0.742678937,0.716513842
854500,0.879823496,0.859910967,0.870689638,0.882817538
854593,0.726444345,0.687429505,0.730950039,0.736139729
166939,0.831171975,0.821937676,0.823393935,0.745250228
622410,0.779906787,0.764057164,0.773587447,0.817567188
561204,0.231844596,0.232241879,0.214805259,0.141558873
220829,0.837146816,0.821994096,0.832547636,0.852271295
239058,0.161305938,0.194596303,0.164947827,0.169871893
556720,0.793939687,0.773833533,0.784741391,0.735003237
848681,0.798940643,0.793614988,0.801059166,0.841132028
473759,0.600250815,0.66006934,0.632343905,0.594636245
527738,0.748978201,0.746981509,0.754917351,0.742436783
765863,0.799894312,0.790843781,0.797316469,0.825406329
619507,0.83032381,0.809185484,0.818449498,0.825832655
776004,0.818508104,0.605897584,0.719790586,0.810284198
492757,0.810873869,0.807795917,0.808934549,0.850039238
789768,0.10217687,0.135242596,0.110479945,0.08738095
889207,0.713477765,0.733877785,0.715893048,0.767024321
836094,0.893270244,0.866147279,0.878139192,0.888755654
238078,0.840691739,0.815427646,0.827555294,0.682708434
592716,0.798545682,0.795791113,0.793853869,0.84526036
873111,0.86128254,0.838430049,0.847356948,0.918475477
640862,0.78570869,0.788048649,0.784903218,0.769652435
328361,0.164626236,0.165692741,0.159222688,0.113828472
720713,0.792469992,0.765881922,0.777723746,0.740670378
197233,0.655123161,0.680604904,0.674456023,0.73748892
259756,0.757191281,0.736384801,0.753027522,0.78265949
661080,0.707376246,0.714613245,0.711611742,0.771733593
581016,0.110320265,0.124905378,0.115345451,0.042635632
491200,0.687935473,0.687214976,0.68736793,0.761320565
715993,0.804194799,0.776023282,0.792197996,0.777092393
987621,0.689121197,0.698574648,0.685116509,0.803889279
468498,0.85087906,0.833827879,0.834949435,0.88032003
429961,0.77246522,0.767658092,0.769094369,0.777323369
970970,0.822675132,0.809592539,0.81179123,0.846168869
402279,0.772049681,0.763984245,0.765812756,0.738934212
700189,0.773485966,0.756666568,0.768479382,0.742350455
480186,0.81658438,0.799700727,0.813593217,0.93868685
673564,0.738356776,0.739475567,0.735992375,0.784969958
921936,0.75881302,0.748293688,0.758490063,0.803575659
259323,0.759171384,0.749852816,0.758857352,0.787900307
865224,0.133468455,0.181465548,0.143444199,0.101412763
497042,0.74416239,0.724221095,0.735821921,0.768495573
662922,0.750831749,0.747308528,0.752048456,0.766183713
543620,0.133891776,0.153952342,0.138622485,0.08763167
598443,0.818480233,0.777229975,0.798125701,0.790784922
379208,0.757229579,0.764542453,0.763140106,0.884995778
806644,0.731469248,0.728564711,0.734457956,0.719948928
576118,0.135832411,0.157764198,0.143140954,0.056465218
119908,0.795272041,0.766911351,0.782810401,0.732462904
503650,0.771780285,0.769557244,0.770122615,0.785481247
891427,0.173667108,0.204095156,0.178910329,0.07146296
938453,0.823424235,0.810165843,0.813946732,0.862662751
576135,0.746066639,0.754254596,0.75291226,0.787347069
890575,0.738705138,0.746016919,0.750749702,0.718427806
455614,0.079440364,0.128816002,0.10123897,0.044664073
978847,0.814544275,0.800193836,0.80327347,0.789513056
874269,0.650887917,0.68811327,0.671310456,0.657671445
257765,0.228209896,0.204667795,0.207597975,0.121479468
775583,0.144902748,0.160698173,0.137685196,0.145058698
557651,0.731021373,0.736892821,0.731921995,0.751435732
569144,0.752743195,0.747770115,0.752162427,0.733420715
714753,0.126862252,0.141002844,0.125867461,0.059347885
822472,0.746140631,0.749760724,0.747994964,0.744070561
485273,0.766184439,0.758791897,0.76573467,0.839897727
926565,0.137556512,0.170101991,0.143167997,0.086418562
839884,0.815710823,0.79817637,0.802051141,0.828531204
718205,0.813640772,0.800336371,0.805560646,0.824840384
492953,0.849007167,0.835801314,0.841664278,0.894879911
135775,0.790810107,0.786365288,0.791276818,0.79696438
824332,0.75339964,0.745607344,0.749580114,0.798615569
229171,0.750191897,0.748567071,0.746787397,0.788740652
429318,0.745566452,0.747678318,0.739308458,0.76950443
803199,0.749041682,0.748973759,0.743827393,0.861974195
332273,0.730165058,0.735684962,0.733395585,0.749092657
726571,0.835552098,0.814390307,0.826659681,0.79696438
719815,0.810649867,0.802432339,0.806529104,0.866822974
122400,0.738558381,0.746800865,0.74436464,0.791894581
859018,0.730657252,0.737441391,0.734231416,0.761994921
734810,0.824313445,0.819068688,0.826686341,0.862276995
419761,0.802961677,0.793310851,0.802041227,0.853744803
159783,0.76717816,0.751599775,0.761048991,0.750748111
978003,0.099784247,0.138906701,0.110766426,0.131049314
711730,0.761388636,0.763557362,0.759988498,0.80687406
994106,0.689118444,0.691472343,0.68805262,0.702844481
182776,0.759519922,0.74390993,0.741461069,0.873125266
743307,0.71894741,0.717081363,0.717806748,0.666386025
247772,0.811449069,0.784556859,0.793612016,0.818180505
287404,0.768237565,0.765456329,0.76268875,0.753318098
247738,0.592839361,0.657957245,0.619994513,0.787641243
151807,0.815759168,0.805371959,0.808236401,0.79849349
337137,0.784370951,0.781098837,0.783557506,0.808025374
560308,0.787339189,0.783703067,0.78074732,0.811395406
544503,0.84262829,0.824138477,0.831472855,0.800633481
509479,0.101900334,0.147563921,0.115913034,0.096023698
253184,0.76663782,0.759851642,0.761900208,0.760940094
463278,0.7640503,0.765677375,0.76693235,0.8264296
615458,0.873068019,0.857169036,0.862569108,0.880585112
189611,0.112951053,0.136460395,0.120916143,0.059656826
791934,0.835106814,0.807209473,0.82682744,0.825850121
375551,0.784778916,0.775536761,0.779110611,0.743373347
691702,0.726939145,0.572195257,0.680305601,0.7857897
734544,0.748927992,0.756101351,0.757220138,0.687675352
343882,0.729116088,0.735521593,0.732806798,0.721424419
402862,0.122678622,0.1501548,0.121214292,0.087557616
586479,0.854394305,0.828153513,0.840044967,0.920619103
753535,0.754851276,0.758482127,0.750489286,0.79533772
349307,0.825363295,0.815597124,0.81761863,0.850751576
721051,0.743944819,0.748229786,0.748289929,0.778775971
536548,0.089365537,0.12828335,0.102497514,0.070922139
753815,0.815128655,0.80406643,0.808683696,0.767202897
562464,0.827561093,0.814805313,0.816540885,0.835558603
153874,0.75831551,0.756484066,0.760761503,0.762098925
162859,0.709750456,0.71290617,0.71739967,0.764348562
575487,0.784475485,0.773713664,0.780629952,0.776558907
980694,0.816071899,0.791453483,0.802453407,0.858731473
156113,0.084622353,0.122658205,0.097289051,0.066818714
387321,0.717064406,0.726314947,0.727034609,0.709551517
877121,0.820313442,0.802285646,0.811733827,0.82715923
315272,0.834618017,0.817587417,0.822789297,0.856474785
801214,0.126069274,0.155346672,0.12996428,0.074538779
209386,0.731488923,0.736369367,0.733371325,0.705935797
815417,0.799334661,0.782572267,0.78807148,0.80512761
446899,0.722550859,0.723166598,0.72124244,0.753977564
235611,0.711929049,0.723018803,0.718349985,0.788802483
635512,0.788067878,0.774425111,0.78071479,0.750417522
836354,0.861337332,0.836832882,0.852935165,0.822233902
781445,0.806545444,0.792010285,0.792126495,0.893668461
762164,0.822471746,0.80765467,0.812565151,0.834482137
532776,0.77630183,0.624890272,0.724449016,0.737608211
903780,0.151708347,0.163434974,0.147198917,0.150051789
386589,0.740502792,0.74968633,0.741336672,0.782719055
626861,0.845911051,0.640275041,0.755028857,0.866528178
985883,0.825692502,0.806205102,0.812077655,0.838867739
748662,0.080045482,0.131770138,0.10017717,0.074829056
600626,0.773270092,0.772533402,0.76757962,0.846145898
418109,0.854841533,0.829779079,0.849093037,0.829800417
277092,0.853339732,0.837669909,0.843331023,0.8460686
264553,0.753217199,0.748744268,0.748861108,0.789350714
291896,0.124812268,0.161420116,0.13182041,0.13263399
376250,0.787739942,0.772493929,0.780639036,0.814933053
652100,0.1551126,0.189241304,0.166454165,0.128704935
681257,0.843671483,0.810395531,0.832233238,0.811640092
641474,0.795014649,0.787938241,0.791879855,0.856683042
406313,0.121805446,0.135845169,0.122189995,0.189840049
480925,0.775680423,0.734020298,0.767533345,0.774962903
644623,0.892560239,0.854954179,0.877726864,0.953942411
811321,0.114858829,0.162845642,0.130872506,0.107498959
364829,0.608122466,0.652570668,0.628468898,0.530458328
414283,0.766745534,0.757192177,0.76252987,0.784558572
645922,0.748474158,0.76532954,0.754813942,0.719350605
324479,0.110196682,0.141028107,0.114738392,0.066563059
217510,0.746382326,0.746458042,0.750699227,0.844245473
723745,0.773059179,0.77467732,0.764430666,0.809785898
125899,0.771318288,0.76594069,0.769200506,0.840772163
154674,0.696524722,0.703432064,0.690262758,0.803490423
647051,0.812863219,0.781025901,0.801459872,0.810995175
905042,0.792795385,0.78608043,0.796668385,0.897394316
607874,0.854782963,0.837551481,0.843603643,0.859691754
569848,0.794527142,0.791883444,0.789608594,0.82933594
283199,0.859362734,0.825484411,0.84063343,0.826697941
360014,0.785604226,0.769394232,0.781375531,0.802230427
998023,0.767575969,0.764098369,0.762048099,0.818635794
366944,0.747056716,0.745374627,0.744573152,0.771582917
938521,0.792982238,0.585484198,0.693534868,0.756662848
867015,0.70233234,0.70559293,0.709234676,0.776965072
903409,0.774070597,0.77054091,0.769946694,0.80951835
676716,0.133325077,0.15235609,0.137804741,0.099082067
428931,0.88525234,0.853352485,0.87210061,0.853871587
329275,0.719312655,0.718710566,0.715623689,0.792181833
764259,0.113060877,0.13942787,0.124580281,0.084323167
179143,0.811107261,0.792465875,0.801770539,0.849781698
197236,0.751215728,0.735626288,0.740838067,0.783430913
694516,0.61616307,0.662198771,0.637881449,0.611593298
977284,0.701673116,0.731577674,0.724114014,0.764314598
323110,0.808162551,0.804884033,0.802596615,0.844079405
372057,0.781836324,0.771552698,0.781894702,0.856866467
737064,0.158182783,0.172212496,0.153419535,0.100761932
429121,0.10656448,0.134159992,0.116861497,0.080718232
117513,0.136242618,0.166903787,0.142939382,0.154712544
948569,0.809884183,0.796448441,0.802848219,0.851656194
616708,0.709541011,0.719911673,0.703584651,0.682650297
798071,0.779122352,0.780609529,0.782567463,0.717647489
372929,0.700317876,0.724462817,0.706810837,0.818110883
193144,0.164714485,0.188629941,0.171560675,0.093364601
471967,0.825121756,0.802875273,0.809770805,0.82999188
909568,0.142622209,0.182998574,0.160280551,0.110368901
450865,0.838388817,0.804886827,0.821490439,0.866273234
869096,0.104406941,0.144144826,0.115438602,0.134948024
766824,0.781785209,0.773008952,0.774921688,0.868770187
198753,0.59367808,0.631816939,0.597944758,0.64000686
375272,0.469644972,0.567082485,0.483145118,0.87201526
278109,0.736384781,0.755997154,0.745933698,0.788096369
654164,0.77961356,0.75787702,0.775478689,0.682444838
567711,0.805402219,0.787852582,0.797975922,0.903532068
291456,0.824961107,0.802357273,0.811676976,0.861155519
650760,0.735286119,0.710876906,0.723935474,0.759792012
828653,0.687655281,0.705803198,0.694954992,0.727651256
581068,0.80530609,0.797487003,0.79901099,0.81895498
382394,0.831908235,0.806072249,0.815070111,0.876685874
402270,0.767877903,0.780983428,0.770922396,0.830438881
122999,0.692230024,0.705188559,0.700912148,0.669665381
774941,0.084655801,0.128633894,0.097289917,0.068541251
135518,0.735464856,0.762859726,0.743147204,0.334167386
157569,0.682659644,0.716013542,0.686346736,0.272103537
282567,0.782833431,0.581856274,0.695443267,0.784746784
448801,0.751705145,0.7568361,0.760916214,0.654549045
786873,0.902257767,0.873271919,0.88409834,0.950349899
543239,0.730186569,0.732939984,0.736011438,0.722253398
713573,0.70289908,0.727938039,0.709771045,0.78217086
748376,0.766202623,0.765909652,0.765312439,0.777339812
129030,0.108373562,0.14089235,0.123020417,0.100000013
782842,0.809765065,0.799006984,0.802421425,0.837085507
458753,0.71559379,0.73055448,0.726540894,0.774133458
591137,0.750805677,0.737669984,0.744316569,0.785923624
806061,0.757313413,0.755436366,0.755878508,0.784891554
224409,0.101885203,0.133809663,0.108715368,0.041690697
233642,0.761708571,0.750376949,0.759098014,0.733926067
298954,0.749124079,0.755987863,0.746680977,0.813264647
602351,0.768211217,0.776619596,0.772303356,0.722385717
229659,0.74188149,0.74382708,0.744705885,0.777810155
198523,0.817141387,0.805390643,0.809875204,0.804674606
688400,0.68488416,0.703096426,0.694195232,0.698579948
879210,0.734391932,0.737975897,0.736389225,0.775830246
781805,0.767351918,0.759180027,0.759680562,0.794519176
289179,0.101622202,0.132341072,0.123062562,0.084305196
578608,0.686496442,0.689280124,0.687861063,0.786974306
277541,0.830299496,0.83121017,0.828942402,0.917903758
434479,0.751811179,0.752581813,0.751460997,0.743311501
210579,0.760774332,0.75612438,0.761154575,0.689243039
432510,0.663022716,0.670679726,0.672876062,0.57908418
109790,0.717333155,0.729292045,0.720089967,0.690831247
489791,0.073272968,0.124782023,0.094569495,0.071741649
279832,0.8431282,0.819105068,0.834847624,0.821685018
769058,0.777943387,0.771823213,0.77279461,0.770172094
244505,0.078754598,0.119942985,0.09163764,0.088763269
589934,0.850122686,0.825342908,0.837266115,0.872689452
269459,0.105235407,0.139705539,0.116250852,0.08579266
109106,0.794109951,0.790314619,0.790160669,0.773654517
160769,0.123624296,0.154791306,0.130116886,0.088094274
655388,0.135836959,0.16613981,0.137970716,0.169369403
916819,0.108030147,0.134206056,0.118721783,0.114111098
348400,0.833425003,0.815763545,0.821670238,0.826772779
573372,0.753134081,0.74903732,0.748596689,0.759504826
625732,0.78522696,0.770679242,0.768055196,0.807806659
958853,0.817518945,0.791380308,0.803338692,0.847472903
264162,0.074127418,0.113801619,0.090827856,0.045862708
687040,0.745139617,0.747822896,0.744198116,0.803485367
937331,0.119907408,0.149932304,0.13305439,0.090039247
393485,0.868845656,0.839907455,0.852298828,0.840605373
818469,0.811179869,0.809536041,0.804331731,0.797465909
184797,0.124892959,0.162852668,0.137390031,0.093654104
296036,0.750577913,0.750162236,0.746496579,0.767648766
297411,0.733575571,0.738269066,0.743307802,0.574197206
291902,0.757071365,0.765763859,0.756150436,0.697465732
349203,0.798468302,0.781168872,0.78782778,0.779775234
712208,0.845457378,0.821469897,0.834252769,0.83253461
764767,0.750099146,0.75787233,0.754705304,0.734054786
347000,0.14515004,0.181720352,0.151135354,0.186665784
987055,0.781942733,0.585571454,0.697537469,0.782808472
311334,0.752517604,0.752050995,0.751335646,0.786202005
969214,0.151953091,0.15417809,0.143918862,0.088855938
498420,0.765503697,0.758575256,0.760547392,0.782789325
412413,0.723833358,0.708825673,0.712800583,0.805034921
188171,0.847426674,0.829587009,0.842145102,0.845154241
479031,0.142062944,0.164725757,0.151687674,0.090985207
546339,0.124932928,0.15491997,0.12654027,0.17125629
228486,0.783501881,0.776606022,0.777647606,0.746476215
823386,0.8190828,0.811865106,0.817839706,0.798812298
205215,0.123548072,0.162336222,0.131505003,0.106783045
249040,0.634440853,0.661958076,0.648168089,0.584752553
931863,0.114325357,0.151065948,0.128758528,0.08829367
114942,0.142095264,0.167705247,0.144129841,0.127934857
184620,0.739424853,0.738512273,0.734346053,0.778550428
510795,0.719498438,0.725336962,0.724388653,0.681846766
402199,0.70408583,0.716194343,0.706297221,0.737109904
195467,0.761607644,0.750178759,0.759913807,0.754671085
951146,0.605371439,0.638358415,0.628070083,0.703163295
679395,0.748165515,0.753331438,0.75142786,0.767728033
555794,0.809094026,0.788825611,0.79825377,0.833480053
273691,0.124962527,0.15885256,0.138725257,0.18745308
751900,0.829883295,0.812816662,0.819110285,0.868272107
783566,0.841713537,0.827499629,0.828275709,0.873807487
205360,0.777740192,0.769651534,0.771119763,0.823464497
888113,0.684590089,0.699191695,0.687356169,0.773368166
425609,0.756009893,0.762410901,0.754229332,0.751494625
893799,0.19857109,0.224850427,0.203897526,0.100353124
576724,0.742835526,0.724445495,0.737891013,0.758860885
482436,0.164344045,0.16670048,0.156339011,0.117175841
218252,0.770803626,0.781380904,0.772101029,0.790949834
996553,0.110709012,0.134682281,0.114391922,0.040758064
705611,0.158500058,0.161952916,0.148542883,0.093934136
461199,0.754907357,0.753387719,0.756349892,0.76678856
876199,0.796002552,0.789755325,0.792427724,0.982056809
401841,0.787672817,0.787503964,0.78510389,0.789978424
360365,0.764242412,0.768943027,0.764935492,0.801810324
245982,0.795812471,0.783608842,0.79198602,0.718314503
538411,0.793356063,0.775491651,0.785393333,0.842475903
797971,0.800941035,0.78759498,0.791311185,0.88446314
672700,0.701013234,0.710597315,0.69948076,0.676817272
997059,0.190708675,0.197299162,0.189695645,0.135030731
860010,0.762462751,0.767652124,0.77019488,0.791433634
904648,0.124893287,0.168246501,0.139713197,0.069654452
838653,0.716947017,0.719240307,0.707866073,0.769603515
639178,0.680074434,0.650662664,0.686803889,0.525355616
325670,0.847774004,0.822857457,0.834181828,0.804771746
516093,0.681068543,0.718267351,0.700369414,0.273832656
545502,0.211975799,0.219187946,0.213937364,0.146657288
159805,0.121140073,0.14047903,0.126956518,0.079565676
610388,0.106052589,0.143613295,0.113477539,0.077700208
555569,0.142190355,0.172742147,0.14856,0.132385963
170437,0.819978625,0.795931468,0.803544023,0.829384874
297028,0.825829306,0.811088496,0.819190351,0.859141286
808122,0.809115497,0.784294537,0.801703428,0.852424102
875702,0.728486171,0.740445501,0.734327197,0.793679331
396350,0.101671561,0.161933392,0.116409443,0.063012323
765102,0.838502994,0.800035439,0.821652758,0.891884801
319230,0.828366715,0.812637261,0.815112344,0.887228114
587444,0.762733206,0.74291286,0.743922378,0.791116936
357673,0.171985864,0.199679733,0.172286617,0.122021822
648722,0.865935442,0.837939662,0.849322485,0.946269995
988565,0.839938172,0.816300879,0.826674589,0.78861987
662186,0.890047068,0.862472931,0.875840865,0.879782366
508555,0.852587759,0.828670029,0.83707157,0.835065629
913129,0.817967349,0.798013831,0.811239617,0.814361305
505094,0.777114313,0.772306282,0.776424692,0.789001651
262861,0.873452718,0.856797046,0.86221928,0.888166507
903789,0.789275929,0.774988576,0.778472564,0.739107698
552741,0.843655979,0.827097087,0.833743963,0.848674755
775336,0.712748802,0.719171531,0.717469689,0.76960236
629718,0.125843342,0.148061747,0.13456837,0.098113596
116797,0.792602626,0.779935896,0.795530415,0.820513669
562947,0.795894288,0.780388714,0.796297898,0.781448547
580841,0.094015415,0.129505532,0.107647159,0.068747944
429062,0.726471987,0.722358233,0.725213008,0.743190372
845945,0.777587575,0.769826485,0.770812763,0.841422118
738855,0.213178416,0.194535507,0.200116569,0.152305758
886563,0.706110002,0.718536976,0.711876741,0.759409828
964845,0.788773505,0.782956049,0.787010564,0.778023598
900282,0.773752365,0.772010321,0.76490864,0.784536471
273425,0.101965026,0.14719787,0.118680288,0.051950747
425849,0.78293715,0.786979593,0.783190296,0.781004168
996788,0.741161395,0.750614789,0.746847948,0.84650702
421049,0.786660546,0.79168097,0.787388825,0.773572446
892253,0.765980413,0.75450581,0.75924853,0.816981372
839139,0.123703864,0.154704591,0.136426545,0.085675031
943811,0.764666643,0.762208844,0.759810152,0.798598353
116579,0.803051221,0.797268177,0.7956334,0.862389993
546524,0.777962684,0.777631117,0.772438889,0.805628383
872667,0.706618836,0.724274206,0.716546001,0.710862521
712558,0.822232757,0.797127372,0.813219635,0.801456039
278779,0.775914688,0.773600807,0.775417641,0.795317153
567029,0.106585336,0.144132192,0.120504735,0.064259133
280792,0.12454606,0.16620233,0.136325382,0.086622274
642833,0.74041833,0.736532156,0.741547174,0.773181314
414151,0.733391543,0.736898256,0.736046189,0.811412711
924912,0.893710503,0.863085453,0.872602453,0.942910451
812503,0.757520645,0.745096919,0.754435975,0.775274417
426633,0.79766105,0.780187358,0.791131444,0.7352322
851380,0.102817496,0.129364189,0.113823269,0.118634282
916126,0.808857945,0.791986736,0.801877733,0.862773462
352569,0.748429166,0.745249669,0.7491296,0.711511322
966094,0.101120439,0.129567367,0.109413056,0.091040245
389077,0.818858504,0.803942195,0.811263605,0.829956711
636970,0.790167136,0.781313172,0.783893055,0.843767554
911028,0.724706918,0.727392098,0.723141485,0.782168374
523575,0.728308469,0.734004453,0.731638609,0.735296326
565211,0.694799777,0.700406984,0.698446348,0.723615277
537855,0.744541145,0.750532613,0.747446104,0.6448872
528905,0.772781901,0.770616169,0.775758172,0.741803487
550924,0.630676601,0.648906012,0.642364747,0.560146187
245259,0.096978847,0.13280617,0.106513948,0.09629058
795103,0.704456824,0.722305845,0.713007493,0.744412474
434351,0.775365925,0.770690688,0.769881692,0.810672943
946644,0.137243124,0.167100298,0.152205853,0.14796931
696553,0.132714343,0.145254621,0.134855497,0.038967781
687565,0.116159896,0.153608402,0.126444429,0.112516556
839116,0.788939232,0.769621192,0.773687858,0.787997463
165217,0.847539676,0.824663347,0.838710703,0.841100454
163660,0.177779597,0.197493896,0.178860457,0.112247845
159392,0.786202329,0.77236999,0.774922415,0.798074846
905024,0.757397974,0.753005705,0.754417956,0.796830041
125003,0.147471094,0.162694634,0.14613529,0.162914323
944436,0.713258307,0.730090015,0.719651481,0.710904907
203004,0.790028994,0.741489202,0.77483803,0.782200085
338151,0.149133071,0.158529227,0.14618449,0.149735002
686918,0.740785207,0.743909714,0.740251613,0.754545936
666578,0.739302622,0.739856948,0.740857952,0.780181974
927809,0.192137356,0.192952302,0.185052548,0.150697397
860044,0.809606006,0.792213363,0.801609233,0.791460735
356929,0.856699093,0.842619038,0.849154746,0.83946841
712907,0.77141584,0.763620189,0.767242672,0.738480741
270960,0.797926245,0.781230528,0.788295091,0.821225543
202554,0.810513264,0.787758555,0.798040072,0.816665793
415742,0.728387796,0.728258395,0.735769486,0.770268802
953540,0.859533699,0.829602245,0.846053034,0.855823259
730285,0.764837737,0.763942088,0.757805961,0.789762776
564619,0.135661807,0.168279662,0.145409953,0.08235803
100819,0.125714287,0.147181723,0.131602928,0.103097781
765159,0.818476362,0.789939814,0.800262975,0.805533984
489157,0.765714146,0.769783204,0.76869179,0.83906662
304468,0.730101068,0.725775173,0.732759836,0.738417614
730301,0.123655169,0.143755512,0.127199055,0.107780478
299957,0.749611109,0.749504459,0.747157006,0.748289155
971917,0.858279227,0.839679231,0.852093028,0.868005276
562168,0.668954685,0.695204707,0.684384472,0.737635949
108194,0.735690617,0.761659938,0.740733194,0.604221465
590532,0.778212658,0.774668533,0.772680917,0.780029939
268099,0.761321134,0.767477246,0.770846504,0.777544017
405003,0.690182619,0.675645574,0.689864201,0.616798852
344206,0.101124999,0.14524282,0.113280541,0.115853353
302138,0.798429953,0.808482234,0.797616283,0.848373155
517437,0.082785637,0.122664754,0.095339035,0.042657279
203738,0.754919505,0.760502618,0.753137625,0.771922853
253030,0.76036161,0.753534337,0.756276474,0.801701659
632315,0.087194431,0.134821492,0.107311001,0.061232307
464010,0.754428084,0.774467361,0.761513955,0.743484926
816872,0.225967997,0.242358749,0.226598061,0.114534146
874507,0.123646842,0.161963774,0.136556593,0.071214529
823147,0.086870899,0.115858547,0.099671359,0.059200178
752293,0.149302049,0.163183853,0.152656267,0.095270757
662296,0.786328087,0.782393138,0.786005809,0.810424986
399449,0.127970176,0.154743877,0.140622882,0.091850395
686052,0.138425179,0.165233443,0.145058828,0.107238838
895660,0.819816277,0.794652271,0.803241346,0.854201827
326371,0.715072391,0.730727814,0.721681151,0.789261851
421158,0.135385444,0.149901812,0.13684223,0.064646024
776093,0.842928225,0.821736146,0.831298985,0.824387144
410772,0.716374849,0.719794016,0.70303802,0.753476664
508718,0.780991192,0.78086719,0.778613257,0.820537747
488083,0.759806654,0.752880995,0.764515832,0.785034848
984080,0.740047098,0.730911056,0.740448215,0.670037505
862307,0.728508319,0.734082517,0.737234997,0.747830644
256164,0.771569069,0.770886673,0.767256327,0.806025001
448544,0.698058595,0.711437561,0.703635262,0.658589905
340171,0.616649709,0.669625538,0.637129722,0.615867
614502,0.793188621,0.784542089,0.793122866,0.830733353
812909,0.683304685,0.692093802,0.67973057,0.706869766
418797,0.745618349,0.766823007,0.754861191,0.701658351
518482,0.721088104,0.722383548,0.725970844,0.709803864
979148,0.093542417,0.12990303,0.107176268,0.080510283
665281,0.763731505,0.740865368,0.756782781,0.768740517
310144,0.720911067,0.722785202,0.722289068,0.750106249
838178,0.789330659,0.773921655,0.783963246,0.801617041
991727,0.794101702,0.79993883,0.799172602,0.82968843
482587,0.844098771,0.841688093,0.83918364,0.852262673
616655,0.864432892,0.829027253,0.849636012,0.853192043
133361,0.71145297,0.714640803,0.712846445,0.7528421
658694,0.105295057,0.130924484,0.114538635,0.047852988
401202,0.130222031,0.152261358,0.133159434,0.108550259
569357,0.743441781,0.750747868,0.754227618,0.740840607
976146,0.727727111,0.732179511,0.725505266,0.85188112
291392,0.80793121,0.808490246,0.809159748,0.801790334
729150,0.758248185,0.760407123,0.758289824,0.80688089
622424,0.847192517,0.818323547,0.830921688,0.857870472
603115,0.813879321,0.803474385,0.810652539,0.787117091
388241,0.786619233,0.787466878,0.78618549,0.817884575
182621,0.179792519,0.174142553,0.170824964,0.117973941
813634,0.701258735,0.707529533,0.702411943,0.75984841
430882,0.794288961,0.786693299,0.79159012,0.791612173
348330,0.71993127,0.727981133,0.730365843,0.736942048
109066,0.81625474,0.802273482,0.804758662,0.837940784
906638,0.738948562,0.741377928,0.743054333,0.732488654
515424,0.681764814,0.70495164,0.702397828,0.608207345
484226,0.110891556,0.147825035,0.123575765,0.092155235
879702,0.742807748,0.719459116,0.745488464,0.697355231
260224,0.827150485,0.788386227,0.808364512,0.809084332
813191,0.126060086,0.163944456,0.1388997,0.053869923
597957,0.139799064,0.172553149,0.146088581,0.10929427
382560,0.121811061,0.15425638,0.123927818,0.121582664
926492,0.80760686,0.78767079,0.804611523,0.802173725
105011,0.126528421,0.158745362,0.137072511,0.105156716
540715,0.631869088,0.655895222,0.648282566,0.761003044
162974,0.81153254,0.789739843,0.795837258,0.806011604
521791,0.760108571,0.749081479,0.749152341,0.771811239
656555,0.104898898,0.139741918,0.10868926,0.090797326
389285,0.11498893,0.149285757,0.127258375,0.075300349
153290,0.744846491,0.752023803,0.745781899,0.803506556
248351,0.69432044,0.726711741,0.70166956,0.84204784
664322,0.803049897,0.786179484,0.79658299,0.784621902
399609,0.152078464,0.163288394,0.155343,0.130898369
360097,0.109944147,0.136129858,0.12200526,0.067800193
654558,0.805757369,0.795828784,0.798464899,0.812272464
776987,0.778517979,0.745904272,0.7691659,0.754686499
878154,0.715617623,0.72957258,0.722533687,0.733193661
644367,0.682335459,0.709059248,0.696224508,0.573003809
532263,0.771018154,0.763455935,0.768142196,0.695782392
200240,0.745573934,0.752656091,0.748124156,0.752962233
153673,0.667077722,0.692734214,0.6803848,0.720365223
394304,0.090349448,0.123506899,0.10490503,0.086186831
527484,0.749125682,0.752600417,0.752208104,0.793423673
124482,0.756698878,0.75645688,0.752585008,0.798056626
223431,0.704971777,0.703220678,0.708250204,0.691279324
303697,0.744841876,0.746025748,0.74733499,0.808780363
706966,0.714551722,0.709674385,0.718291112,0.733052969
608316,0.793834214,0.790824234,0.79360334,0.765997032
549481,0.788660037,0.771466874,0.781072808,0.788776272
653119,0.111493438,0.1342508,0.11922356,0.043081054
973245,0.131836469,0.154174222,0.137149463,0.073590918
353836,0.639696641,0.676538612,0.651879008,0.791809978
185194,0.764438879,0.758506205,0.75998401,0.813488994
657855,0.764160985,0.751502778,0.767004009,0.785746757
888704,0.785309165,0.775176883,0.77786423,0.826407286
509077,0.707129429,0.70463087,0.7151039,0.801186445
689615,0.743600943,0.740450718,0.742981346,0.775470162
241763,0.707287512,0.699845982,0.701002453,0.707841677
484875,0.825040533,0.800755607,0.817393886,0.871032661
783363,0.747212426,0.75015687,0.752147117,0.766907433
874313,0.853051067,0.836445509,0.846297154,0.842358645
611856,0.858495743,0.835060214,0.843883013,0.858026778
601844,0.640236448,0.657722488,0.635301319,0.814595388
967455,0.732605572,0.729825566,0.737380696,0.831275759
549429,0.854272408,0.829452053,0.843667278,0.813529715
290035,0.127751602,0.144406287,0.12908922,0.054260272
319424,0.794728006,0.808680959,0.801002085,0.905607257
219944,0.87066558,0.843232159,0.861767444,0.899100085
911664,0.776382953,0.754834689,0.761760062,0.77000179
528327,0.813319043,0.781480588,0.802935708,0.79573744
628776,0.126897464,0.171598897,0.134608915,0.069371893
752730,0.698630691,0.713000555,0.713324099,0.614983188
762167,0.839828741,0.820351162,0.82419589,0.851237688
262449,0.114544167,0.145015541,0.12789495,0.048940735
690030,0.124519984,0.163962334,0.137026492,0.111062263
568841,0.154875869,0.184659503,0.163137042,0.097873532
199375,0.114514884,0.143885949,0.127770238,0.079336276
912742,0.724215409,0.725130189,0.727403368,0.739113739
465701,0.840810904,0.825042327,0.829094689,0.869646133
519506,0.82586188,0.815531755,0.818518603,0.813177192
980463,0.778167884,0.768387124,0.766131276,0.765091578
505936,0.801196085,0.78129388,0.792104308,0.790936272
663219,0.176474644,0.183339715,0.168958323,0.179021721
612840,0.808313728,0.788464314,0.795757846,0.841263053
680038,0.804535579,0.792901509,0.804612555,0.747383049
511142,0.774483872,0.766331884,0.775256176,0.781329474
855380,0.914011359,0.873210349,0.887838789,0.992379904
987752,0.751446572,0.753701556,0.747851915,0.744182309
898241,0.119613483,0.145994211,0.125175297,0.105649313
735178,0.71990027,0.72985475,0.725636931,0.793375423
438116,0.701483679,0.727700598,0.712904142,0.795476016
642929,0.739887568,0.739639353,0.737838405,0.760292246
563010,0.788950153,0.78876488,0.785780139,0.795203171
780438,0.844825334,0.648598858,0.743930098,0.805382202
814962,0.786810006,0.781422198,0.785005169,0.788905012
681078,0.715336497,0.72793505,0.716096177,0.658917115
241457,0.070063357,0.104094923,0.086175821,0.033201124
756320,0.795885381,0.775418601,0.782098897,0.845047921
650523,0.791688163,0.787761113,0.787902345,0.876389409
794678,0.734393516,0.740840151,0.733671029,0.802662928
500548,0.788766768,0.796615683,0.79654418,0.783564777
405830,0.11535267,0.146049897,0.122296236,0.092402792
822061,0.104160133,0.143587592,0.116905917,0.12666474
980692,0.143774303,0.183082758,0.154365599,0.096711097
447060,0.822187801,0.810381834,0.821980035,0.864304789
341707,0.157242073,0.158491993,0.153032794,0.109341727
381018,0.137674948,0.164167478,0.143229631,0.126067566
842776,0.759448748,0.753066,0.760584798,0.714974143
110726,0.151849836,0.174827245,0.158913467,0.079456929
928491,0.772212271,0.770426364,0.769324648,0.780994767
666899,0.717888899,0.727227138,0.725577167,0.722117871
134305,0.673880343,0.693063767,0.682764491,0.582830173
106104,0.862936001,0.853731069,0.85706889,0.824170617
701149,0.844474733,0.828673053,0.834978718,0.862004719
570631,0.759776241,0.760009258,0.761579155,0.801056702
704869,0.707511067,0.705607062,0.711502287,0.664783594
456305,0.783155459,0.789303771,0.782395386,0.794750884
936716,0.137555397,0.168730719,0.153758777,0.074630578
596802,0.710999968,0.712637342,0.710849957,0.722874768
724898,0.16773654,0.16680626,0.160291972,0.154490987
578580,0.751119415,0.733603561,0.751071808,0.601552737
909754,0.703485245,0.719177444,0.71181991,0.705309121
892716,0.82871251,0.810246448,0.823760729,0.866826826
225868,0.788608022,0.771349008,0.780440068,0.820854381
626598,0.775866244,0.769474702,0.773377686,0.686221514
819379,0.653982844,0.674785612,0.655450177,0.611303756
192522,0.846205889,0.826824157,0.836563121,0.869665439
652104,0.831956781,0.799802699,0.824153127,0.736389285
924966,0.131840618,0.141340289,0.135351729,0.038248704
301073,0.102096441,0.135587432,0.117512897,0.088655412
602470,0.709887718,0.71037449,0.709026693,0.708759565
848271,0.152896135,0.169014028,0.156579054,0.108343545
586817,0.70813372,0.701180886,0.704311646,0.751227205
594231,0.159291625,0.182774223,0.163574766,0.095544872
837400,0.828604609,0.808225034,0.818993924,0.904749061
392760,0.748024261,0.757681661,0.74841279,0.8064835
772253,0.808583225,0.792749582,0.808145422,0.766986321
995432,0.145896581,0.162087354,0.153258179,0.075052241
908634,0.889441573,0.856751254,0.864692345,0.817362856
663662,0.117942658,0.143783724,0.126784069,0.105356089
885378,0.102187701,0.141843431,0.112235549,0.100976695
355922,0.776636132,0.765231567,0.769433052,0.817480108
268120,0.669848445,0.683751721,0.682759005,0.694513185
722134,0.824797136,0.834002099,0.82060878,0.830167413
928217,0.69689842,0.710896262,0.705251098,0.720608696
457026,0.84296361,0.652803291,0.75994744,0.876566149
317130,0.782673667,0.761051011,0.76959203,0.778851692
431958,0.82260394,0.802454524,0.813094857,0.91371497
248702,0.754683165,0.756329516,0.756069376,0.728385675
907437,0.722002616,0.731140235,0.722042516,0.727850271
775433,0.746612916,0.740708354,0.752653831,0.63340504
138157,0.09507862,0.141367198,0.109402978,0.078827428
397615,0.749998895,0.742087839,0.745395958,0.74232204
650346,0.80364685,0.793147982,0.793022996,0.768610711
401661,0.773393695,0.754029843,0.768829234,0.793554998
835509,0.710787845,0.727626076,0.714112312,0.758753432
873319,0.874083069,0.844725696,0.861487705,0.869314818
580675,0.125004751,0.15396989,0.133360839,0.114277115
602224,0.851884015,0.830631022,0.833007182,0.861132334
915719,0.80358087,0.801097185,0.796885707,0.863408188
272864,0.662085486,0.68133242,0.680141849,0.709343429
813349,0.733584033,0.742115242,0.737144305,0.8245014
205906,0.117228349,0.144681022,0.127604117,0.103321659
696094,0.788501625,0.750071986,0.776125851,0.790774155
235459,0.201129813,0.18484953,0.182756429,0.073690232
615945,0.81393856,0.789468649,0.802002058,0.834278938
258576,0.788195528,0.778641609,0.775739499,0.788365818
920184,0.722606427,0.72807516,0.72092084,0.84984456
670976,0.666760836,0.71002342,0.683680952,0.721481188
701527,0.252162126,0.245091764,0.249304742,0.141864841
848086,0.742601996,0.745546541,0.742140301,0.755346198
528208,0.778588946,0.770086735,0.774320901,0.813434607
999834,0.803059447,0.80577371,0.800710475,0.866224004
897197,0.100699599,0.129008196,0.113208491,0.077586372
684361,0.793254561,0.779537181,0.780627323,0.862673515
368334,0.68035018,0.685409698,0.684269697,0.67627555
755369,0.118262282,0.149310621,0.128825997,0.069133755
259384,0.83802655,0.806403908,0.823964775,0.841962548
201438,0.104564782,0.147912397,0.116807761,0.052050897
799192,0.127469247,0.152914223,0.13250953,0.067391549
920190,0.771583115,0.770404726,0.77112438,0.758430531
766789,0.638733276,0.656682182,0.649266476,0.637307434
911351,0.748235707,0.726726354,0.737736697,0.684430856
175409,0.142492391,0.169100256,0.148731049,0.083990688
172027,0.759729037,0.754739787,0.756235587,0.770931178
439238,0.085547302,0.124513739,0.097445749,0.074546084
719292,0.100613165,0.141103498,0.11366247,0.089805107
894646,0.717487046,0.736161684,0.719638553,0.777968883
868360,0.684178359,0.706665621,0.697758347,0.7951331
335571,0.818073279,0.803002614,0.808773756,0.840527493
226846,0.786228499,0.795106526,0.791722812,0.700291767
202893,0.807239005,0.796029842,0.800989403,0.819143104
710762,0.715940489,0.721884182,0.718166459,0.732718398
673441,0.129648651,0.17028418,0.143244752,0.090917368
564584,0.757774792,0.760334178,0.757179472,0.78037741
187489,0.7524539,0.748988515,0.75933854,0.77290148
570244,0.126141336,0.157966684,0.132754847,0.068061932
730294,0.792142222,0.776430425,0.794143509,0.756661129
113906,0.857539752,0.835016956,0.848935129,0.874297776
787693,0.743848152,0.744420789,0.744980803,0.735969783
824914,0.751764118,0.748201542,0.749441818,0.802566318
934952,0.700253234,0.719411589,0.709604406,0.753030003
138504,0.859288002,0.838401838,0.849461123,0.918395937
881145,0.7648381,0.763043381,0.767581735,0.803639367
730306,0.136243776,0.162167214,0.136869454,0.080693136
560078,0.102971326,0.131008151,0.110314298,0.085892422
239134,0.741254231,0.735784768,0.736107035,0.767384453
656189,0.72893746,0.718708312,0.724778719,0.639464967
379812,0.808763907,0.792366842,0.800203432,0.851408052
151265,0.757256312,0.754502568,0.752011687,0.781824529
710513,0.755339085,0.767162915,0.758085976,0.759798865
518561,0.82641563,0.829293495,0.825429927,0.891881799
229825,0.771031993,0.75366546,0.759778441,0.714556103
799561,0.746499513,0.754491509,0.755696013,0.716414022
903718,0.847342545,0.814936118,0.836986743,0.877493044
785542,0.734317471,0.750115321,0.732443548,0.779400547
795338,0.785448074,0.765801928,0.779066922,0.805247413
205130,0.83117837,0.803771305,0.814445959,0.852645121
490840,0.868773518,0.839662574,0.857251029,0.901396443
230520,0.140512904,0.169279346,0.148462173,0.083386804
256414,0.113352849,0.154943245,0.124703406,0.061624506
935772,0.838822429,0.819207006,0.827471047,0.898773654
707039,0.710774595,0.515388625,0.625880323,0.775895874
605704,0.794396478,0.78598265,0.79252253,0.821540862
829124,0.150540686,0.175763031,0.151873158,0.117129714
196030,0.74835998,0.758117444,0.748276883,0.812560123
471579,0.762087978,0.774017112,0.766001507,0.915026819
109193,0.769624883,0.775094536,0.775076558,0.810255815
828069,0.899062316,0.870185956,0.886096011,0.875362696
502470,0.797835836,0.759757785,0.786615924,0.733579643
396556,0.555276611,0.645434254,0.599499316,0.166425202
679799,0.794516782,0.786834258,0.785166209,0.812627034
273788,0.773039015,0.770382187,0.773286099,0.81138481
403447,0.804705054,0.789656947,0.79677679,0.762366316
569137,0.802611897,0.788288499,0.794030182,0.841210863
982466,0.876820767,0.849164553,0.86465657,0.887545935
500538,0.729380989,0.72549749,0.725287473,0.791325165
617106,0.806596343,0.794889615,0.799390907,0.866901544
612159,0.723255687,0.729449715,0.729379943,0.689909853
206874,0.78794546,0.787333473,0.790331018,0.762315809
813293,0.781383597,0.771638907,0.77964584,0.776616296
640677,0.800627721,0.784644997,0.788935005,0.830567166
507048,0.807368448,0.798986367,0.80042406,0.848310904
974950,0.142728959,0.151215513,0.13783995,0.086947343
201654,0.77472005,0.770564248,0.770748408,0.802899743
885755,0.723384883,0.749305446,0.739985864,0.797048317
779323,0.811190949,0.796762699,0.798212327,0.908453362
952825,0.152443083,0.180174903,0.162760112,0.152615255
816211,0.111781127,0.132116512,0.118881383,0.072362609
929041,0.772214976,0.761642371,0.761825399,0.896901552
619334,0.783400688,0.748088311,0.769095996,0.782666635
307506,0.797420608,0.7683638,0.782070336,0.814013927
556452,0.802395348,0.796150373,0.79374132,0.879945857
963690,0.780019652,0.77603861,0.781498895,0.80202558
546746,0.147627187,0.184264246,0.15637307,0.088093226
823598,0.723834591,0.721292861,0.725834472,0.532985945
828025,0.661349996,0.689791071,0.669996905,0.761681185
428724,0.830488833,0.815179676,0.828119526,0.759548696
166903,0.78881154,0.767547944,0.779518752,0.781102549
464851,0.703464525,0.706241979,0.703970046,0.715542017
283362,0.104744492,0.133559946,0.113694328,0.069776846
390451,0.772665965,0.770089614,0.77003203,0.790618898
447812,0.744860417,0.74774739,0.739878963,0.741918416
260583,0.712290531,0.707977547,0.710738328,0.75824589
889783,0.875415555,0.852230612,0.866170883,0.916331932
138960,0.146845737,0.166299271,0.149284961,0.094301111
774658,0.774668382,0.783347118,0.782088411,0.78692634
116926,0.734864888,0.742030013,0.736073017,0.803307084
325138,0.829458914,0.817701141,0.827384647,0.874863161
730123,0.702904491,0.712869365,0.71078265,0.769816965
563162,0.796294427,0.794744363,0.794103561,0.841197009
597625,0.70908618,0.719776943,0.712274805,0.746311384
454242,0.828677331,0.806579646,0.813736665,0.936252569
832685,0.770923572,0.767374834,0.766484825,0.749425327
828561,0.850269092,0.852101249,0.849227291,0.879154413
567163,0.771364936,0.749162184,0.762309652,0.786869176
326991,0.737361626,0.744763732,0.745517325,0.722199433
938375,0.827100404,0.793257999,0.819848079,0.871290322
158758,0.768287613,0.767425547,0.768021955,0.810848543
618747,0.865357264,0.834832659,0.848696115,0.927211633
968696,0.811947014,0.796016153,0.808494992,0.754035044
270322,0.749192122,0.734493919,0.744820655,0.834192986
704117,0.120481505,0.138372943,0.126807677,0.086934184
560138,0.230510746,0.248600163,0.231667671,0.119475259
862679,0.826398483,0.806647686,0.818623802,0.813721865
287770,0.757159456,0.75108096,0.754949002,0.812350637
285371,0.780231635,0.773332439,0.773086145,0.658862091
206765,0.809924863,0.794658102,0.802976888,0.864368081
590265,0.874303461,0.843491186,0.86004458,0.92479746
850450,0.779516983,0.771499495,0.774422518,0.745439319
214708,0.712437743,0.735081997,0.724920081,0.774074968
893286,0.826842085,0.81277229,0.819507869,0.84229534
592149,0.717780488,0.724679767,0.717947381,0.742103637
875198,0.09019418,0.132395065,0.104376162,0.062335787
848276,0.791311384,0.784388198,0.793560267,0.718036118
498070,0.098171458,0.132648729,0.109175617,0.080818739
151008,0.117732764,0.138820406,0.128836337,0.102201688
286032,0.144299487,0.159354378,0.144047637,0.108579458
284421,0.824531473,0.814296945,0.822082917,0.701130854
888392,0.748128937,0.752541377,0.748516074,0.770184101
740040,0.790419133,0.787118185,0.788046829,0.81141282
190973,0.777561133,0.769539738,0.771199559,0.748926086
481819,0.791849658,0.784240752,0.778426116,0.836331655
571675,0.133145394,0.150099786,0.135832129,0.05866613
307489,0.777912283,0.766129971,0.772258588,0.765387939
466501,0.784696339,0.773448841,0.780143861,0.848928427
852335,0.101965205,0.130765188,0.113379725,0.070400624
715047,0.129037581,0.141180875,0.137945025,0.093330617
879842,0.105915362,0.13321011,0.119360586,0.060791558
527224,0.760225417,0.750742051,0.753468447,0.781853887
961528,0.834445007,0.780016766,0.805421166,0.905856537
703146,0.725944187,0.704114124,0.708221085,0.74816212
783476,0.793060763,0.76995971,0.782502359,0.786711774
138351,0.764245832,0.755191702,0.758222128,0.7722069
589699,0.122422927,0.150432413,0.130920452,0.087171326
506060,0.81055083,0.809391902,0.804159146,0.850251486
829017,0.757423109,0.761909674,0.75530226,0.814140696
929708,0.143319373,0.149750787,0.141822848,0.098822999
980817,0.902670899,0.866016861,0.882337683,0.92611169
832505,0.756108176,0.75718488,0.757298232,0.823387507
603124,0.696422593,0.675595699,0.692624346,0.818692656
143932,0.711120422,0.733569208,0.718561406,0.826769816
661383,0.642336179,0.662176284,0.656565741,0.560920679
131364,0.836027408,0.816699747,0.825828042,0.850396662
673319,0.753333047,0.74554495,0.749450929,0.798615569
320698,0.742398479,0.736536338,0.736826599,0.735576488
825782,0.757311978,0.749777091,0.752571455,0.716822793
554794,0.739599914,0.739093426,0.74185278,0.704489298
701914,0.804202692,0.779209135,0.793476427,0.788137166
852776,0.774300651,0.760627027,0.76327744,0.803276501
478773,0.769136495,0.779202423,0.776210688,0.857336783
357538,0.804613463,0.795354673,0.800111435,0.761275054
139434,0.833176344,0.811735943,0.822275334,0.846222614
405224,0.728108451,0.712056726,0.723168416,0.712690606
967437,0.101108292,0.143054237,0.113622577,0.073988716
299197,0.779122055,0.77694892,0.774337835,0.901249293
932202,0.689757754,0.706846904,0.686276504,0.364697488
846342,0.855433885,0.826917693,0.838864834,0.833737454
727142,0.843694955,0.813992915,0.828149117,0.909879708
804895,0.710767016,0.720361834,0.711691197,0.73214062
914144,0.840874063,0.816655143,0.821164724,0.894412237
507302,0.833002895,0.83912382,0.836393092,0.836375271
628813,0.800121725,0.796226353,0.796334379,0.843370906
249663,0.78901625,0.788963556,0.789141572,0.828527791
793548,0.087974684,0.132963863,0.100411156,0.089917616
333310,0.853956527,0.829999777,0.845547278,0.846151064
588211,0.798296067,0.78396977,0.790703469,0.814440996
610471,0.765660839,0.769364258,0.766302383,0.829851232
601783,0.150962319,0.185788766,0.155718644,0.061258103
629993,0.804765736,0.789328596,0.796235053,0.848953793
223225,0.767438657,0.767420254,0.76957969,0.8274962
240210,0.767589201,0.763759171,0.767753217,0.724241066
729783,0.754948709,0.750390837,0.74047459,0.74154287
832246,0.789551321,0.771011517,0.779055792,0.755572031
152118,0.795118515,0.794928194,0.797960702,0.810687847
594301,0.811110663,0.796414809,0.794851499,0.837236546
139956,0.132294953,0.164850325,0.143477755,0.080415585
270389,0.678013489,0.686662616,0.679647452,0.778663556
607631,0.185849533,0.201683776,0.174406811,0.12608208
407991,0.116258842,0.139176188,0.122739939,0.101240355
793496,0.641549985,0.666370669,0.651979899,0.812435908
350896,0.17658902,0.211489816,0.183708947,0.06787615
155174,0.731444829,0.732642607,0.733150616,0.796613269
720817,0.771763708,0.764409756,0.770944893,0.67052045
638341,0.663928799,0.675085441,0.666493999,0.767661499
889262,0.798097348,0.795333733,0.796619122,0.849287381
459554,0.114259913,0.137384782,0.120595471,0.090902529
212193,0.078826274,0.121326171,0.09376749,0.057831311
819850,0.751399005,0.742961051,0.742223939,0.842087889
332785,0.815085143,0.804232155,0.816450541,0.795128379
446840,0.787164019,0.778047874,0.782740363,0.820402045
472956,0.753244967,0.742060974,0.740310091,0.756211474
875986,0.805898729,0.787715222,0.798820087,0.80370327
722736,0.665689563,0.689019713,0.677873811,0.722085333
100909,0.773231806,0.637301362,0.724001869,0.325862621
825910,0.106074363,0.147445691,0.119516542,0.083300325
125504,0.796969714,0.77850357,0.787457083,0.730708011
199333,0.639018599,0.673044602,0.65364547,0.587331959
519282,0.705051943,0.7297841,0.709117344,0.770233058
879207,0.845853439,0.844671821,0.84500905,0.81343357
539599,0.72401864,0.729384764,0.728565103,0.750953565
977370,0.829781067,0.815766956,0.823282479,0.888826019
580998,0.7579002,0.757537527,0.750728778,0.670798439
932252,0.729121538,0.734028058,0.738618035,0.783060396
968600,0.819994874,0.817750254,0.809590498,0.751054649
657202,0.626555999,0.675865058,0.648083209,0.602050195
548467,0.123019238,0.170491416,0.136618204,0.062781486
574118,0.095190497,0.123424698,0.111030803,0.036585938
209216,0.743727459,0.749420491,0.743665932,0.880500484
525583,0.117160649,0.153321566,0.131708676,0.101528137
921105,0.103857445,0.141512125,0.11508194,0.085763888
201724,0.824937308,0.80738588,0.809504936,0.880915495
643430,0.108676819,0.1421329,0.124491969,0.093031756
816523,0.581957491,0.648821029,0.613478125,0.582335585
631944,0.850442097,0.83343794,0.842669588,0.83836821
691383,0.7753873,0.782716635,0.785836765,0.761363799
459322,0.841902305,0.82233813,0.830343827,0.857267998
241669,0.122914315,0.178056872,0.136526897,0.081413031
777177,0.821743271,0.808321973,0.811216993,0.86995819
273008,0.739336073,0.729807594,0.737669811,0.746538517
587098,0.776073174,0.74883339,0.759244214,0.836331289
494681,0.823454505,0.796762682,0.812776402,0.814539721
373866,0.800564725,0.785661672,0.79522784,0.864713821
523801,0.715222375,0.734164452,0.717250781,0.787717845
341436,0.137939452,0.15824382,0.145231685,0.087480833
707703,0.872210796,0.853216633,0.863578958,0.83946841
935669,0.728482769,0.741289369,0.738868418,0.758007638
809282,0.754219875,0.761191388,0.773924998,0.758593646
445787,0.782897627,0.765370604,0.774487341,0.779287101
830324,0.766388289,0.773566493,0.773737361,0.821733692
201053,0.771176034,0.761728755,0.771654065,0.740561554
727007,0.78132643,0.761408764,0.770307868,0.742916437
135774,0.797591089,0.786551119,0.790899292,0.810083227
433380,0.167147095,0.171576075,0.16059479,0.143064048
474826,0.625701382,0.61958728,0.630234584,0.557059776
799908,0.776455233,0.767605464,0.773031032,0.839034651
107608,0.76101901,0.759164635,0.766948739,0.833380476
333546,0.795272136,0.777157075,0.785772034,0.813050185
210695,0.112202852,0.140796308,0.116429798,0.057579786
189242,0.872967828,0.847191734,0.855818211,0.869144239
315488,0.106900953,0.14852845,0.120131002,0.069887595
121172,0.116199569,0.161355476,0.123887965,0.115549799
108148,0.676287052,0.664833533,0.68143602,0.764885509
287302,0.648895843,0.690703629,0.678193938,0.73868143
497434,0.114429674,0.147677495,0.126430397,0.075500698
951296,0.143025872,0.166585,0.144318405,0.085095575
517021,0.091682883,0.124405934,0.102734574,0.073158572
805660,0.814011105,0.800593221,0.807614026,0.80279468
780524,0.146508446,0.168539584,0.154388345,0.18097299
233921,0.123157065,0.152914466,0.13167974,0.159766728
250428,0.764061042,0.765582547,0.769223143,0.754721375
422764,0.793733781,0.789040361,0.790699311,0.814633598
593853,0.767488728,0.762893569,0.768509519,0.804571679
642096,0.092235442,0.13321839,0.107217514,0.059141887
785771,0.779700663,0.781028671,0.78699192,0.796803028
315425,0.771518709,0.767896599,0.766983774,0.686777256
866932,0.101250203,0.147639906,0.112106256,0.074171942
343554,0.146782737,0.159930319,0.154730889,0.072123731
455486,0.803093877,0.801907294,0.798984225,0.775063441
529458,0.745107989,0.753670832,0.748919244,0.815337064
513322,0.840381237,0.823155393,0.826467126,0.860937721
692543,0.823663079,0.809315926,0.819194026,0.783348794
463996,0.838608629,0.814082554,0.819973913,0.92407189
802918,0.802805062,0.796579629,0.799978439,0.792707606
621514,0.13594606,0.175080061,0.148779046,0.124704574
395546,0.770970712,0.762570632,0.770907273,0.839969282
574198,0.165121537,0.187716407,0.1743416,0.105874913
479896,0.779539927,0.77305294,0.772996342,0.798369109
984085,0.127115115,0.146078335,0.133512954,0.072954726
742603,0.192502883,0.2102117,0.194251729,0.170614009
748017,0.745166095,0.740985465,0.742433733,0.811025431
427422,0.762026102,0.773127242,0.769717225,0.818378168
374485,0.766166145,0.767236925,0.766301913,0.824010621
359666,0.721344478,0.732418306,0.715108067,0.722272311
718851,0.088394776,0.122891386,0.097826803,0.067759724
598486,0.804732913,0.79486856,0.795510652,0.860902438
996955,0.796533025,0.791487109,0.796096971,0.82308618
350944,0.735172877,0.745690038,0.738508347,0.684505915
344696,0.112456404,0.14929982,0.127087875,0.078764741
548604,0.78531982,0.76091401,0.776763169,0.576755859
542358,0.745957782,0.724087238,0.741888331,0.726713614
160872,0.75800185,0.752218182,0.752612222,0.735733749
156826,0.659363528,0.699337257,0.668327481,0.798214513
411801,0.094669426,0.127819642,0.106499581,0.077030719
689464,0.722898932,0.717887696,0.726493506,0.679598308
676052,0.119725997,0.142805536,0.129551219,0.071985079
671746,0.801548504,0.806192802,0.800293946,0.798670711
824287,0.713345898,0.718973093,0.713565523,0.774554853
355949,0.221363541,0.211072122,0.213396274,0.128658303
886387,0.787673687,0.773246734,0.779585848,0.817602111
432039,0.704271657,0.713092209,0.707579604,0.794945324
791770,0.83755415,0.821977645,0.826262783,0.837316744
139759,0.758107816,0.762599438,0.76076391,0.789247596
663681,0.752575976,0.747657341,0.73842846,0.780651869
221732,0.738103319,0.737521957,0.736312836,0.724057665
351472,0.666888312,0.681716034,0.672052757,0.718521641
238795,0.790126678,0.779680165,0.781891311,0.901389177
359269,0.868660168,0.841526445,0.85693212,0.917986609
964285,0.784511831,0.772173921,0.777816874,0.817430293
972000,0.111497335,0.139830061,0.122564706,0.078531034
291669,0.802567375,0.797758912,0.802468442,0.794122305
802834,0.747056405,0.734852955,0.742536489,0.79162719
557078,0.767695289,0.749149789,0.760339162,0.765503935
155800,0.740465605,0.757745957,0.746994596,0.646955512
704450,0.773720063,0.769848071,0.772742581,0.783163584
654381,0.728421782,0.715788567,0.724129913,0.865938612
569454,0.864725638,0.846355639,0.854982985,0.847266265
908319,0.798391477,0.798496023,0.793057666,0.904290212
422107,0.774509471,0.772739343,0.770619817,0.772406869
477911,0.109124134,0.135675434,0.118585269,0.078626841
304132,0.796906569,0.792940584,0.80082165,0.807834239
545018,0.786986559,0.784715004,0.782431488,0.839336275
663383,0.799900274,0.782400285,0.788473173,0.826340594
791708,0.844267516,0.829563078,0.840210872,0.839952051
686466,0.854329717,0.830951606,0.837036804,0.922439165
828637,0.831236092,0.818894003,0.827705369,0.818036058
994449,0.135468085,0.133989471,0.130226306,0.106733883
426752,0.668769262,0.707375828,0.688453819,0.742220646
707907,0.652892749,0.662008916,0.657740556,0.692066458
973314,0.74724524,0.752821479,0.75549821,0.770768996
958532,0.862314551,0.842725193,0.849147861,0.928475946
822847,0.111045683,0.142881379,0.124343286,0.074338822
687022,0.797955152,0.777186982,0.785632442,0.762178515
345588,0.790521297,0.782250556,0.788885028,0.820234213
424396,0.85993852,0.831819912,0.843577602,0.854649234
291279,0.783789032,0.778235995,0.777538382,0.803823409
462907,0.730805933,0.734176688,0.729812129,0.709085922
205348,0.706075114,0.712131154,0.700784098,0.825783764
428407,0.665865909,0.693865556,0.677487775,0.791626753
405277,0.725951661,0.720446142,0.723674747,0.646181833
183628,0.819058259,0.814609162,0.819099802,0.851047217
294000,0.809841025,0.817327294,0.814054929,0.836372366
809280,0.825645549,0.80775998,0.810043794,0.853479011
653350,0.782346473,0.770580203,0.774682844,0.818561517
549978,0.821341519,0.799604157,0.813685389,0.807735584
988258,0.689308358,0.705253401,0.695752317,0.760488049
186704,0.82907377,0.793791248,0.816096096,0.80731881
442773,0.778282851,0.774887243,0.777021377,0.778732854
210172,0.775122966,0.763821304,0.767900846,0.78981213
876305,0.746359683,0.724945727,0.739202877,0.728710481
746479,0.150689844,0.193583936,0.163652882,0.094182599
782161,0.185467079,0.204111844,0.189962917,0.110351984
927166,0.766314214,0.767804439,0.762637463,0.710590785
190496,0.790294,0.776044416,0.784185208,0.868666518
448624,0.687141982,0.704105415,0.693905207,0.689649383
202914,0.157804218,0.18404708,0.165115404,0.108066993
401337,0.709456698,0.71216857,0.707741775,0.72543809
385332,0.105097665,0.13933004,0.119181372,0.105344858
924556,0.857466451,0.823479809,0.841087352,0.8269614
656228,0.10452999,0.137043072,0.114191252,0.104800657
109647,0.859483791,0.842200157,0.849152234,0.833942642
346583,0.812240142,0.798833105,0.800667342,0.822718578
659706,0.628674984,0.6614099,0.644077136,0.641698085
113368,0.78653693,0.791161591,0.786783202,0.79858033
597414,0.774740707,0.777332683,0.7709976,0.781224128
269076,0.886520153,0.844957089,0.863154568,0.89526946
151128,0.696531919,0.735538371,0.722143235,0.752725762
358459,0.761932311,0.776563218,0.767530823,0.756113434
340167,0.802086496,0.781016459,0.799798521,0.686986939
766696,0.824147982,0.808650656,0.816619147,0.829873513
175669,0.766415779,0.751169324,0.758196257,0.679287587
878689,0.170348459,0.173872228,0.153381237,0.193010399
738887,0.855488803,0.833821096,0.843941551,0.873418949
620465,0.770037991,0.770507711,0.767667757,0.841259504
451681,0.787540916,0.786191011,0.788097132,0.811170518
379225,0.148331189,0.190845639,0.166228529,0.128329265
209635,0.862709837,0.845651746,0.853491842,0.856644099
265239,0.825167465,0.809513636,0.804401783,0.853427421
176099,0.772346793,0.772498947,0.770929733,0.816180636
336377,0.09979366,0.135707436,0.116230752,0.046749339
114359,0.142532763,0.159039495,0.145289773,0.08742284
623947,0.161885413,0.194766205,0.165033791,0.127937095
383332,0.77310254,0.739215078,0.754649329,0.797147216
269810,0.762413534,0.764082411,0.760408932,0.798013196
896139,0.719531987,0.717320274,0.719977107,0.818697034
760376,0.868517325,0.849262554,0.855330504,0.892176255
133368,0.819627069,0.79861582,0.810667368,0.820460729
942586,0.110781748,0.14717828,0.126854718,0.094027861
828907,0.779154414,0.779613957,0.780119296,0.768661252
367217,0.775790992,0.769065196,0.770043577,0.839403021
634573,0.113278835,0.138486662,0.122962849,0.072471205
426523,0.804344241,0.785324287,0.794059491,0.840963646
875874,0.749087972,0.737035308,0.742289651,0.772458061
783872,0.74043621,0.730310338,0.73782408,0.660594914
256570,0.759500511,0.747603205,0.751968581,0.810652082
809241,0.719963593,0.722968227,0.727065988,0.754728261
742977,0.096640144,0.133045942,0.107109235,0.077943668
232517,0.718888471,0.733022225,0.713714401,0.750986838
352433,0.783743764,0.78402758,0.780783718,0.777121979
215988,0.788175199,0.777886986,0.784150214,0.794705901
505233,0.126072644,0.148524279,0.1358147,0.074540119
799256,0.085101106,0.129525817,0.101832369,0.137178119
544989,0.761858748,0.764777169,0.760314542,0.796074566
667873,0.69454872,0.716930031,0.706103724,0.667955269
262142,0.671689499,0.679751211,0.680323125,0.599539203
574126,0.143468026,0.175905535,0.14957133,0.056933315
234525,0.2012979,0.210014203,0.198450984,0.13792828
727665,0.171040925,0.164234281,0.159785885,0.08643127
738268,0.114126965,0.152162631,0.126743183,0.081513391
275922,0.801288212,0.794064354,0.800018696,0.796035587
182804,0.808178307,0.791738014,0.795350151,0.856119855
730816,0.143508257,0.14549476,0.138943448,0.06838364
271847,0.185106674,0.220412357,0.19187864,0.064022884
935549,0.75926098,0.741244158,0.74930707,0.745534181
103330,0.795091985,0.777513461,0.796515359,0.776405186
217205,0.091092873,0.125880517,0.103781708,0.073697744
609223,0.678069547,0.708117755,0.694759714,0.670502662
625174,0.140755675,0.162656271,0.148920258,0.078925621
403328,0.783934939,0.772631205,0.782388678,0.770246455
860773,0.813952192,0.801551336,0.806502054,0.870033525
568101,0.762133927,0.76458156,0.760068943,0.851922227
279169,0.793918454,0.786443005,0.783602656,0.820250304
831771,0.829145436,0.80288509,0.821502573,0.787554872
809170,0.803897799,0.809771717,0.790846182,0.870853768
991966,0.82396897,0.810004436,0.81384529,0.865749676
979899,0.090421051,0.117645577,0.102663968,0.08976645
655105,0.666737551,0.683890182,0.668925018,0.7037154
950098,0.143624137,0.167620192,0.153273611,0.103318862
223362,0.651237285,0.695681006,0.669213752,0.475952316
116742,0.774986151,0.783241596,0.777042763,0.721495472
285588,0.860638584,0.838169462,0.849041499,0.828364512
368326,0.776079007,0.778254966,0.772432862,0.784890357
455091,0.860408449,0.849705035,0.85479191,0.870958622
945622,0.897551014,0.861879427,0.882052293,0.869864778
335869,0.852636939,0.831298269,0.841098623,0.827130531
558218,0.730749357,0.75624059,0.747743159,0.842361234
709017,0.761041013,0.750464619,0.747768811,0.8279129
116824,0.730946599,0.74587188,0.739251252,0.77301333
813676,0.813566421,0.79662965,0.80786501,0.786221799
304412,0.104869882,0.133760889,0.115647768,0.077006576
297882,0.818287521,0.810991032,0.818155673,0.820359337
817625,0.127605156,0.142276818,0.127166555,0.09828884
761270,0.687065666,0.68716936,0.687801741,0.642761089
706641,0.09655185,0.13429962,0.108842495,0.105742611
368762,0.853171901,0.829492149,0.845900796,0.856782152
324769,0.760252876,0.75538606,0.756909594,0.784761071
625229,0.837295581,0.804103556,0.821366397,0.853592831
813241,0.749822377,0.742996355,0.748885579,0.745204008
174309,0.792023413,0.803020018,0.798076724,0.689732022
902048,0.754853241,0.754627574,0.753626068,0.771848421
368178,0.80669183,0.79113995,0.786661495,0.841358886
680291,0.783671561,0.767820459,0.781992354,0.795306977
647904,0.821937937,0.795899127,0.809792853,0.854844878
377451,0.744115453,0.737018128,0.743026014,0.820620643
482134,0.723973197,0.73515035,0.727941984,0.773255624
837891,0.778635616,0.758927572,0.771387835,0.662308234
664674,0.764279902,0.759109369,0.762034535,0.803307861
143533,0.80808277,0.801068266,0.797747721,0.857878274
716329,0.734846445,0.748356201,0.734145904,0.801014646
156821,0.738730427,0.717344954,0.727054756,0.769016068
672133,0.756050313,0.72179334,0.755786586,0.668317302
253957,0.741892963,0.744318639,0.743627803,0.776941473
992919,0.798059084,0.79333757,0.795158092,0.803080688
168190,0.109429699,0.143760072,0.121449436,0.05975743
615813,0.722700703,0.725610549,0.72582867,0.756024125
481021,0.119408249,0.144588001,0.128203737,0.088647107
817371,0.786000037,0.786292784,0.782577604,0.858952907
726940,0.13033838,0.152145741,0.134771732,0.093636386
826754,0.101329003,0.142563733,0.111872549,0.090183014
578935,0.078058881,0.127121711,0.096094263,0.069809911
526577,0.795924098,0.782125576,0.78688258,0.871173202
170059,0.110008645,0.134161365,0.122739894,0.050748601
219893,0.737477584,0.740811464,0.737060692,0.766068866
495140,0.787168757,0.778911221,0.789608412,0.797790122
699644,0.776029651,0.768855284,0.7692898,0.819425214
264609,0.768551161,0.767292912,0.768570882,0.762142213
901294,0.140798,0.1775862,0.153477829,0.088404128
272454,0.181434291,0.19508353,0.182038523,0.147248285
788412,0.703466095,0.700941787,0.708620619,0.658999782
797930,0.76481308,0.758836822,0.760230742,0.809324381
916588,0.751878852,0.750690562,0.755264468,0.820741545
590999,0.703734841,0.712329022,0.700385141,0.621235514
224771,0.102755142,0.137688324,0.117869787,0.083335789
291984,0.753216435,0.755267114,0.753753409,0.688684147
305799,0.128037443,0.142334064,0.130383179,0.103230919
833133,0.79208773,0.783129458,0.789324364,0.827092214
738814,0.776832811,0.782363959,0.777071818,0.717210076
320621,0.131792091,0.161134133,0.146928726,0.073988953
749637,0.816553212,0.813071943,0.818611011,0.804592033
694091,0.778434668,0.764336599,0.772692634,0.739309488
800423,0.714815762,0.723792157,0.721525606,0.758699415
242760,0.10929453,0.137359933,0.123173878,0.086013299
449192,0.816177496,0.788468521,0.807208955,0.80671895
652225,0.67925874,0.708241176,0.684751751,0.793058339
192541,0.181091679,0.178729786,0.17438772,0.13077571
137899,0.812428231,0.803131172,0.806278375,0.862153374
986260,0.791871408,0.780203075,0.786604225,0.841672674
989321,0.770665679,0.75457637,0.770310734,0.701547264
209103,0.830597078,0.815245143,0.819802101,0.852033801
817465,0.75146725,0.745788845,0.748281086,0.761021674
839722,0.665301203,0.703910433,0.683105894,0.365964116
340965,0.166396443,0.17296519,0.163947857,0.122674674
244893,0.889177172,0.859572377,0.869998121,0.983162924
448665,0.878533972,0.850855112,0.869550521,0.937994858
803025,0.785054671,0.781485986,0.779713515,0.820355747
916332,0.823601575,0.805312982,0.809820111,0.905280668
872630,0.142560311,0.194012144,0.155633443,0.069175439
146112,0.13283976,0.16582012,0.151883104,0.071714025
112377,0.841510159,0.825685367,0.830047149,0.898200071
320996,0.130532196,0.159015621,0.134705788,0.104482414
932973,0.811030929,0.798504815,0.800905461,0.83258297
343035,0.15035351,0.165147836,0.154213534,0.117631927
759506,0.759202079,0.75380482,0.761296328,0.777407331
221761,0.108566566,0.145422914,0.116753243,0.074148933
592769,0.106451264,0.145521314,0.120931949,0.076216537
599571,0.759713614,0.772324067,0.770864434,0.740170899
466172,0.75323336,0.761725331,0.755923077,0.789881727
685541,0.843735601,0.829562823,0.836598139,0.834865849
329598,0.73616336,0.723211633,0.732325059,0.641494335
959550,0.729723264,0.734370864,0.725348906,0.78031651
337323,0.670415102,0.674361652,0.668579632,0.710244875
175723,0.749514075,0.755346151,0.750126109,0.767884189
644075,0.253939089,0.235795041,0.231125034,0.101874517
626462,0.805230082,0.801660161,0.812693544,0.829542188
940547,0.110553734,0.139209251,0.121138521,0.114558114
284047,0.834336799,0.812694572,0.835095552,0.914769449
993994,0.817615995,0.802705035,0.813629934,0.823783754
286763,0.112740994,0.154340583,0.124775159,0.150868936
122126,0.848590052,0.835106727,0.839809272,0.836845084
181027,0.730554684,0.728998646,0.736531531,0.71452552
277911,0.729494171,0.731628038,0.726746267,0.739606347
497265,0.869785706,0.835551305,0.852631617,0.813081204
537950,0.77418662,0.74538737,0.763913868,0.711618023
972413,0.09299367,0.130164262,0.109157949,0.05137514
508205,0.740220953,0.741224203,0.73665687,0.795998198
168298,0.75763283,0.760044044,0.755235467,0.760453581
547894,0.74513908,0.760096719,0.749929892,0.816927079
198137,0.715819204,0.723579546,0.721985709,0.741055532
781909,0.737838677,0.749275662,0.743758027,0.812766008
151845,0.721501144,0.737593984,0.727732196,0.765233909
867147,0.742660206,0.749051368,0.750024328,0.743258728
944998,0.805306376,0.789460461,0.794182295,0.809048617
797074,0.843936198,0.82105102,0.827634692,0.887232891
902715,0.724024848,0.715448639,0.723993054,0.788943072
694605,0.74663755,0.741533329,0.74632572,0.725084337
768087,0.789743015,0.781636468,0.783681587,0.854100171
856641,0.682144341,0.692293237,0.68116662,0.717462169
784004,0.7590563,0.753485633,0.754370836,0.752979763
446187,0.769806911,0.75747575,0.761093009,0.750891877
167516,0.718940679,0.727053014,0.726650218,0.790536244
967179,0.127341382,0.174842343,0.135784152,0.150081938
798174,0.159229706,0.179228842,0.155501286,0.082148104
553607,0.779291578,0.568306045,0.685618586,0.775431906
510991,0.787960399,0.789014341,0.782015059,0.757968907
184636,0.71645887,0.722595645,0.722999243,0.743012396
455537,0.779238404,0.775395574,0.770981712,0.835380425
936858,0.837734947,0.816092369,0.832735527,0.91450566
953843,0.737971038,0.749241035,0.741562097,0.778109706
286021,0.110129562,0.144044786,0.11600948,0.096339708
810168,0.711530685,0.716773598,0.715715789,0.75418974
392147,0.73888933,0.741524302,0.735413696,0.798355494
564341,0.108440719,0.140844363,0.120003612,0.038327591
204866,0.748636437,0.748250508,0.744376739,0.752107924
396041,0.818958137,0.800541438,0.803200526,0.902994758
269870,0.753503875,0.755524511,0.749906176,0.7922561
717382,0.707114523,0.724992648,0.72360498,0.780808352
220243,0.639735946,0.660837397,0.649496838,0.69500608
591560,0.8357414,0.817040252,0.825393612,0.801014293
353082,0.844255425,0.82980844,0.835283457,0.83297725
370077,0.80248477,0.799253246,0.806443633,0.47716432
924646,0.12537072,0.153440472,0.137843473,0.065196639
484682,0.73714099,0.737050022,0.734975995,0.789282022
747651,0.214906089,0.204464687,0.196031444,0.150291049
772702,0.737966619,0.734794531,0.738994526,0.72023687
716340,0.796757519,0.776509073,0.789424138,0.830301285
730931,0.091285656,0.125883887,0.104921688,0.078974312
202301,0.120934908,0.153864106,0.132714108,0.09001077
207699,0.773037043,0.77123374,0.775752558,0.711500653
203599,0.713102108,0.724727382,0.717081517,0.584895803
922780,0.822050031,0.824162257,0.82683012,0.854566842
510600,0.767338812,0.775638295,0.766685634,0.800022838
174662,0.824375461,0.81038706,0.817790659,0.770843531
903402,0.84820565,0.832149788,0.843881574,0.874462211
682990,0.714063612,0.720555462,0.718915188,0.684961076
608496,0.806002385,0.792496233,0.799001727,0.789137424
846526,0.732615861,0.737801411,0.736799291,0.697848978
753000,0.725560323,0.722078133,0.724472583,0.677153374
389016,0.746650448,0.749138718,0.74457896,0.789451771
611313,0.189489945,0.210938788,0.191979281,0.128014885
289525,0.752826829,0.730983554,0.736619172,0.751944338
498899,0.588723384,0.628514168,0.603973016,0.535495015
222685,0.817125864,0.798835664,0.808313908,0.815616313
373120,0.722440345,0.704132358,0.717740549,0.67691491
330640,0.807102815,0.784470681,0.799111535,0.741084791
764646,0.798563659,0.785810153,0.792854928,0.820893023
670944,0.701280926,0.70488496,0.701056955,0.760859042
805932,0.86230318,0.847181915,0.852013767,0.929450545
896134,0.710290895,0.556122763,0.655624144,0.654927557
121392,0.134678716,0.15375388,0.138006221,0.085896396
585159,0.870041863,0.85189874,0.85424686,0.861836046
259410,0.132836805,0.172817648,0.141637899,0.127490048
744698,0.835374658,0.815538772,0.821927275,0.819506574
860256,0.144303253,0.166444966,0.147959279,0.111072549
283520,0.766855122,0.766211902,0.767056731,0.731244159
352978,0.686039029,0.701674586,0.694004944,0.680493087
425971,0.767559933,0.763335431,0.766425394,0.763551542
133105,0.815488356,0.806666759,0.809821239,0.853392918
926674,0.806085405,0.802643947,0.799619162,0.815995512
528384,0.101717213,0.129667804,0.106521366,0.119929433
609848,0.731432968,0.73069299,0.734312887,0.780989161
391520,0.117007373,0.140653503,0.125722973,0.076731559
189040,0.143357648,0.167384134,0.156277495,0.064861826
603540,0.799747849,0.787587649,0.792231547,0.748483083
291222,0.758122695,0.765228915,0.761231067,0.801317629
531993,0.802853427,0.793614113,0.793657548,0.816278251
383252,0.762311433,0.758954283,0.7587052,0.83117396
520900,0.861344686,0.830505229,0.852104218,0.862127106
321713,0.74433187,0.756716631,0.747879054,0.818384874
512573,0.757925636,0.756189449,0.756224971,0.777090397
124947,0.865851386,0.838992217,0.851540815,0.952335926
250181,0.617251595,0.639290733,0.628564753,0.705166987
318880,0.789912342,0.773340772,0.78182632,0.802168235
462389,0.712317117,0.730200514,0.724019969,0.778682296
709095,0.723669139,0.732400673,0.727075476,0.685920721
661043,0.709265656,0.714257273,0.728356534,0.720905277
650871,0.852350669,0.824597016,0.84689875,0.932220482
173828,0.767382465,0.766797845,0.76580004,0.772242618
121550,0.134339993,0.146250005,0.134180852,0.096863025
301094,0.787735216,0.785140804,0.785543505,0.750164645
224588,0.796234998,0.781482285,0.790371354,0.771951963
102061,0.746173462,0.747930444,0.742907721,0.782542391
971770,0.786569067,0.782006308,0.781518525,0.809376411
148028,0.686197138,0.692713309,0.688820693,0.719301609
974505,0.132897922,0.152297069,0.139406018,0.102442397
319280,0.149476342,0.181156443,0.155776603,0.083514278
131178,0.752659674,0.745718016,0.752353252,0.782508195
950464,0.657753602,0.661725269,0.664895665,0.701992015
221830,0.760777486,0.755836712,0.754020219,0.845012942
866557,0.786487573,0.773485619,0.779370382,0.810793897
478652,0.793092398,0.79143299,0.786552599,0.745681752
666128,0.775805751,0.769454308,0.769737264,0.80224263
455196,0.642094027,0.630512323,0.646988757,0.68205108
257974,0.805587349,0.779401491,0.796490714,0.789234029
845183,0.872430166,0.849076551,0.855106041,0.892746416
364426,0.755113651,0.748781381,0.739218106,0.540401589
217187,0.115590765,0.154739155,0.12910664,0.085948664
260625,0.100288861,0.121987218,0.105756657,0.076260051
543065,0.847563697,0.820859962,0.837799253,0.919354944
251002,0.099286148,0.126446888,0.103909242,0.082918659
665420,0.125826487,0.159746367,0.138152357,0.1085516
963085,0.834759166,0.813463094,0.820461143,0.921371049
500141,0.69151389,0.687077964,0.690860727,0.778250935
173701,0.753822523,0.750626925,0.750613763,0.782934895
357814,0.8311329,0.817978167,0.82468658,0.839182626
320299,0.730359096,0.734586027,0.730714462,0.651103803
914729,0.741954298,0.729738449,0.733899785,0.758164995
522849,0.156059945,0.197974797,0.166908404,0.118655443
719088,0.727326701,0.72625683,0.726347193,0.738002774
340837,0.865185345,0.845124497,0.851845495,0.916480657
800295,0.789266283,0.781931627,0.790434174,0.755529508
563620,0.75324653,0.746741893,0.750983998,0.75286087
535560,0.14865345,0.179714562,0.155300188,0.097838522
640237,0.732630458,0.740513513,0.737090793,0.666203416
248099,0.131898118,0.151257029,0.135654911,0.088183689
831971,0.796095368,0.786868403,0.792473991,0.810911707
633827,0.138492281,0.179411716,0.15760824,0.074434678
498823,0.729042847,0.740879836,0.727189318,0.779970024
237172,0.743584937,0.73930578,0.742490275,0.753977564
598284,0.144587767,0.199511876,0.153617095,0.092400214
142572,0.204633154,0.219550774,0.20304252,0.178228293
795503,0.818571651,0.807763906,0.815732196,0.827414841
355655,0.842493726,0.822057236,0.824884249,0.887364921
816141,0.848708163,0.826556262,0.834627553,0.812230287
878987,0.157326461,0.197868404,0.165828882,0.097095768
581551,0.116333975,0.14905918,0.122990776,0.153748068
683400,0.836183456,0.82326588,0.826244484,0.886004421
758994,0.1809707,0.210648798,0.185088564,0.093279803
896567,0.124475726,0.162799047,0.135582235,0.103070136
807408,0.760789021,0.760860817,0.756255623,0.844978963
294261,0.732718785,0.732666994,0.731829221,0.739379878
576419,0.223223378,0.238968721,0.226454885,0.155017582
875370,0.774893072,0.754872576,0.764095723,0.716750894
750023,0.778080307,0.773439156,0.774946731,0.791759835
392715,0.828111365,0.814349362,0.819189406,0.859647315
332124,0.800021662,0.799904038,0.797627997,0.764987997
974999,0.821797154,0.811973233,0.817228201,0.792562938
357303,0.739963084,0.736761628,0.733927736,0.682404832
603027,0.82825169,0.792790455,0.806817325,0.882298099
311551,0.806240756,0.80495501,0.803150872,0.79691423
708866,0.72614209,0.740938168,0.736232922,0.846545342
744443,0.806191836,0.798992782,0.802185634,0.787390822
334528,0.7190193,0.732794069,0.728958992,0.690189865
622394,0.138294132,0.149724116,0.136959631,0.10053469
794623,0.784527651,0.747948022,0.777051215,0.803285562
169345,0.700084396,0.708557673,0.699270671,0.781003641
234495,0.134059873,0.182969618,0.146973601,0.182250237
773106,0.736060653,0.745324183,0.742686392,0.647749919
511924,0.736238312,0.724476362,0.73472997,0.771817331
123851,0.205281361,0.189527402,0.187152055,0.116450917
608693,0.715195915,0.724796429,0.734908485,0.702692372
100504,0.742870575,0.729760563,0.730447024,0.772275252
155186,0.748181224,0.56406653,0.669761918,0.602221522
601282,0.181470813,0.201214712,0.178624649,0.146492334
524562,0.118584346,0.141092184,0.120355228,0.133428767
456137,0.735131971,0.747323876,0.738397716,0.825642006
942629,0.821295383,0.817286046,0.814674257,0.838250335
478760,0.127534981,0.144180916,0.128733612,0.10684786
434528,0.173751777,0.180260627,0.173268315,0.248061572
870226,0.745710398,0.746248879,0.744820537,0.8216578
914134,0.767665551,0.766200899,0.767002796,0.792290852
750468,0.766433807,0.751861867,0.757376701,0.731774928
209847,0.735689505,0.733271987,0.734097121,0.833976371
559630,0.787103133,0.775931063,0.782060218,0.842466113
690856,0.625729022,0.667694339,0.638595628,0.624109179
189858,0.759530921,0.759308367,0.759976805,0.801139264
946670,0.143134533,0.166983894,0.151696747,0.068771465
900902,0.826818227,0.805589458,0.812252496,0.805577242
696320,0.139509822,0.140417689,0.135938311,0.133991763
331651,0.769510443,0.728165199,0.752506065,0.730977943
709291,0.799230724,0.786823967,0.7899869,0.810499298
348616,0.620752692,0.669894694,0.645347979,0.61043846
126116,0.68395492,0.705880065,0.68772112,0.879063511
753193,0.837319784,0.82314259,0.836251833,0.797551464
959070,0.79774522,0.791201965,0.796805808,0.824930836
912291,0.625103889,0.672492158,0.65425741,0.507985666
355609,0.778736446,0.765947513,0.770512349,0.81085701
642552,0.139733204,0.17299351,0.145198938,0.088453312
555038,0.17887888,0.198546922,0.177205479,0.158378804
595760,0.746786026,0.614341291,0.698425499,0.806336693
503517,0.77813588,0.764275391,0.770117981,0.836563687
446905,0.735155937,0.725107882,0.729687461,0.732969525
798079,0.767677147,0.763109262,0.759298499,0.74685702
466279,0.81884026,0.807085782,0.814514138,0.814069987
379638,0.688986993,0.705567279,0.703965221,0.658058826
175073,0.828142704,0.812159619,0.822031162,0.818138094
455535,0.189513201,0.206652832,0.192543836,0.104241348
767169,0.756683351,0.752420812,0.755821807,0.80337757
601725,0.743271108,0.748449514,0.742381398,0.805919496
631605,0.782376419,0.776202967,0.77731716,0.773897665
529745,0.852528217,0.828208386,0.841192471,0.874213131
681758,0.825905888,0.802923592,0.807853366,0.873869553
408443,0.145880886,0.167464747,0.153104401,0.11491922
745465,0.785499248,0.761160219,0.769114993,0.801344241
195038,0.100279413,0.128348998,0.105678446,0.086135925
590935,0.755471996,0.743302919,0.746196799,0.737787947
348048,0.875175523,0.854036614,0.866316612,0.910487319
134953,0.636141239,0.661080967,0.644515599,0.60814599
423526,0.139935658,0.153156755,0.142642254,0.10663289
759969,0.10780999,0.142480875,0.119532138,0.092862351
572812,0.810016498,0.803748524,0.796194893,0.820889511
851177,0.117620389,0.135414795,0.122245432,0.092427257
803768,0.672457112,0.697130863,0.696767675,0.713779899
672640,0.680358881,0.676132743,0.675553868,0.733223915
789636,0.105168328,0.126905466,0.110153101,0.062396703
309768,0.733047528,0.74240494,0.73872972,0.721475617
747918,0.839025502,0.835470273,0.84014502,0.835460617
731060,0.780965919,0.568944568,0.694827844,0.778765524
638400,0.820852094,0.789656449,0.806762055,0.821736442
990938,0.072659836,0.118235172,0.093103562,0.088672599
832642,0.110758402,0.14405658,0.125779832,0.059324616
182496,0.765988907,0.757851024,0.761046218,0.794055124
406579,0.139298312,0.181207308,0.155916199,0.095083975
968977,0.81862194,0.801553607,0.806126053,0.908635581
113646,0.076996317,0.108671023,0.08681048,0.034025023
155161,0.830579273,0.802545715,0.81426944,0.862150584
614691,0.741721567,0.746867649,0.74440992,0.727249158
878635,0.835061238,0.810602531,0.819862239,0.857225805
746959,0.741305449,0.717448108,0.743464069,0.685945696
319085,0.754828343,0.746339619,0.749720971,0.744740485
693293,0.792420709,0.788710758,0.786635966,0.814413512
370116,0.109693094,0.152417361,0.122692903,0.068805582
946408,0.789928415,0.752283792,0.778032748,0.740329571
938247,0.763777144,0.764827387,0.771272621,0.716411823
488201,0.748898649,0.751054245,0.748649651,0.764852221
675426,0.850992945,0.833036067,0.840153628,0.871614968
193880,0.787030941,0.784003732,0.783455689,0.800078241
782780,0.793676843,0.78235827,0.785045167,0.775408061
874821,0.780600422,0.767237655,0.770693661,0.773068699
448383,0.670321516,0.684585065,0.67397902,0.740160857
888443,0.677355667,0.689545929,0.684480851,0.579218782
676668,0.788569245,0.786882146,0.784779979,0.833558033
459680,0.736001259,0.723233933,0.730030196,0.707152467
298249,0.743165958,0.743615844,0.744220603,0.754068914
256713,0.799918889,0.780248994,0.791417668,0.814832526
946133,0.744088674,0.74598298,0.74969855,0.752930569
110886,0.736501442,0.5349679,0.64040847,0.772564293
677757,0.842564506,0.808485355,0.826610998,0.891555909
484731,0.116959348,0.126451601,0.114765882,0.05915143
283096,0.77825476,0.77812437,0.779468412,0.869334137
939833,0.816988805,0.81110732,0.818937204,0.807242774
333781,0.099694062,0.130054519,0.109938674,0.054091171
713246,0.218500511,0.224924083,0.21344204,0.134569704
991649,0.102116254,0.142758115,0.114038482,0.105553861
672068,0.787860777,0.78459526,0.78137533,0.884483346
506820,0.774339579,0.766638291,0.771824141,0.744014833
389549,0.7772625,0.771198433,0.774926392,0.803291105
260066,0.789358413,0.774559168,0.779882856,0.844239524
341147,0.749292179,0.768581371,0.758648087,0.641091269
288736,0.745747431,0.733853149,0.742507645,0.772291404
432977,0.799003692,0.779768143,0.796453181,0.806089549
160177,0.807651081,0.792496356,0.798806775,0.835194602
925198,0.105713419,0.137671988,0.115206572,0.099273955
544679,0.120134882,0.141831209,0.119468209,0.07815159
572265,0.719614655,0.739456487,0.727920067,0.742938141
198883,0.833069324,0.814737796,0.835224138,0.806930331
797473,0.638684392,0.65286846,0.657222436,0.563473898
727980,0.650672955,0.651986363,0.655572418,0.681855485
673312,0.735000675,0.750187035,0.744254816,0.854577493
143530,0.811231502,0.798154204,0.803216391,0.879252467
599124,0.854674187,0.838058881,0.842348297,0.874401949
690188,0.723504683,0.728759672,0.72766399,0.738120172
714869,0.134364742,0.155213579,0.143024453,0.084528129
739814,0.726309247,0.721706965,0.719286553,0.788497224
427030,0.800682087,0.800401487,0.798375174,0.786272892
847568,0.747001334,0.743110389,0.740962691,0.752096874
322865,0.793555193,0.7813432,0.78431038,0.812075016
234317,0.883547039,0.861731989,0.86807652,0.890350646
999007,0.637695704,0.681964252,0.660419726,0.552174876
744433,0.796701027,0.766448419,0.787489704,0.784908182
929370,0.749783629,0.748019157,0.753798928,0.780487295
778478,0.113626954,0.129725469,0.119024927,0.051052
339660,0.723875655,0.725496939,0.726691542,0.728810538
546131,0.663997711,0.682406778,0.679513147,0.84165287
202146,0.708446248,0.718291237,0.713243102,0.691107402
972112,0.19087962,0.212552002,0.196868631,0.128415513
186609,0.142161671,0.154605006,0.140790426,0.174192011
529584,0.622119667,0.649288631,0.624322052,0.420484684
694444,0.750536809,0.760694934,0.755459627,0.70029376
171745,0.739985857,0.742554705,0.736899011,0.786170211
201770,0.853154416,0.817876185,0.833454018,0.841405792
465317,0.752770489,0.754835642,0.753763064,0.753261307
906198,0.79360751,0.77330724,0.785569103,0.763637245
720961,0.154925381,0.179872638,0.164042227,0.101707264
275385,0.119848964,0.143569287,0.12917134,0.084086202
570143,0.774589966,0.780229356,0.778687397,0.759439102
306634,0.15252832,0.191134288,0.163042015,0.104169541
737071,0.841818116,0.83423976,0.838357825,0.769936147
506699,0.128935089,0.160502345,0.135914618,0.092242125
342831,0.77037204,0.768566105,0.775889143,0.798051007
796659,0.758761757,0.755002785,0.757001206,0.729029354
677205,0.140353882,0.164770115,0.150601537,0.097832032
751637,0.815188806,0.7935431,0.801419577,0.825735623
221143,0.833800121,0.8179452,0.829728651,0.80056864
804140,0.687977756,0.688206604,0.68551412,0.762317185
575535,0.833588643,0.812943538,0.822012317,0.901935502
999515,0.123857506,0.145511956,0.13141328,0.146598074
602240,0.1299406,0.163793975,0.144027567,0.121528383
453230,0.75827635,0.759244302,0.754700897,0.755903537
168404,0.184965,0.185957403,0.181367824,0.224103419
434585,0.780730964,0.61379895,0.732718424,0.769449919
763193,0.758427842,0.742678544,0.747062518,0.757599779
521439,0.129269643,0.156293078,0.142247786,0.131558118
206987,0.129888779,0.175884418,0.139799032,0.068817362
819609,0.785331027,0.744781627,0.784678956,0.755759297
285552,0.751636713,0.755845597,0.752665997,0.827086132
758205,0.0845764,0.126676568,0.099583004,0.07297178
984167,0.729208663,0.715477857,0.725269049,0.768790017
520515,0.846361203,0.823342741,0.829453318,0.913633266
415595,0.735441655,0.735376194,0.735240029,0.710661871
667779,0.869651164,0.851587718,0.861039851,0.840985493
909108,0.757988591,0.768775389,0.754488177,0.904148105
450984,0.759003473,0.751984238,0.754585491,0.916045129
236435,0.776145805,0.76339644,0.7685746,0.779763505
888270,0.755132967,0.752006292,0.761813168,0.766880132
739783,0.101891037,0.143046104,0.113224919,0.068572751
456726,0.861578186,0.833827928,0.850839126,0.939977422
402100,0.763937947,0.746632282,0.764874117,0.800167124
792961,0.776230406,0.765169003,0.775058057,0.787276038
835054,0.804456005,0.798930132,0.805250732,0.820769248
248620,0.113320874,0.146751509,0.121930687,0.11466613
875916,0.548182436,0.633657793,0.580048171,0.548902395
553944,0.735385896,0.729144369,0.742149361,0.620314259
906537,0.887499649,0.856212519,0.867540711,0.993359694
675556,0.834170245,0.831432309,0.827891085,0.851952805
950608,0.155364978,0.206971925,0.171276575,0.106438561
456878,0.110621875,0.145433154,0.120457284,0.08072962
858396,0.806016724,0.800648489,0.810730442,0.845872529
929010,0.814602931,0.790389161,0.803867059,0.848831923
930085,0.804588984,0.78931437,0.798376447,0.800265923
190273,0.787629269,0.765324995,0.775733112,0.811452582
572124,0.808703861,0.808508709,0.809281692,0.904515713
441061,0.120569086,0.159170359,0.12939721,0.08540371
570411,0.768551799,0.756523343,0.763601944,0.798244144
293129,0.729372218,0.72476357,0.725581427,0.704212534
726304,0.822944725,0.808396649,0.813719527,0.885001848
162727,0.802701338,0.798215145,0.797838847,0.808489697
238310,0.610425273,0.64890216,0.62102592,0.786666622
410759,0.820077762,0.791400581,0.802717297,0.898359621
111016,0.141862022,0.155592584,0.143941944,0.123286619
187376,0.807218548,0.793800187,0.79797834,0.816525976
728238,0.122840152,0.145312073,0.124618884,0.073411165
563396,0.746494835,0.749845216,0.75014552,0.780793908
480775,0.787969179,0.776621023,0.783233889,0.778000144
960532,0.85499295,0.816304456,0.84005674,0.885929717
929136,0.107446278,0.137547809,0.120217361,0.061465193
439024,0.779967264,0.781139767,0.775012064,0.845539151
296437,0.152268712,0.165373808,0.149857484,0.106434686
870626,0.787923679,0.776676279,0.784039418,0.79821923
722437,0.654891775,0.698693646,0.673684721,0.578391093
591559,0.7502118,0.753068746,0.748723662,0.724656483
898236,0.829464863,0.81861785,0.824514971,0.813339279
270897,0.717172114,0.715946857,0.715619949,0.695019649
272788,0.787217794,0.788139334,0.788437667,0.849150575
269693,0.794627319,0.782562905,0.786318277,0.826968537
968852,0.136684341,0.154101862,0.140526045,0.068418063
278055,0.772790085,0.764860351,0.765084414,0.807908489
440011,0.828847011,0.821887954,0.825316418,0.833944865
812513,0.634554471,0.661377856,0.647184557,0.601609275
480857,0.73734716,0.724354166,0.731554136,0.695750193
769682,0.148987589,0.163254801,0.153209771,0.080189669
358426,0.090748554,0.127429351,0.101402991,0.060483245
615954,0.137314755,0.17771994,0.150523707,0.089470616
384332,0.753425775,0.739644105,0.743689036,0.692100004
878790,0.69873637,0.722806442,0.706226102,0.688563388
305572,0.744075612,0.744121423,0.749229626,0.604851971
167967,0.711476136,0.720450563,0.719189555,0.774427516
302634,0.805774208,0.794736841,0.798894691,0.809886083
382989,0.825197208,0.818876068,0.826569725,0.79959501
368449,0.696472242,0.725043778,0.701660965,0.823369812
523474,0.770760725,0.769004845,0.768636937,0.756660508
399537,0.744637171,0.753088473,0.749195432,0.751678053
916395,0.720876046,0.737816531,0.7284374,0.749192534
272215,0.164462136,0.171079048,0.159986246,0.130152596
922633,0.792861753,0.789329321,0.791500444,0.809397868
963597,0.121432544,0.161894296,0.133486374,0.093332901
294886,0.73023571,0.734224802,0.727689685,0.790756698
283133,0.811529262,0.803843301,0.802146863,0.805386357
108967,0.802404415,0.784676846,0.785737059,0.775258893
511256,0.796769985,0.788494749,0.78899655,0.855688661
631657,0.765262845,0.750977348,0.755603763,0.755648683
607278,0.785615575,0.769082535,0.777754468,0.80027894
649353,0.768157294,0.751611262,0.758799882,0.763838436
121050,0.695486435,0.698745426,0.682508398,0.563801297
989902,0.109908069,0.156238695,0.121546952,0.119160165
471121,0.764613089,0.765203508,0.767851032,0.786879275
464464,0.730930641,0.737380049,0.730140399,0.779373247
579990,0.83465453,0.827369228,0.835892192,0.87802303
468156,0.104659691,0.145223985,0.119070843,0.190945125
529873,0.734014738,0.727035709,0.736294845,0.77786512
271228,0.824961654,0.807463979,0.812357421,0.815679517
682288,0.743172603,0.738155403,0.742596884,0.79361968
702347,0.809748394,0.788584902,0.797394706,0.800401535
776351,0.821837645,0.80898066,0.820527516,0.851190835
901701,0.775676049,0.761575888,0.768643234,0.789780092
355474,0.742321653,0.733024852,0.732332603,0.826321243
711436,0.120938172,0.15390486,0.135542171,0.071286912
504911,0.77442051,0.768891618,0.773399485,0.738349368
255568,0.766965961,0.755733855,0.759165966,0.819473716
695340,0.742624662,0.739252313,0.736810914,0.721432078
336513,0.81285373,0.792162069,0.795409498,0.796416017
604788,0.762377122,0.762276152,0.759736488,0.798002403
175753,0.85025186,0.829937687,0.835861143,0.863586657
752282,0.810800233,0.795958734,0.803026904,0.857017138
655330,0.79089167,0.770839561,0.781782609,0.824146575
652937,0.82363162,0.812378031,0.813594942,0.850500496
777054,0.830088098,0.821088805,0.823041899,0.934635113
216496,0.16362225,0.179640146,0.170340462,0.091143013
386501,0.771015966,0.767908211,0.769324854,0.831994775
265572,0.683808138,0.685300294,0.691040637,0.689748525
190891,0.78112146,0.776601588,0.77267856,0.803501857
789859,0.714779087,0.728286875,0.721549073,0.81595312
656839,0.817202732,0.800671913,0.811954479,0.776959737
925368,0.730882736,0.737484044,0.72219957,0.80041292
626040,0.830640782,0.813778327,0.819992746,0.832976425
796480,0.137141869,0.177936168,0.151266061,0.084751742
347304,0.101148093,0.129894087,0.112247524,0.118926782
678482,0.758204118,0.748870496,0.750052885,0.793420019
745334,0.807604472,0.795968451,0.800201118,0.842643907
833111,0.630753564,0.660941053,0.646798847,0.625568767
292906,0.822750838,0.802039205,0.808175775,0.852748644
503886,0.79666352,0.783215438,0.789214974,0.738197916
441711,0.848765329,0.822175246,0.832189969,0.873763572
824966,0.106538617,0.128606079,0.116675676,0.076609781
645851,0.856298766,0.837661418,0.843564792,0.865169991
937400,0.874583818,0.852541212,0.859971052,0.850249552
485534,0.768097928,0.762896216,0.761572778,0.819097961
944619,0.876489292,0.844325263,0.863555585,0.776802163
787218,0.806287588,0.799575585,0.80217086,0.833120709
551955,0.84128247,0.824766648,0.830916694,0.877354175
678947,0.821738561,0.812226556,0.820767946,0.826485606
876831,0.768325487,0.761534507,0.769591136,0.752340342
846773,0.13547174,0.149390715,0.136083301,0.099465288
705604,0.714255628,0.73116371,0.724155225,0.824253948
642124,0.137090152,0.157721941,0.137173521,0.101057389
263980,0.719919722,0.73454945,0.727688392,0.760957449
785590,0.777233459,0.767583279,0.771835881,0.777460213
500197,0.131092824,0.158691975,0.130676641,0.10844058
351659,0.881451836,0.859633215,0.865828286,0.854903343
207614,0.782178262,0.771374677,0.77652831,0.767759092
972145,0.842522224,0.813621674,0.829228143,0.825158756
419096,0.78768781,0.783161478,0.7767761,0.809890041
404476,0.794703986,0.80074004,0.80593638,0.81625595
622131,0.151879668,0.159496466,0.147509259,0.074723849
539175,0.743396974,0.749924833,0.74703163,0.779163464
348961,0.148161578,0.161587323,0.143747072,0.098742612
862571,0.72397671,0.727845889,0.710400545,0.630469648
770896,0.785792007,0.773939185,0.778144132,0.848183413
418808,0.120130952,0.155501064,0.131274995,0.108476596
799646,0.121861901,0.133077205,0.123984159,0.065847224
142613,0.758390902,0.753075146,0.757077363,0.829333366
171765,0.705109093,0.720794704,0.718281516,0.717469482
722193,0.749287577,0.757846791,0.744260209,0.761255412
122466,0.792692876,0.785200599,0.785674267,0.863094122
870760,0.76327617,0.749713985,0.769201267,0.729596441
761236,0.676843106,0.698511632,0.685163817,0.69103901
867328,0.759170413,0.753368172,0.760983996,0.827480065
777072,0.090552559,0.123455971,0.100708038,0.076151669
882589,0.799569962,0.786656965,0.791997031,0.8458195
794569,0.096775733,0.129373241,0.110137184,0.042665991
755533,0.802143979,0.783171011,0.791569076,0.796480314
341445,0.800323133,0.778766892,0.782887353,0.857573513
208817,0.134621838,0.148000034,0.137763026,0.088524042
612136,0.108774154,0.132535818,0.116291099,0.06942822
105978,0.857250724,0.619485854,0.746588991,0.858802754
792182,0.725341157,0.739435752,0.732376039,0.798203562
468076,0.800896559,0.789984751,0.793329334,0.809821525
476687,0.844489453,0.808228486,0.823290897,0.886650262
280990,0.737972058,0.731396429,0.732768021,0.800067637
958455,0.858390339,0.840324304,0.845946045,0.732260127
353698,0.671007964,0.683988329,0.670246814,0.653489274
690720,0.848989837,0.819555009,0.83539213,0.864913194
551582,0.095248517,0.133505724,0.104686798,0.09815403
194650,0.750941974,0.737163581,0.7565324,0.788627274
867503,0.814202449,0.811433954,0.811108875,0.764204113
393448,0.844224299,0.827019172,0.834201464,0.827048004
421512,0.780585316,0.789142981,0.77503045,0.778848896
632420,0.758171746,0.717131347,0.744033214,0.68832929
961372,0.772477055,0.762143532,0.766792174,0.815560714
746564,0.125207201,0.156169175,0.133111294,0.156129485
616086,0.125088031,0.154233701,0.139075205,0.134918219
324681,0.74537733,0.739027003,0.742275939,0.916377085
738921,0.864356666,0.83620813,0.847197856,0.917959673
857193,0.717962396,0.723297793,0.725120564,0.705197173
736313,0.812516215,0.773629132,0.809061983,0.666814082
628549,0.81392357,0.802987668,0.808280908,0.752181911
286944,0.731522054,0.55073133,0.651249651,0.701799657
285227,0.281756754,0.244307825,0.25925872,0.14360559
276058,0.154465575,0.166872606,0.15586043,0.087123421
453301,0.809654539,0.795840712,0.801234547,0.786175835
369796,0.824680905,0.819808342,0.823096827,0.927280654
352759,0.744103562,0.739678795,0.739502662,0.725278134
250643,0.803506766,0.632804302,0.746075098,0.837796515
230107,0.090177922,0.123494751,0.104237024,0.080785678
459340,0.745988523,0.74404924,0.743648246,0.777626691
961648,0.807157367,0.795035952,0.797902122,0.881627327
750639,0.807484522,0.789915052,0.802478547,0.759508664
151965,0.757117558,0.746172785,0.756547532,0.799456563
279597,0.816768495,0.825927824,0.820257975,0.79926869
814767,0.120363071,0.15278064,0.129097494,0.094072226
591739,0.768752429,0.76108734,0.765497159,0.815199808
793042,0.635373645,0.692214497,0.658419392,0.645126446
409350,0.739664484,0.719525209,0.739386085,0.722826349
224442,0.764401622,0.759618556,0.762211469,0.79584898
998103,0.732809369,0.741824295,0.746065761,0.733469303
895910,0.708924451,0.720652358,0.706939594,0.829451284
125575,0.687498317,0.705484219,0.698340953,0.713186088
945721,0.596385744,0.636210801,0.616753829,0.586264456
300546,0.774403857,0.768496066,0.768380183,0.840566789
815512,0.14225754,0.167747797,0.152720962,0.095624442
510583,0.838063604,0.814149828,0.824707852,0.893984302
158038,0.846007111,0.82161927,0.835202694,0.885319749
412125,0.840877217,0.835059704,0.838986678,0.883675732
385337,0.723763705,0.724648348,0.723989391,0.704921642
696781,0.791575418,0.778558839,0.790429398,0.801772926
260715,0.773637124,0.761011578,0.767053483,0.824414046
562124,0.826442481,0.793845016,0.808816229,0.888018798
163589,0.767210499,0.770226304,0.768752937,0.809317114
477221,0.100359551,0.132089299,0.110476231,0.047900595
360622,0.684970454,0.687710615,0.69050902,0.758354778
303346,0.778997291,0.778982298,0.778898029,0.827203911
438373,0.11567937,0.139689062,0.127062484,0.065453258
741272,0.610631341,0.665473736,0.63278758,0.513889374
500338,0.745153764,0.59099085,0.706534078,0.732706503
118791,0.77123579,0.767511544,0.771799548,0.829122103
425321,0.855040077,0.83932715,0.842394461,0.872813979
683915,0.762491382,0.758579637,0.761193975,0.798472026
686464,0.835949384,0.819850368,0.825389537,0.808104469
181526,0.727680999,0.73837116,0.736033799,0.774210966
871730,0.70874294,0.716095633,0.711687912,0.702736943
763619,0.106546268,0.141219037,0.120289848,0.102744928
258209,0.835724572,0.821078427,0.828579384,0.870437244
687530,0.743102083,0.737914728,0.739218212,0.552386471
605649,0.892094701,0.85996209,0.877622197,0.948798576
670342,0.81429587,0.792485184,0.804168472,0.780576855
548611,0.76929876,0.780727549,0.772198733,0.785908642
223698,0.755970877,0.758430586,0.757640749,0.788131893
274942,0.102112172,0.136840907,0.11257542,0.07518418
543733,0.137019964,0.177193244,0.149440708,0.085767231
460125,0.872221827,0.853138528,0.862917549,0.834227786
164089,0.150739835,0.154797635,0.144717834,0.09330778
198488,0.761649393,0.762762609,0.759091027,0.762393892
213724,0.748935338,0.748283734,0.745705256,0.818389601
460159,0.837172078,0.816685067,0.819718365,0.75402332
555952,0.778896187,0.774459293,0.771962914,0.759886829
357171,0.739464247,0.733410522,0.731905502,0.796784471
282534,0.537413131,0.581056653,0.556858056,0.655483276
734670,0.80517584,0.800536733,0.800281595,0.835080283
653906,0.750246063,0.754414289,0.754398908,0.81145463
918186,0.130662083,0.165189095,0.138559719,0.09028333
356073,0.702433188,0.712259855,0.703269576,0.753821084
797921,0.174804342,0.194288047,0.176975376,0.101712571
407888,0.166677703,0.163666593,0.159975353,0.101170601
690356,0.832885273,0.815340828,0.826079545,0.8161685
139935,0.800893708,0.787144951,0.789121667,0.764697829
886640,0.215731136,0.208143983,0.203453814,0.125329483
790602,0.846793816,0.821564876,0.833624038,0.918331461
584581,0.174678239,0.203110772,0.171607453,0.127465653
189783,0.157518758,0.160890441,0.152273845,0.105851894
176507,0.670411678,0.682488629,0.680951408,0.721827927
275837,0.671157581,0.69054228,0.677386614,0.601112718
270886,0.724041931,0.72684884,0.730793285,0.729786729
167609,0.100731931,0.135631534,0.112449977,0.076695528
317234,0.668420949,0.682853469,0.671462346,0.793930138
184503,0.818761672,0.796535604,0.806017143,0.925534035
273200,0.109368327,0.145075646,0.121323424,0.049904303
303430,0.759518872,0.756904648,0.759305964,0.771922853
487188,0.78471547,0.773523013,0.779077216,0.826429798
894921,0.796050277,0.787945371,0.790005362,0.817165006
665940,0.091553434,0.124586828,0.10599813,0.055717618
533950,0.802390844,0.788314415,0.798220919,0.822642833
158366,0.835443157,0.815561583,0.825713901,0.795179743
551305,0.785001144,0.787016695,0.783833982,0.791151489
960708,0.749966145,0.758371695,0.756641431,0.747055973
749293,0.784499833,0.797859307,0.78870206,0.826181072
687551,0.13084785,0.166122974,0.140431216,0.096965915
286547,0.860711822,0.839069402,0.843966357,0.878791459
620416,0.775562025,0.749364311,0.764572827,0.682111053
730080,0.804410551,0.78747801,0.796534447,0.786735863
201290,0.852503231,0.828168859,0.842328634,0.800970058
618016,0.595453892,0.659803146,0.62832069,0.625786781
416145,0.79178363,0.78285543,0.780786881,0.847092518
771743,0.695969401,0.702989864,0.693872846,0.718412947
187835,0.810430761,0.789107078,0.800365594,0.744204972
676922,0.785923375,0.755116537,0.777809882,0.759880926
351121,0.069046337,0.103743172,0.085073551,0.043759116
611912,0.160909709,0.190358441,0.16008896,0.131169585
549370,0.833043709,0.821857099,0.825694995,0.860440895
812901,0.719753132,0.711902104,0.725203684,0.611485466
466371,0.752582512,0.551395253,0.662542126,0.677561704
172076,0.698167698,0.523773311,0.614478838,0.604698476
936461,0.789472181,0.779799921,0.78032046,0.815365613
318229,0.784868721,0.771864659,0.779238695,0.784761071
668256,0.109223671,0.127778391,0.113385274,0.054847625
634074,0.120224511,0.150746321,0.13113729,0.066054035
861115,0.78273764,0.778103577,0.779722576,0.819865529
432110,0.884532855,0.860612147,0.876968512,0.950072505
506449,0.708924829,0.707398687,0.719934448,0.572345221
141014,0.747959989,0.74952756,0.74841068,0.820427489
647138,0.766574963,0.750610071,0.760425515,0.740883161
935354,0.603109247,0.599615882,0.61424723,0.720377795
117069,0.870316492,0.835295391,0.852521823,0.843431999
644710,0.751953376,0.756584096,0.746278781,0.828968105
443478,0.09857398,0.12168508,0.10582289,0.067711801
904300,0.127215868,0.145862923,0.133888722,0.087330799
433561,0.831696737,0.787437299,0.81051881,0.810307648
744131,0.757089316,0.732248111,0.745927053,0.777917871
213473,0.717328304,0.733529893,0.727337736,0.740600257
174209,0.797650031,0.784255993,0.793043996,0.788924875
691339,0.859767103,0.838365019,0.842478012,0.863610886
565268,0.770486245,0.763343804,0.769008975,0.834105926
869543,0.749152212,0.735872093,0.746268719,0.780284972
777626,0.729178042,0.738875721,0.738090078,0.754009975
305001,0.799598965,0.79368391,0.794222272,0.827782399
691327,0.152249937,0.161541962,0.155960317,0.088755401
197775,0.789334362,0.785577281,0.783734416,0.825039753
982042,0.758712709,0.764364976,0.768699829,0.805355414
770371,0.8130496,0.787740997,0.797831573,0.831451005
906504,0.784928735,0.793999166,0.792395124,0.672597829
760879,0.076104827,0.117023013,0.090060137,0.087838763
403710,0.667556578,0.703027456,0.684915598,0.651755469
788238,0.102866675,0.129569194,0.110458183,0.06451576
287561,0.111769784,0.141905055,0.125152207,0.090815171
530962,0.701719027,0.711608601,0.704819135,0.684782405
605423,0.133377883,0.152211793,0.135346321,0.14075143
892386,0.869006855,0.838710982,0.852673303,0.876578229
949112,0.70182109,0.714451927,0.702167471,0.682979343
879986,0.770798426,0.761675322,0.767452738,0.820207244
135551,0.821751276,0.811184552,0.811976948,0.865542761
259240,0.775764321,0.767805562,0.766676386,0.758175743
403558,0.760020568,0.750744174,0.758811831,0.795352376
334249,0.134777004,0.170219414,0.134037617,0.139116949
402556,0.099799102,0.13003196,0.111744067,0.041911624
877467,0.812062057,0.795866887,0.805028307,0.801008676
166731,0.793798931,0.788712075,0.787449839,0.777509488
835640,0.799819941,0.755732635,0.782686469,0.772139311
759404,0.781852309,0.768594113,0.768078096,0.831220642
876866,0.745662626,0.744161037,0.740311503,0.864901782
919748,0.678221152,0.704424056,0.687825571,0.793025348
241146,0.721264686,0.733536579,0.721973112,0.778794765
362537,0.840461778,0.831093653,0.839159862,0.897189515
442560,0.806472938,0.787945418,0.798493986,0.792880503
724004,0.15185986,0.154335671,0.148481383,0.093682743
928512,0.771373536,0.763162007,0.767862953,0.788900711
467933,0.799452509,0.794820876,0.794159542,0.855321606
209284,0.782992339,0.773354485,0.786691657,0.698615661
519805,0.741290879,0.743442277,0.742465202,0.825575334
430298,0.840489712,0.823588604,0.831538848,0.860973549
875095,0.781621765,0.773728739,0.78020531,0.81379201
803654,0.812923069,0.799959615,0.807272211,0.82864104
666251,0.806541232,0.781889659,0.79945982,0.886727198
516931,0.75099075,0.743240035,0.749458084,0.726678478
243901,0.670326692,0.68375074,0.677070917,0.697057155
218658,0.747501806,0.748714105,0.749144433,0.806474608
330983,0.807112803,0.790472136,0.797735361,0.739863895
327933,0.108831759,0.147323117,0.121777449,0.055763406
197307,0.873341318,0.843167169,0.856842087,0.930590593
731587,0.185786385,0.190819078,0.177509273,0.126289133
262069,0.812688491,0.790912803,0.80861519,0.8987004
744818,0.772206077,0.759092993,0.767169339,0.765880825
909783,0.89873553,0.881690202,0.889053032,0.839403779
290516,0.8021756,0.764499851,0.779676841,0.761935359
120593,0.780980519,0.750559642,0.774729959,0.528298959
128840,0.836480586,0.81643595,0.826985097,0.859495238
818071,0.08014601,0.129342875,0.099852118,0.08377961
974454,0.121701533,0.147785353,0.132680218,0.07929675
354326,0.747489331,0.745142743,0.749817128,0.76055926
748226,0.814599652,0.811765346,0.816744991,0.765940961
136521,0.822768681,0.81338249,0.823198685,0.817750912
385927,0.750733249,0.756628148,0.751676408,0.798551317
976738,0.692466354,0.714136809,0.694706497,0.79157547
595420,0.756853584,0.756319585,0.750503238,0.814395868
185255,0.899858919,0.880543925,0.888997871,0.875128365
919411,0.107471212,0.149379854,0.119622575,0.140943293
142761,0.667839015,0.697702428,0.683216522,0.711470886
152946,0.750839801,0.755222316,0.751363619,0.761967809
304522,0.814011674,0.805219184,0.806138508,0.880904834
242517,0.761169339,0.758024941,0.767263443,0.690886613
487731,0.735095681,0.716074913,0.730301438,0.782184507
431204,0.831822767,0.826181197,0.824293864,0.80632316
302584,0.660720033,0.675930491,0.668815001,0.551935805
576862,0.160937639,0.173949835,0.160457617,0.148662136
185693,0.690435655,0.704672197,0.695943291,0.730689835
329381,0.75857396,0.618821308,0.717255262,0.72944589
207597,0.82986591,0.81035825,0.811646684,0.914018324
592590,0.738464093,0.736651543,0.745294397,0.800609867
856747,0.72565134,0.732866908,0.725777851,0.649840522
196325,0.156522821,0.165405369,0.151625691,0.109060111
225818,0.70583273,0.716600699,0.711880114,0.793720683
192731,0.102280931,0.137811841,0.112892501,0.102771266
118429,0.108663681,0.139782892,0.119804589,0.1196992
949069,0.744612897,0.752512593,0.753978123,0.732527434
403979,0.766655393,0.759092885,0.765078505,0.700963111
565996,0.775774106,0.77430045,0.777609526,0.787643863
616516,0.877151297,0.857439019,0.869860855,0.91187877
107325,0.853963036,0.843127622,0.847124646,0.835334989
588751,0.824521899,0.805508306,0.810181847,0.831578791
249931,0.107453312,0.134377393,0.115725948,0.067546083
890148,0.824940406,0.814444179,0.814503284,0.882403736
825115,0.877550507,0.849439475,0.862167074,0.863751352
616186,0.623019245,0.673740705,0.649343785,0.618464902
400883,0.106822141,0.154304345,0.121023133,0.103618793
381947,0.737795775,0.745652628,0.739487035,0.783569378
395155,0.85079688,0.843087592,0.8467521,0.857528338
652717,0.812147607,0.804140078,0.807059603,0.822552351
624801,0.673122112,0.686861486,0.684832797,0.785381215
528450,0.799444882,0.755800111,0.788531694,0.738878847
730114,0.748940094,0.747574714,0.746829036,0.67820788
137722,0.776634431,0.771054219,0.776638854,0.807362137
696142,0.709574955,0.686535498,0.702518466,0.668619586
924553,0.129607002,0.14330669,0.131004991,0.103338694
384619,0.133641196,0.152976484,0.136918787,0.086786118
213583,0.773996528,0.786446946,0.781665036,0.766312621
154407,0.815339221,0.808183071,0.812224491,0.830472731
178972,0.089499535,0.129418425,0.099214349,0.200043621
211872,0.848703296,0.826851697,0.835301409,0.853056942
190476,0.818987278,0.822722787,0.821087104,0.837237049
769717,0.709326637,0.71798781,0.713633473,0.730563051
428516,0.779851288,0.774368025,0.773821712,0.718314503
901351,0.749754314,0.756799378,0.751932617,0.759999561
432959,0.689396815,0.701750683,0.702477246,0.701140731
401249,0.77778461,0.766136534,0.768606161,0.833061486
936689,0.755026781,0.76388258,0.758761732,0.830967939
202644,0.853668145,0.828313059,0.839539755,0.828127692
334142,0.711698984,0.72512534,0.710531308,0.80702966
968120,0.778688206,0.77005745,0.771619534,0.837239451
997518,0.760457125,0.72801351,0.743585529,0.758337834
172051,0.75909008,0.749046513,0.750189582,0.717087425
508797,0.785231706,0.775309322,0.781888619,0.764262524
563278,0.139959858,0.156153289,0.14681564,0.101253685
737878,0.100215413,0.144423111,0.112032773,0.071579475
370008,0.772584087,0.766101189,0.770530779,0.806283495
796783,0.715600426,0.721223244,0.724289937,0.668678788
930345,0.628530452,0.661013328,0.641819829,0.705166939
617751,0.76488857,0.759968783,0.763875381,0.72249051
672879,0.720530259,0.724437528,0.719878733,0.786713362
643630,0.79789988,0.778591875,0.787071441,0.808087695
247585,0.730921205,0.732800903,0.729582661,0.760547214
701740,0.768274181,0.764621348,0.767822398,0.837082268
922761,0.743065947,0.751243654,0.755272385,0.701715566
652542,0.736572088,0.737539812,0.734289895,0.807542976
838673,0.746671262,0.754151905,0.749026171,0.815971026
557827,0.88499771,0.8510102,0.866441829,0.889710125
989394,0.149948092,0.190567958,0.159439305,0.12266613
813462,0.18736571,0.190544738,0.185885215,0.161295142
440064,0.110586622,0.144725794,0.123276456,0.089643829
732338,0.762965054,0.748404978,0.753895581,0.716732629
142339,0.732253013,0.740361351,0.734538672,0.80226388
333346,0.764527902,0.755451069,0.761934643,0.815319913
961927,0.13748982,0.172671448,0.146337404,0.099279798
788806,0.176392216,0.182581561,0.171866893,0.117326647
945083,0.798472225,0.78601702,0.801106668,0.812557117
498517,0.816799288,0.800872957,0.801274888,0.924529495
601198,0.619533383,0.618302382,0.632792759,0.530130395
126210,0.741209672,0.746273255,0.74265216,0.813430067
393940,0.753087706,0.602256396,0.709309608,0.703968106
816513,0.639320599,0.657041192,0.637422903,0.658029708
989302,0.762427534,0.770215386,0.76821963,0.744361431
690993,0.109604973,0.131966589,0.113964758,0.093521276
198511,0.831780434,0.811361654,0.82176842,0.872191939
114172,0.716854194,0.726372808,0.722067678,0.729899299
229493,0.726405774,0.729728234,0.727662339,0.726119791
288479,0.751253003,0.755497194,0.756938899,0.760686719
911415,0.113161269,0.14677947,0.120940102,0.070493124
376212,0.752172567,0.741613618,0.746988919,0.702600828
259833,0.829979815,0.786536345,0.80951643,0.814462692
593727,0.790245681,0.759316255,0.782753569,0.774928666
772932,0.111359822,0.136496354,0.114742584,0.045454325
473809,0.823135409,0.796594727,0.814103405,0.837484352
982860,0.748424141,0.772516767,0.753012707,0.492088568
521935,0.800441049,0.782179865,0.795746081,0.800073919
436438,0.853442656,0.825408122,0.835434087,0.902984016
910777,0.820480589,0.802155377,0.803727613,0.844234705
264547,0.133948158,0.159741413,0.144275079,0.05155464
601142,0.778200045,0.768075535,0.775221043,0.772128643
185603,0.83487466,0.812535961,0.822707039,0.861282167
471154,0.76372902,0.77035614,0.771287593,0.898303838
393078,0.813821055,0.793299909,0.795758518,0.89254241
653530,0.101602156,0.132003546,0.110032831,0.103940252
445779,0.793535209,0.778624729,0.784914319,0.734507536
198863,0.752007868,0.75009286,0.746975802,0.775272248
872490,0.80428612,0.791843242,0.796955382,0.837557758
553017,0.729727748,0.738043282,0.730456964,0.74738606
321745,0.109153099,0.134314705,0.118072146,0.094487908
802654,0.804919202,0.789451339,0.798105256,0.77955395
745040,0.677187179,0.670271961,0.678550098,0.727541472
102506,0.843934211,0.817506071,0.828181924,0.881246833
587560,0.776820271,0.764266831,0.77411512,0.783249054
658730,0.798648532,0.791934792,0.790159409,0.798816694
669595,0.749841709,0.741595832,0.749078219,0.760319979
964345,0.795432947,0.783808768,0.786113626,0.855794376
229768,0.876782475,0.854530012,0.864508566,0.887869448
214233,0.779311423,0.766444834,0.769532716,0.867027749
307336,0.780194172,0.775028056,0.771768763,0.881498517
305474,0.758043934,0.753746344,0.75533173,0.792061028
478536,0.144596983,0.155691225,0.147897961,0.051554461
667600,0.845510845,0.818056277,0.829152,0.881246833
762532,0.752769706,0.729604481,0.745486711,0.648614134
534194,0.158781657,0.185753586,0.164854552,0.096371994
221925,0.711386819,0.75204547,0.727298649,0.799458405
158761,0.822194547,0.792101967,0.813208956,0.789601439
664694,0.728414209,0.721596461,0.717702947,0.75519432
653707,0.742002272,0.747060137,0.740163806,0.761261398
315943,0.739965897,0.725289334,0.72550958,0.763637001
572962,0.119135982,0.154345061,0.121870513,0.129417924
915576,0.743329512,0.740286202,0.741054855,0.794688388
187003,0.772833455,0.76953135,0.772904436,0.804810233
693915,0.792938115,0.787695801,0.789753286,0.719360302
318140,0.10529211,0.145199995,0.118973522,0.190945125
487190,0.761600482,0.745823833,0.760195244,0.630914073
716764,0.10617975,0.148873272,0.123994057,0.09562758
228762,0.872917661,0.83924268,0.8542511,0.938286422
834937,0.815366633,0.802240549,0.810158028,0.782472978
744605,0.781451084,0.775130741,0.782715297,0.8127843
184695,0.719779213,0.718731858,0.719175983,0.754552604
695624,0.806899169,0.790195977,0.795293467,0.858379965
738233,0.141006368,0.166101155,0.151707414,0.089485233
180883,0.803815131,0.788508906,0.794817732,0.791765915
565203,0.853355201,0.833532398,0.84401141,0.828507018
594576,0.113970113,0.153452878,0.126061848,0.069222003
929828,0.668547057,0.676018706,0.676639943,0.611284219
262417,0.864009765,0.851393491,0.855653067,0.882627662
788103,0.71482081,0.71901506,0.715209524,0.742412107
127362,0.131107199,0.157816852,0.143989428,0.083336587
237272,0.723674331,0.724999786,0.72244939,0.837555382
973276,0.867271821,0.842577788,0.855452241,0.867442088
377339,0.742326253,0.731831298,0.741448962,0.79220518
870561,0.723007956,0.718432691,0.725650679,0.745830579
140590,0.798616384,0.795544231,0.797542779,0.815081119
472197,0.804424961,0.79618809,0.8009054,0.781957396
506123,0.806020343,0.787382408,0.793444479,0.811270452
615110,0.771567351,0.769955836,0.766069541,0.776933807
331396,0.658416084,0.687768603,0.675595868,0.641579906
801865,0.804406932,0.794916254,0.797757634,0.815566825
700510,0.685689672,0.69053245,0.693312532,0.73858737
394087,0.726778942,0.530422683,0.641076668,0.807724739
227252,0.828822838,0.806945618,0.81985465,0.809698413
858046,0.770145088,0.758901232,0.777611985,0.681769816
234494,0.112662301,0.150193322,0.122463356,0.129072148
901407,0.776950589,0.773149555,0.776466897,0.77415973
750444,0.746526727,0.727199919,0.745578786,0.797552485
331316,0.118235345,0.147862695,0.130710899,0.074992464
359777,0.830948868,0.824543676,0.828742304,0.834438436
200132,0.688339323,0.710674807,0.698436631,0.772521362
221358,0.745105374,0.745272186,0.747883707,0.742971123
155085,0.100268413,0.141173542,0.112984409,0.099258433
905906,0.728890301,0.731364242,0.726845861,0.765997043
290342,0.804831181,0.797041028,0.802426409,0.810639537
261137,0.677408546,0.687666913,0.68009691,0.731783279
808459,0.153933911,0.157911036,0.149700726,0.110794016
609775,0.268477406,0.243761519,0.239597308,0.126829703
789958,0.80866615,0.805140077,0.810387316,0.7881445
494191,0.752007312,0.749533884,0.750898347,0.834667142
608933,0.732553436,0.726954901,0.733360423,0.752211303
594978,0.748182742,0.548677952,0.658989835,0.670067919
359252,0.14591814,0.176490734,0.156845829,0.100581371
953995,0.114041295,0.141771415,0.122056332,0.093281614
180832,0.759879638,0.568928516,0.674852077,0.711909077
540503,0.755031477,0.760045764,0.760684966,0.887382286
138661,0.123973932,0.168205439,0.144264311,0.103059856
836178,0.168814364,0.198726792,0.176599735,0.089128125
121157,0.115578913,0.144207323,0.131039847,0.031283608
343890,0.75290303,0.753144905,0.75162831,0.74350426
340512,0.756292968,0.757242425,0.758949406,0.752143633
463731,0.862125575,0.84924132,0.851601471,0.918598208
729357,0.732393099,0.757458917,0.74254447,0.80399648
403370,0.745396201,0.752356008,0.75247427,0.727405053
373493,0.71753687,0.738796645,0.727143723,0.715482893
713389,0.642271713,0.662591341,0.64538672,0.744448796
224730,0.129571106,0.152944419,0.134054981,0.092811597
634397,0.119367701,0.144799031,0.127420009,0.071036907
476114,0.820221836,0.801319629,0.809261472,0.779035081
400264,0.70298636,0.713167436,0.702058678,0.776413516
254586,0.893559338,0.850647319,0.869528,0.987298513
639327,0.810906912,0.802921108,0.806025119,0.797906024
498491,0.795239318,0.783164146,0.785950641,0.793134828
161570,0.802692416,0.801709822,0.798768842,0.893519015
423258,0.831785295,0.821150567,0.829118319,0.802579874
943287,0.088662829,0.122139404,0.100338212,0.056951628
353765,0.849286503,0.835433493,0.844826329,0.843860213
101094,0.713368087,0.738335136,0.72548409,0.778722729
985963,0.729821254,0.743651354,0.731682262,0.742595346
114707,0.814003374,0.804379813,0.814417523,0.730628803
277068,0.81449065,0.810902088,0.811605712,0.869618772
743930,0.5058223,0.582013432,0.533506441,0.712401007
285382,0.836225232,0.815556533,0.824693636,0.800657747
401238,0.767459545,0.758077324,0.761410438,0.836112645
493958,0.725398668,0.737062765,0.727361751,0.794738829
166120,0.814137925,0.805032799,0.814223617,0.800804121
871726,0.728207663,0.653187939,0.703707257,0.819556624
942008,0.768415983,0.754730893,0.769562244,0.757818917
582536,0.803278634,0.795349682,0.800545471,0.805506765
142329,0.730058642,0.737433576,0.736802501,0.654688379
802910,0.747018079,0.750147587,0.749064207,0.731075946
846028,0.733383304,0.735118834,0.734734395,0.756498286
731296,0.724207287,0.727706763,0.723121935,0.668146735
617691,0.731226755,0.737821331,0.73369435,0.73811791
586379,0.834548541,0.814716628,0.817670272,0.940102769
320363,0.867345896,0.842588229,0.849778287,0.788578775
405886,0.186357627,0.192000554,0.177151802,0.170060956
831719,0.778799291,0.767690309,0.776277946,0.809148472
973034,0.118629844,0.142712188,0.128189632,0.074052226
482084,0.752260022,0.750924929,0.751798807,0.763838008
934581,0.790841304,0.78045116,0.787135977,0.818273351
584105,0.816764048,0.808493227,0.808186234,0.837378757
510569,0.119443401,0.152967448,0.126835963,0.117950144
623115,0.720341182,0.541203964,0.629005859,0.694697244
189098,0.147328027,0.153407268,0.136334442,0.090966481
627250,0.781418213,0.773434424,0.776262921,0.814888266
582371,0.758473141,0.754022206,0.755965998,0.741479897
621970,0.830292398,0.809217737,0.814870764,0.862301748
980846,0.764803332,0.762699554,0.758711375,0.808502966
910241,0.814421063,0.818302003,0.814475147,0.792246421
964232,0.786522137,0.786644055,0.792971301,0.823215138
860239,0.753603155,0.756878189,0.755487967,0.770978228
477612,0.718543617,0.732336918,0.723602755,0.75312495
146942,0.105775506,0.129723662,0.113225602,0.117541558
977642,0.737144747,0.719341982,0.708697706,0.717584056
913973,0.708330623,0.71653339,0.711579087,0.778881571
576674,0.684569641,0.667164501,0.676635632,0.705604708
448603,0.778077763,0.770523079,0.778709181,0.735908454
535392,0.774334368,0.757896209,0.769416844,0.802152766
688428,0.13694618,0.167594802,0.150704091,0.108126732
787951,0.576121863,0.607758627,0.590863251,0.62676404
510793,0.749305354,0.744987982,0.749493374,0.688575124
771643,0.75418145,0.756476883,0.754615336,0.768391061
185525,0.790491285,0.777854164,0.780638854,0.777482174
213260,0.759364213,0.759701844,0.763463741,0.782510351
495225,0.139449355,0.150252706,0.143979449,0.076413423
879680,0.69271752,0.694726965,0.69755017,0.805664443
729682,0.810297825,0.805625363,0.805823374,0.866622474
744193,0.788978148,0.782886693,0.784985554,0.815807464
427860,0.795838857,0.788707498,0.791883287,0.830088067
594836,0.801790205,0.785957112,0.794083929,0.789285454
521892,0.110239771,0.137515065,0.121803808,0.045331404
901217,0.871795419,0.843045122,0.857534921,0.820309871
851056,0.79919702,0.804192116,0.802038441,0.772522523
987143,0.779833882,0.770172618,0.771239444,0.782016023
179217,0.730823858,0.730652167,0.729858295,0.693120607
416421,0.626590765,0.649743222,0.631428982,0.545057692
888956,0.842683268,0.812735184,0.836013353,0.849056213
277255,0.820067027,0.793755528,0.807921608,0.79219331
844964,0.72795959,0.58370385,0.67675014,0.804667358
689487,0.859017084,0.833522589,0.84350224,0.840130519
774013,0.087200647,0.117246029,0.098160315,0.066394931
156520,0.094701369,0.138940683,0.109673999,0.055639579
631359,0.139484522,0.169554807,0.147576253,0.088181231
104195,0.754536928,0.741540633,0.748081834,0.741622595
308397,0.150756384,0.180989024,0.154525706,0.078764678
351839,0.747688426,0.762250018,0.755723392,0.631980147
779932,0.843648371,0.823468174,0.831076801,0.799508943
990542,0.809432534,0.798242504,0.802802901,0.807992286
846854,0.901611348,0.882693701,0.890712176,0.882817538
869915,0.800179678,0.792978161,0.795335178,0.920818689
141629,0.178177606,0.176426248,0.165250033,0.097942793
561130,0.755920741,0.742154911,0.750772441,0.822740221
664051,0.809303578,0.800139105,0.811667646,0.786347689
913726,0.72613545,0.737987031,0.730220121,0.813686402
993705,0.123312833,0.162884601,0.14038862,0.083035144
693133,0.673347412,0.690561317,0.678342254,0.614899073
301461,0.759313778,0.751904621,0.75621074,0.823198655
340698,0.767655392,0.761758592,0.763594974,0.844052052
162038,0.858750108,0.845405676,0.852050641,0.834650058
980235,0.72129875,0.724707676,0.714573785,0.79532491
446691,0.758819181,0.737917892,0.746588298,0.812109836
407100,0.146594998,0.151370833,0.14457309,0.073984048
522420,0.729697068,0.72037298,0.727286729,0.710640194
944948,0.734893931,0.730475155,0.742264793,0.64937244
451382,0.797935475,0.784869951,0.79248177,0.760738281
650681,0.107905337,0.140578148,0.11590537,0.047815537
887564,0.796186016,0.777606462,0.779840741,0.821372298
637495,0.760600891,0.760863636,0.758237764,0.791881148
802073,0.095522291,0.136169254,0.113149652,0.098568367
665859,0.776851879,0.778539632,0.775945639,0.829195373
689933,0.7981348,0.791171511,0.793857547,0.847115661
230364,0.204336856,0.215652054,0.20115719,0.12512994
529645,0.725526994,0.734466692,0.732834311,0.746527463
134754,0.764341385,0.756152717,0.759104648,0.784066584
973473,0.725542901,0.732329793,0.731540397,0.800698834
395402,0.769636637,0.780681023,0.778743141,0.803666593
139307,0.604505292,0.638294124,0.609301754,0.612421692
420699,0.823965622,0.775558111,0.803096951,0.875391429
589125,0.769097669,0.756013285,0.76904115,0.758700023
777162,0.74134986,0.741284711,0.747097966,0.75143155
525271,0.103164058,0.133333479,0.111854227,0.092957146
593475,0.87178964,0.844650406,0.857363669,0.855144637
887835,0.803441482,0.796544593,0.806379666,0.790201916
715902,0.805858018,0.785720357,0.794875107,0.788855962
925051,0.152844515,0.174571346,0.155821926,0.098463747
666698,0.762664399,0.768087114,0.763080407,0.795768884
857050,0.781684866,0.774017645,0.779633347,0.825908635
426206,0.148733288,0.17739003,0.154765473,0.124012021
612903,0.788601187,0.78375732,0.787480777,0.807355979
349236,0.135335867,0.169551426,0.144409605,0.095275649
420743,0.722317068,0.69777435,0.719211108,0.655071209
188479,0.795347681,0.767213803,0.780943121,0.746127092
261946,0.650129018,0.695723242,0.677804201,0.673470418
232919,0.775096333,0.768955332,0.771308785,0.798895087
187233,0.122752897,0.165545185,0.128456232,0.133261053
110305,0.152310775,0.159277579,0.153148207,0.144391629
138697,0.711447295,0.723758166,0.719771062,0.741511206
532564,0.805891745,0.805972863,0.805546301,0.754986254
264895,0.139950161,0.154640963,0.145290823,0.112503869
136552,0.097111609,0.11784263,0.103512745,0.073353986
255671,0.80640376,0.776814654,0.798322488,0.687046954
540209,0.836793247,0.818438072,0.833378219,0.791476081
365727,0.780605348,0.779605403,0.7791621,0.793098895
151477,0.716417985,0.710539714,0.712634241,0.720007199
826760,0.174601933,0.212861381,0.185261846,0.116618446
473936,0.702851139,0.719067295,0.708794436,0.769361687
573856,0.801740055,0.793973043,0.795774179,0.605826406
699528,0.775651982,0.772488068,0.77702074,0.77831974
517510,0.794589812,0.791304235,0.798120058,0.806257412
609204,0.675978124,0.658198614,0.673063676,0.596163315
555465,0.095365782,0.126728002,0.1034222,0.074434678
929743,0.865602826,0.854902588,0.857365085,0.826540225
932803,0.685825526,0.706582583,0.698492963,0.731868
133473,0.113752084,0.137393013,0.118365168,0.100688419
511240,0.797143623,0.769705909,0.780051426,0.824922821
483878,0.724668323,0.730372101,0.732953443,0.733042448
853674,0.762230047,0.757061786,0.765464297,0.761942854
506500,0.129124495,0.16812638,0.140121579,0.104719494
299589,0.763194348,0.751803368,0.756618077,0.786211321
329370,0.76920316,0.760720291,0.758063952,0.83801393
910667,0.084225145,0.122731945,0.097358438,0.042485305
485278,0.782149505,0.776084428,0.78128266,0.769776136
520624,0.121424788,0.149541849,0.127944742,0.068381377
817661,0.731237067,0.729259319,0.729212868,0.782274884
740104,0.106124079,0.138788711,0.118447897,0.075624348
116558,0.735331285,0.734481312,0.740532092,0.682039093
446037,0.692426758,0.705456146,0.691911096,0.438738735
418451,0.816624512,0.804315536,0.806724648,0.756365311
376559,0.81277942,0.80502562,0.806911186,0.802210597
834580,0.714338585,0.737963195,0.719575035,0.765837245
965410,0.787029623,0.782355389,0.78722862,0.786846889
740172,0.77034587,0.773589023,0.770814346,0.758103923
982896,0.856576502,0.841169241,0.846758067,0.86699339
522121,0.102314388,0.138784134,0.109495161,0.098678151
827176,0.852298106,0.830348926,0.843392874,0.871172717
309797,0.825658613,0.816401966,0.812581966,0.901904195
837096,0.748194717,0.750357892,0.747573838,0.802367081
881464,0.70565906,0.715789179,0.71627315,0.657399366
189580,0.793333189,0.780372951,0.785154652,0.868868728
309861,0.737035109,0.740350766,0.735055339,0.753239616
976875,0.772754948,0.771784794,0.767280096,0.776933807
836764,0.760862341,0.769903819,0.7629153,0.807316712
957449,0.772273535,0.760722432,0.769255999,0.564509967
835062,0.779357383,0.774102927,0.777436534,0.80427284
760744,0.742497472,0.747991558,0.742304335,0.774566515
534675,0.670043332,0.697120271,0.688112187,0.574602829
409606,0.827821303,0.790621899,0.808195981,0.832542928
636169,0.809981024,0.805689974,0.806252223,0.850620662
222139,0.147481482,0.180138662,0.155275151,0.080629258
411573,0.145180405,0.156899191,0.147880621,0.070618893
104036,0.808321598,0.788651055,0.799569949,0.884828058
575646,0.78130369,0.768904998,0.771252949,0.757370073
141017,0.833012101,0.817431946,0.826245888,0.809397868
870375,0.123088273,0.141532751,0.127837265,0.084717573
285084,0.717776647,0.72389021,0.718328905,0.693627023
146493,0.784812595,0.767096791,0.77801973,0.778806909
436583,0.778122967,0.764466545,0.771038356,0.784870183
761463,0.776369888,0.740722238,0.755769839,0.672091191
292655,0.210242347,0.228723443,0.212936072,0.102917906
157838,0.787444434,0.767765384,0.772476244,0.874541866
194720,0.667095166,0.720201264,0.699864969,0.655238147
757226,0.112386941,0.150340322,0.122886081,0.079124804
424437,0.825571616,0.807600661,0.816115686,0.87916051
244368,0.812522856,0.797751294,0.805957474,0.896789151
226297,0.09987503,0.123212903,0.108751708,0.060893197
171621,0.247105783,0.245362661,0.242647785,0.246480736
481258,0.114028188,0.141369536,0.118336768,0.100142495
688566,0.786572128,0.764054816,0.773882143,0.799057077
935693,0.834879599,0.818539051,0.827273103,0.87411783
264642,0.773583492,0.76312304,0.765881955,0.769115366
697001,0.833650439,0.822651264,0.83367469,0.913749431
433400,0.905185227,0.873741229,0.889768478,0.839713804
881258,0.714654784,0.726106284,0.719870234,0.724029911
553067,0.126738469,0.161291318,0.130729501,0.148553826
970213,0.768636627,0.772853904,0.765644392,0.846095363
931123,0.793855804,0.785856672,0.790871272,0.85508174
577898,0.644989837,0.660490676,0.653684699,0.72376068
462050,0.0976108,0.12862888,0.11146242,0.083307765
884456,0.816155525,0.795116937,0.806730782,0.812917795
872624,0.742134104,0.747314595,0.743701601,0.778726352
929403,0.759797466,0.762983077,0.767165196,0.75626376
950289,0.815200334,0.782084619,0.800388225,0.813125574
383234,0.802176036,0.790976054,0.793915437,0.796919359
804746,0.66930382,0.683759103,0.678307414,0.731227095
235781,0.752486357,0.747214478,0.751406392,0.707329951
401925,0.774760446,0.770122767,0.780018629,0.792057358
898893,0.146068004,0.159673118,0.147363123,0.089198269
123700,0.800440134,0.780794664,0.790523749,0.789447815
464835,0.096203206,0.127372152,0.108894609,0.081513061
586929,0.10465056,0.141792083,0.120148781,0.075235317
208562,0.892461837,0.862437358,0.87226729,0.901777789
112283,0.103392585,0.136151657,0.114141959,0.069280246
515471,0.160044968,0.167127348,0.152365341,0.090525011
789190,0.17782427,0.196980831,0.171204966,0.182815117
325592,0.095000857,0.139021532,0.099316952,0.068678334
532933,0.640992276,0.659036797,0.644775779,0.768757003
970758,0.727700128,0.717739939,0.71952231,0.709442124
294662,0.770688984,0.763362545,0.766922848,0.712772825
697613,0.763872438,0.762936236,0.760020035,0.762333255
707278,0.778912166,0.783183129,0.781569727,0.761150318
723757,0.775385173,0.772684685,0.77457676,0.797618696
110647,0.145322661,0.158941585,0.149455081,0.078607097
433988,0.815218031,0.81495793,0.824180171,0.815580126
135627,0.763052704,0.744539298,0.752894952,0.801008485
486961,0.856409665,0.83540329,0.847512953,0.853847132
349628,0.175568186,0.193933441,0.180869519,0.132652416
883609,0.774160707,0.76768467,0.769525766,0.826946395
156131,0.831431906,0.81368941,0.818702162,0.866140237
471799,0.754469067,0.760984402,0.753758699,0.859004383
839634,0.801403303,0.792057076,0.795502928,0.845642787
785577,0.79618986,0.789880322,0.799696787,0.757017024
762466,0.836839383,0.82044681,0.826503466,0.897312463
515234,0.764253989,0.757992245,0.754821418,0.813681385
335549,0.676260721,0.68661531,0.67675251,0.686809246
202027,0.733821772,0.743849594,0.742397655,0.717990181
500178,0.124716904,0.145562509,0.132615377,0.088914333
561173,0.833354114,0.608343057,0.725752775,0.847386503
114659,0.836117158,0.819831084,0.823761134,0.877516977
241621,0.830918835,0.817086116,0.831270269,0.758707213
172665,0.788579017,0.781550135,0.787915509,0.81430096
186932,0.651477821,0.677400626,0.671830208,0.525721301
531991,0.786016259,0.776163175,0.787610532,0.819983997
750346,0.098893862,0.123144679,0.105076266,0.05719063
595861,0.801103604,0.781607604,0.788949835,0.816480303
429076,0.752287598,0.74570657,0.755803459,0.745048391
705026,0.127392952,0.155976613,0.138335044,0.092477834
117212,0.103152796,0.136107182,0.116625101,0.063664695
146999,0.693489015,0.712592536,0.706394433,0.622854928
574349,0.765653277,0.768368117,0.761861028,0.819378055
781595,0.78360371,0.78015209,0.784141647,0.810076585
452467,0.709700083,0.718154026,0.702017138,0.745983087
413341,0.816624524,0.796231717,0.798415652,0.82491313
573265,0.718055648,0.728064092,0.722692509,0.694180934
139567,0.782028132,0.772065045,0.780050829,0.773585594
485930,0.787289673,0.76000583,0.774430455,0.819514349
462639,0.804581047,0.790413092,0.797722217,0.844652583
447209,0.87679337,0.857859398,0.861047723,0.907629904
161463,0.783776611,0.778129317,0.781117614,0.823125346
446034,0.174753504,0.165895444,0.166884738,0.103249203
405564,0.828367975,0.80184025,0.812664829,0.893895267
523102,0.646528408,0.665646799,0.660484779,0.742964181
193758,0.111838292,0.141760788,0.120369998,0.089628399
979010,0.838172555,0.819814375,0.825725718,0.891952729
619624,0.774755395,0.776641564,0.772532099,0.789262012
105251,0.141332433,0.162239911,0.146544029,0.087521689
890654,0.128801921,0.164931969,0.139026887,0.125037722
456099,0.756810434,0.752847962,0.75743658,0.790235398
796844,0.13662092,0.1747879,0.150984843,0.054776418
281510,0.715544785,0.7314475,0.72865897,0.757608746
220009,0.22888425,0.229373611,0.228287347,0.133140495
485354,0.818491549,0.80020209,0.807054736,0.841358886
512331,0.804192134,0.792941159,0.792513034,0.865204399
974966,0.844261204,0.842393111,0.837973884,0.883497266
250777,0.760975073,0.763794126,0.762916109,0.838299448
601764,0.786030524,0.790216119,0.785740703,0.773572446
387834,0.126010642,0.145048095,0.127590108,0.168248287
981618,0.708401299,0.710886267,0.71362916,0.676255841
544080,0.686393493,0.693817743,0.694437118,0.677901697
142031,0.642848673,0.680028218,0.667406678,0.752447756
867707,0.555369214,0.590595308,0.565409534,0.601580701
535032,0.698082464,0.698841183,0.701553125,0.755393099
741329,0.723390875,0.738417569,0.725537988,0.833059736
711499,0.705051323,0.711322382,0.709391145,0.647531574
511730,0.706788185,0.689770604,0.698706739,0.693911726
126058,0.769436672,0.770447118,0.769484412,0.814682306
641356,0.108629471,0.147324801,0.119844062,0.107495989
997836,0.610228298,0.632997554,0.616052605,0.676617018
420307,0.816698771,0.813097283,0.817715012,0.811608435
218695,0.774499189,0.764456256,0.765451561,0.829771283
664159,0.12908772,0.158824094,0.138642077,0.095618558
155486,0.786211157,0.771942127,0.77662749,0.804696107
367426,0.808085187,0.79158449,0.800888875,0.843029573
174783,0.746379168,0.749020343,0.753302072,0.715217016
145209,0.613436808,0.643048494,0.617356536,0.543760647
440445,0.758211666,0.756926363,0.756745071,0.777278755
393987,0.824499904,0.810445887,0.816648475,0.830656766
876167,0.761022181,0.763827158,0.766528275,0.819061059
276455,0.77301779,0.775198852,0.775470722,0.796347955
579561,0.800015704,0.79088898,0.793268747,0.905674427
851358,0.691887799,0.700799398,0.693001733,0.742856657
129125,0.083626114,0.125230156,0.101743652,0.073961538
923035,0.762716721,0.754387502,0.762889078,0.837133317
271447,0.798856862,0.79099108,0.792384932,0.886286452
369648,0.792055284,0.786601861,0.787584307,0.763952734
685123,0.743552918,0.732097476,0.746813546,0.64728417
498023,0.875395432,0.858716912,0.864261208,0.893898371
963780,0.750445688,0.754545144,0.754723295,0.767698915
923452,0.834767832,0.812841175,0.826538822,0.776995929
896792,0.735261703,0.739145735,0.73460387,0.714024266
678469,0.774457602,0.738948492,0.762605433,0.804559595
409070,0.104005376,0.131916663,0.114788858,0.07775675
111766,0.205445306,0.234636644,0.200531279,0.156416001
771184,0.831805937,0.813938554,0.828778795,0.815075296
671253,0.125297117,0.147135955,0.128121381,0.094421456
692846,0.721674228,0.730912869,0.722927621,0.795896742
647302,0.7757913,0.763646828,0.765426357,0.769367579
570758,0.646967548,0.685117246,0.668355206,0.606947604
148600,0.807649812,0.791127194,0.8018871,0.797094422
612527,0.725149623,0.734524146,0.72281511,0.777766161
812299,0.565745958,0.609259733,0.570497643,0.701426246
714025,0.804180124,0.801404951,0.797893164,0.842661398
975956,0.745973764,0.746099431,0.74418839,0.80561203
814064,0.707891196,0.711071399,0.704381146,0.48795929
305422,0.743455679,0.74573961,0.747516868,0.77136632
478743,0.85240331,0.8451014,0.846660109,0.877979164
218664,0.824808174,0.804479866,0.819132826,0.657641959
998119,0.842654697,0.830657779,0.833824679,0.845031367
773839,0.743744073,0.741927265,0.747969095,0.746954146
753071,0.725180476,0.722240522,0.72550207,0.743207606
595324,0.840049254,0.818458832,0.827466824,0.767726739
615532,0.7611978,0.767012353,0.762824856,0.742812833
476653,0.845421756,0.841660987,0.839874689,0.810713905
919206,0.120733682,0.147677227,0.127478798,0.084649597
146919,0.817685687,0.813945981,0.810540752,0.767199522
539932,0.77466496,0.743967691,0.762156883,0.714792103
487401,0.799280953,0.760589138,0.783377481,0.801452813
226655,0.090224934,0.123513084,0.102005114,0.082434276
396603,0.751479428,0.752661297,0.753479996,0.795698653
317967,0.615281207,0.666442399,0.639769592,0.490086204
438916,0.82638649,0.800024577,0.813953721,0.810803979
416770,0.816465373,0.812065377,0.808237774,0.814764534
409406,0.227669883,0.211055253,0.219023179,0.120662142
781097,0.708533857,0.713948176,0.71204202,0.7486888
809684,0.835756093,0.815784497,0.825714905,0.855475194
568541,0.228637005,0.215584779,0.214598211,0.166167975
198027,0.697495676,0.707166175,0.701960221,0.687444687
709956,0.190618226,0.181035741,0.179138806,0.107304131
704218,0.787995743,0.776338339,0.782051175,0.787448429
102372,0.850518886,0.829742934,0.841436125,0.866028921
577629,0.67666089,0.669704937,0.680589446,0.675812153
121846,0.815788107,0.80705685,0.813261069,0.874788328
198870,0.758406184,0.750025846,0.751255789,0.768723881
362579,0.751638487,0.77460604,0.755523055,0.814032086
136548,0.79699183,0.77597602,0.784627452,0.859454188
323814,0.658802222,0.689813439,0.665821969,0.740664453
301557,0.752912827,0.742146012,0.743588186,0.69249399
270303,0.723156269,0.743174632,0.731181426,0.821382663
158540,0.138157774,0.172376338,0.144648616,0.10301138
819926,0.765169023,0.761530776,0.763470398,0.828643733
948735,0.15170476,0.177970457,0.160001681,0.070245392
476794,0.251953466,0.262059989,0.251661606,0.13863841
742136,0.804972854,0.798293595,0.805272786,0.801199495
891892,0.77581083,0.759612606,0.767192103,0.794651173
458442,0.777134253,0.767296217,0.767339478,0.841919718
955891,0.14580324,0.18159997,0.156223605,0.091790501
843209,0.198651075,0.212441814,0.19833003,0.139146281
578817,0.717646173,0.726616271,0.715534436,0.745733112
784322,0.749966171,0.745988975,0.755392207,0.802984974
973144,0.859901706,0.836752643,0.84579603,0.856381787
673501,0.111823565,0.143846933,0.120306791,0.069054501
957619,0.7770063,0.762669486,0.763966914,0.79787419
953851,0.833438007,0.822456395,0.828395196,0.89315543
660506,0.791006776,0.79143746,0.786580044,0.793660258
108438,0.72007496,0.737378298,0.730090931,0.732117164
936678,0.831503082,0.817359847,0.815292879,0.904317559
821353,0.753079202,0.752800521,0.753240437,0.784099732
895063,0.71478336,0.721111352,0.712740731,0.788798701
825780,0.848930063,0.82292593,0.830335869,0.823811361
125416,0.693405887,0.696767845,0.701162409,0.736161835
452914,0.750926337,0.734953099,0.739985539,0.800827051
930066,0.733515095,0.74220272,0.738207227,0.810436318
439653,0.118092268,0.150210024,0.132140718,0.106250847
708315,0.143944297,0.159886743,0.1456131,0.116070639
595824,0.79751177,0.780046851,0.7896957,0.784761071
548169,0.187753418,0.235216744,0.198079226,0.109700555
212511,0.784218649,0.781014904,0.783940737,0.859545866
854508,0.827460463,0.789400432,0.814468666,0.812858916
896004,0.095296881,0.125761065,0.104344338,0.099881719
721119,0.773424633,0.760630019,0.755544057,0.759410734
835246,0.726326373,0.729975926,0.728404858,0.759632367
163783,0.854798487,0.83989647,0.849174543,0.829502028
758057,0.839260448,0.812095581,0.822637822,0.865233865
383965,0.731105722,0.736121669,0.734972651,0.787589914
977076,0.841248088,0.816806108,0.830672503,0.826919095
922960,0.843004334,0.826870291,0.83286752,0.84477377
759690,0.868866605,0.862372232,0.859976317,0.93844361
911717,0.10246537,0.134227421,0.113475703,0.107364553
327597,0.806614157,0.768791023,0.788560442,0.904868924
