id,XGB1C,XGB2C,XGB3C,XGB4C,LGBM1C,LGBM2C,LGBM3C,LGBM4C,CB1C,CB2C,HGBC,Ensemble
0,0.31118184,0.3065329,0.3116426,0.20994659,0.26571714935212576,0.2574392689639311,0.2780563106580138,0.24613274816663075,0.23819767913914722,0.26237768756129837,0.21489265168552674,0.27667243593143315
1,0.32652438,0.30761075,0.3205483,0.26167703,0.29180932508101803,0.30358504794943847,0.3155239738570937,0.27718612250865043,0.30667976058914326,0.3182848260078065,0.19480345135454916,0.31419671438516106
2,0.37257504,0.391725,0.39386767,0.32542658,0.344853227015598,0.31705813433074415,0.35744507809504394,0.36094295846075103,0.30094782554623356,0.3089041522397789,0.4086344255202639,0.3454784365007025
3,0.56113446,0.58272046,0.5506678,0.79794097,0.7240679233922596,0.6870033348127094,0.6868397521874859,0.8206032014069462,0.849411865647486,0.8495744258059601,0.9763244176240609,0.7050029866031166
4,0.36508793,0.36775497,0.3485083,0.31054902,0.359692068965186,0.3808741291142804,0.37010696688475764,0.3646726761611623,0.3133026630847118,0.3014907461867592,0.49435253303813614,0.342594249062104
5,0.22972289,0.25277555,0.28482103,0.15132943,0.229851274653082,0.26499212602034244,0.17973755658728893,0.16250917878810286,0.1463305998565657,0.17368139820468015,0.016885371554419736,0.20392910931947988
6,0.26094687,0.25623882,0.2896455,0.15947804,0.19280107175264613,0.28291503933833784,0.19853906651556746,0.141135150276983,0.16304053917741723,0.2018076282655236,0.03145662539463675,0.22298870420826927
7,0.35692716,0.34126046,0.34867662,0.27293164,0.2922413698702958,0.3668053743597358,0.3206675977816226,0.2790720691554773,0.27531274591897964,0.29500378470840954,0.2506829163656562,0.31863713180823683
8,0.6152667,0.5995984,0.57525617,0.73481154,0.6117604479388349,0.6064154816052774,0.5888491317533797,0.6330611546684959,0.6655564705850624,0.6114931636687144,0.7737393416312277,0.6113978303554541
9,0.33632243,0.30647612,0.3258776,0.2332762,0.2192861436027389,0.2805830811507201,0.24963475073105582,0.19022238114757048,0.2488239222997554,0.26072888522811766,0.04958382041878927,0.27907665134137877
10,0.63594484,0.6575281,0.5880126,0.7963035,0.7277929028315901,0.7141152418116264,0.7153351872772546,0.8174363898265933,0.746725088854516,0.6641192492298851,0.9170065881690904,0.6789960686297016
11,0.35552248,0.3549493,0.3530662,0.31510937,0.3364448993259823,0.3725406278590019,0.31523805682156725,0.30378171363032047,0.2680389105543378,0.2714280281825464,0.27943860853705016,0.31556849965708855
12,0.28506523,0.25800577,0.30307573,0.21113142,0.21326294090583636,0.22971762868042855,0.2083661436287867,0.18195738748520854,0.20174492321224466,0.21914105885574778,0.05425394200783865,0.23959794775579626
13,0.39127058,0.37904096,0.38123974,0.37115645,0.3934065454704108,0.41966293621327777,0.3775846205519303,0.3670488236368694,0.3297790637148782,0.34547565340961806,0.4574810190407087,0.3635783075759881
14,0.2728469,0.28479236,0.29922345,0.17148781,0.21934718558732452,0.23953912818864884,0.24312997568250108,0.19688823688449847,0.1894955520151352,0.22290379116601838,0.06561139455383005,0.2389168652141968
15,0.621132,0.63683987,0.59698683,0.8766882,0.7610594019719145,0.7522096811663996,0.7327406728257413,0.8626974802151862,0.9136922853916761,0.8814375150254803,0.9804228590250824,0.7552357756515576
16,0.60319895,0.61528766,0.58467823,0.87437326,0.7516215369026706,0.7519129101538512,0.7241615119180314,0.8460872040759261,0.8835207271713781,0.8803080795408542,0.9413457211998539,0.7397963206538758
17,0.6121859,0.6225814,0.59331286,0.89423066,0.7629851854748401,0.7481587680880584,0.7325226914406209,0.865974401422628,0.908551817939804,0.898953856931812,0.9911228441781557,0.7534333160370126
18,0.3171273,0.40067953,0.33509824,0.23201089,0.24394777728899739,0.29908892963473355,0.2654013576743859,0.20087777863452252,0.15181253131470301,0.22143278746771022,0.09462906049802915,0.25968183082058693
19,0.42167044,0.46461743,0.40128016,0.4436284,0.5273402247283823,0.6248074536943563,0.47521347001938274,0.5307690561561703,0.6183001259285885,0.4781380088547763,0.5694190674050837,0.49251497465133376
20,0.34550965,0.32521477,0.3421753,0.3014505,0.26951478725544753,0.3590387693423532,0.29930504418537784,0.26369350498113353,0.3069382804047455,0.31398757033104163,0.19546940882928818,0.3193619928356778
21,0.30471903,0.3054461,0.3161251,0.23420653,0.2703082721461481,0.322107285119669,0.2977771586492836,0.2480871680637838,0.24096500002020652,0.26068358300790806,0.21613965767244575,0.2809750726671868
22,0.27972513,0.26939407,0.3003502,0.1948103,0.2008673674541508,0.24300070481778396,0.20732769707948515,0.15685528820920455,0.19323538337991453,0.22741447737392959,0.041168393422100456,0.23771828152532964
23,0.2795256,0.29466224,0.31160882,0.22739668,0.22571221495469512,0.3105766355071084,0.23107099197499043,0.16298637315262382,0.19984196772485857,0.23959322286385204,0.05515652790941783,0.25045183126885384
24,0.29587397,0.28285664,0.29567146,0.18407966,0.25451723415172106,0.29682070128045346,0.2787025050771935,0.21690737381263653,0.22295225854422704,0.25428855417089824,0.06771183580932529,0.26602681516322957
25,0.36025202,0.3457026,0.36550358,0.36790484,0.37356781979517406,0.4386704892485384,0.4057832489344529,0.40240053820847554,0.30768427313116187,0.33400586046552005,0.3645172295333369,0.35780255982259995
26,0.3097691,0.29620317,0.3076043,0.20340982,0.24226583226236756,0.24840019365428892,0.26050146983771727,0.2172847952113348,0.23432712175750298,0.2465593279416908,0.1762350755470148,0.2664553752194421
27,0.5377124,0.55007,0.53157437,0.7108673,0.6409853824219256,0.5548177014400519,0.5913472803076887,0.6887604207680186,0.6917941170215546,0.5865899449729751,0.613155349644982,0.5958971227964189
28,0.20445247,0.22331543,0.2477744,0.09845795,0.16573596054012346,0.14641554032674486,0.16200731945930855,0.11774984679793025,0.13944921835420837,0.15124690178532246,0.0761148713749559,0.1789898769277605
29,0.33565444,0.327128,0.33339864,0.27825165,0.2795842294907468,0.3306269901321546,0.3030287218876345,0.26858608126354305,0.27527834207910284,0.2804868592486676,0.23693714607847388,0.3048548900238612
30,0.5931658,0.6086438,0.57379764,0.84875506,0.7392775197692055,0.7521278691748609,0.711970872884685,0.8383601630243277,0.8981368249056306,0.8811184386148057,0.9772933888135069,0.7402769326279599
31,0.3541469,0.35940692,0.35712707,0.2522682,0.3133708176139981,0.3126710732064307,0.3291447466502141,0.30447251882048754,0.2986212424972271,0.32647847755071824,0.29299880479843904,0.3242009671743071
32,0.3045844,0.2997432,0.30764332,0.22808456,0.23346844657470306,0.25487503622367996,0.2589102631208925,0.19728562641717393,0.20857183903829696,0.2565167090379017,0.06904912849886678,0.26045808357326633
33,0.42425585,0.44928545,0.40364093,0.46290308,0.5458365895411039,0.543041908342276,0.49562765617846277,0.5592868036327556,0.5823724637554141,0.4701500736892677,0.7823633812560647,0.4913981216901443
34,0.59833467,0.6097467,0.57964873,0.83902895,0.7330078650828958,0.7366704329121158,0.7202155511085021,0.8349505135770274,0.8832780699083603,0.8722251005204338,0.893224723983988,0.7366779805058237
35,0.30658543,0.29729468,0.31365818,0.22598347,0.2626172930996009,0.25417037453077607,0.2760016835166535,0.23579988603173074,0.24255575319434525,0.2583608358258248,0.17684410578975837,0.2740864184593606
36,0.33572748,0.34342098,0.32627177,0.27301404,0.2711176748503939,0.312382020497761,0.29516704294240437,0.26604090603591973,0.27174751796042257,0.2899550094501001,0.15756321817602364,0.3011186397932712
37,0.30583373,0.2849448,0.30101663,0.2059973,0.21051801659672426,0.2573709759608944,0.25331568003983335,0.1888713112876655,0.2302663667443944,0.24652697146331431,0.10589286701973277,0.2626857972261967
38,0.30361623,0.2915572,0.30037796,0.18946204,0.2587246123213414,0.2792239590398349,0.2750827000097436,0.22200579441325283,0.22829954496804977,0.26211248695602746,0.185410533793089,0.27092512283012987
39,0.3244466,0.3219505,0.3243062,0.27077088,0.2651680361113613,0.3292310982639731,0.28082940828228986,0.24536232492413151,0.25054114411654915,0.26886430642419834,0.23167731486575627,0.28929079598952556
40,0.3042462,0.30647948,0.32612363,0.26962164,0.31206422110481585,0.3072212384629774,0.29439856543849013,0.2705980393399263,0.27604907292036596,0.28309739593735284,0.19676454541150645,0.2956736439760368
41,0.32255608,0.31730074,0.33654505,0.23854902,0.3203958660613989,0.37264151311068244,0.30996520467211164,0.2911668030495694,0.30243554047934806,0.3328799174216953,0.21052795538201075,0.32523096277208685
42,0.29552153,0.28377748,0.30668107,0.19098756,0.22213364264390298,0.25717267442718084,0.24874428912462604,0.20684364951985762,0.20503455418918595,0.21954044471246106,0.13469577337799277,0.24880456953152041
43,0.32336155,0.30889636,0.33660188,0.20490055,0.22134544741603673,0.2700036823276372,0.2792098238790793,0.19057094251901602,0.2426083873849912,0.21248374548887053,0.04200372067059355,0.270080447064841
44,0.23512344,0.23065034,0.26902324,0.13728797,0.1981867012229918,0.2295202295019058,0.20519854795725312,0.15387336960221534,0.1522246808278743,0.1929268872317339,0.053816883196395014,0.20955998977442372
45,0.29207003,0.26670903,0.31120795,0.22470668,0.18138075296814055,0.2379964354143187,0.20890412945679135,0.13546116674609987,0.18473461489525253,0.21323989100943058,0.004437324358492811,0.2313858212419982
46,0.27336988,0.26858318,0.29490787,0.17099066,0.18904714394578054,0.19046537223847346,0.22133655470039856,0.17095674587788318,0.211024472677306,0.23251840116875805,0.03340241058893799,0.23805447721769935
47,0.3418418,0.32950202,0.3384,0.25138488,0.29736560345398344,0.3025705908647309,0.3125882799856447,0.26771129601100774,0.2713453682557027,0.2917786156522683,0.3798932539994322,0.3045731603601087
48,0.30215323,0.32647556,0.31681693,0.23523864,0.3337181385396509,0.4150539910270651,0.2888069825215163,0.29034321995580786,0.2012560455870389,0.24977367612964838,0.26591485468819637,0.28164115206044243
49,0.33577025,0.33774143,0.35169816,0.340962,0.2745622819729814,0.30723766025129534,0.3152555021094259,0.26991056634381067,0.331406304664878,0.3384019134274186,0.047271521830554816,0.33072714602010056
50,0.25888386,0.2747495,0.29465535,0.20161167,0.22955638536778372,0.24047601731403642,0.22831750456933825,0.19955553968688386,0.20988366982682433,0.22469060024691734,0.1188256179030096,0.2423267504908575
51,0.32937902,0.3487453,0.33851737,0.34272933,0.45349204333605153,0.4114851528884344,0.3869941751347857,0.42469739516555005,0.3130892087560571,0.3210400464747518,0.5341679512124979,0.35444862391821197
52,0.3109028,0.30350417,0.31322533,0.20162964,0.24287376169690136,0.2415260439412415,0.2628792602643516,0.21852111421843573,0.2432217911852071,0.257472530365383,0.11936593026751403,0.2730700885624371
53,0.6095685,0.59562194,0.56905293,0.80905217,0.7112439294724032,0.6968618827770148,0.7073867493255876,0.8177596107111968,0.8103944505796296,0.6741618584947979,0.9392496938074701,0.6807479789642004
54,0.41873878,0.39703393,0.40251166,0.41874975,0.46150881148672906,0.45976114247997346,0.4244485327994374,0.43777245781500074,0.3691634883852251,0.36564615997418276,0.5248478785734073,0.4033780147340698
55,0.3062958,0.29138052,0.31548882,0.20986076,0.21154273105003343,0.26061335940354186,0.2635965801795021,0.20734529696939497,0.29325062896942455,0.25966615043980523,0.1018736610882165,0.28497574891629573
56,0.34307197,0.33672252,0.33989534,0.25924265,0.2760756691419969,0.31752970000312386,0.2972610154181775,0.2589318789109067,0.2659449663338802,0.2720731706270846,0.17154726015366512,0.3016400801659805
57,0.3166571,0.3080275,0.3219289,0.2582491,0.25853582919509976,0.2604501807318057,0.27826420509833627,0.2424744416606209,0.23146415039908827,0.23083579843946644,0.15238777013317276,0.2721986135250637
58,0.2974886,0.28146935,0.30774605,0.20197015,0.21643491321489616,0.232298482699049,0.25626440269261674,0.19369395355629285,0.2220015821257979,0.2425004219517569,0.11446698330615357,0.260275054857107
59,0.30046964,0.30709684,0.33586293,0.26352537,0.29128765802383294,0.2654363897388281,0.2801000347986885,0.265392701690886,0.24859227511652565,0.2631879117856783,0.1186796194226589,0.2815338678377467
60,0.36845958,0.33953437,0.35599905,0.33462915,0.28971168561067884,0.329625254521471,0.3524770395320141,0.3086284363906418,0.2619565247411404,0.2826632418783038,0.1649623870628484,0.31345074169211734
61,0.5931373,0.6116123,0.58142394,0.8648394,0.7315673109163258,0.7086782760505626,0.704002446651391,0.8255869673324128,0.8876640149310621,0.9002764180815408,0.9817666971533752,0.7373624805401698
62,0.29003376,0.2884662,0.30675766,0.21412173,0.2454685041804916,0.23132986172214198,0.265492549462064,0.2232599183061113,0.2364025200144723,0.24477946717621202,0.12472507342786325,0.2651053672027518
63,0.30552173,0.31821522,0.3140958,0.23637936,0.2626073401536277,0.3298296693253964,0.28951729650290126,0.2700053822681504,0.24298453359333233,0.265495435281191,0.254547725157132,0.2866473867828896
64,0.35481542,0.342992,0.33597863,0.27992955,0.27794754765462343,0.33408645208552035,0.29750326247790687,0.2634932128346871,0.3163768003399866,0.30725177834666945,0.3507782004265337,0.32104742192149016
65,0.558917,0.58673793,0.5745398,0.86501276,0.73697386797669,0.7244314533542041,0.6868151172743905,0.8292813317413644,0.8474640390678887,0.8511914093708259,0.9484869585319983,0.7113596967595146
66,0.6134383,0.618523,0.58623624,0.87573403,0.766179081286465,0.7782171040633262,0.7435524254678787,0.8672714623793031,0.8968019587432445,0.8918672576751356,0.9879894743460482,0.7503078405649372
67,0.5839431,0.5826774,0.54141146,0.7384634,0.6869128895086155,0.6412504654601202,0.6659069617680426,0.7580885453788355,0.7670124158100167,0.6788605878957268,0.8446078480115873,0.6510501584669002
68,0.30665392,0.30228114,0.30501506,0.22002836,0.33195786362276325,0.3390184046596005,0.33301714468090143,0.362860057635214,0.24907422498009427,0.22251676555607053,0.3174236964210069,0.2850049325312654
69,0.27737743,0.28870445,0.30583706,0.23372236,0.24561549999245763,0.21519488337497558,0.27142335544605467,0.24663780614176684,0.24734438075869775,0.2565339068201622,0.17879374984187146,0.2709137564114356
70,0.28778252,0.28389993,0.29764435,0.17881306,0.24161908727158066,0.23259198392608932,0.25699132637063116,0.21234409011644764,0.19138562148368465,0.21694877649623262,0.10617179499457688,0.2455031122203645
71,0.37133694,0.37356964,0.3623106,0.35737187,0.3781557643024289,0.4728134734451304,0.3376573352789521,0.3639482209548605,0.3173500806802496,0.31696404235944237,0.5519529928790166,0.35294735040752645
72,0.42213875,0.35077935,0.39230397,0.28583035,0.2949297071269268,0.35905380733800907,0.33460977513664636,0.26636082753268875,0.20169095755664782,0.24621110158680581,0.222358386203359,0.3097651938656902
73,0.29693422,0.30223486,0.31410116,0.20748715,0.2253980494044804,0.30886748289097354,0.2254789525165375,0.19408090403201678,0.21972804499087778,0.2586926450663354,0.11317280143739131,0.261291901934389
74,0.5302612,0.5287867,0.5222412,0.6936857,0.6910308737506791,0.6167146156353029,0.6141695456459212,0.7444221713426937,0.7127734979699725,0.6426735491025151,0.843002468657281,0.6138973852862126
75,0.30333412,0.30157077,0.31312317,0.21876045,0.2657849268004632,0.3542877227311899,0.2720093586797669,0.22552548056050142,0.21336253979142664,0.2536474355457277,0.16782194438875303,0.271139210998184
76,0.31383145,0.29378518,0.31678087,0.22961652,0.21821981673440796,0.2652974275634784,0.2660783913786375,0.18547265828810625,0.24653990745069035,0.24156870910261485,0.09088542539476713,0.27331715806610407
77,0.30978602,0.3146793,0.31800747,0.24724808,0.3253764526259585,0.33590182554321185,0.3189148676759812,0.33999495195010637,0.2512542387246736,0.28448773169587,0.29498304621855476,0.30024353722808916
78,0.43698388,0.5062729,0.4278904,0.57079905,0.5986174686246917,0.6635960504477602,0.5525604266813208,0.614970786666843,0.6373178458714495,0.5773279799315953,0.8844899078529682,0.5476572836426528
79,0.2777142,0.2906003,0.30131617,0.2117841,0.2310970101248131,0.27115582415710704,0.19966170273264602,0.18658740117783418,0.18749739470632645,0.23459536927439134,0.020336899603038517,0.24062341432656073
80,0.30153307,0.27784616,0.30184248,0.21011603,0.1977522521520657,0.2323878303101902,0.23718155710600008,0.17973807626057944,0.24734019867697662,0.2789259575905903,0.04398053794582174,0.2657954935309673
81,0.28458828,0.30170912,0.3056023,0.24540623,0.28576590943194874,0.25445941982885456,0.26021193941785953,0.23175129058104477,0.24445899899235757,0.2633138434992495,0.27484852575542507,0.27529553280138463
82,0.30633217,0.30012336,0.31355914,0.24635473,0.2624062951343659,0.2862436039139751,0.27905281531722476,0.2518782745153053,0.25736670705042985,0.27560632603447094,0.15423839779690923,0.2835878427677742
83,0.30761063,0.29823032,0.31158742,0.21398091,0.2424213269863192,0.2285663416041115,0.26558618636704967,0.2200887603017593,0.23298415483349805,0.2553446262760894,0.09123974441143706,0.2681446824185543
84,0.3478173,0.3542632,0.3571063,0.36786264,0.3774874601709407,0.4048697771058459,0.35307399785730637,0.35269173359175526,0.3485041551944138,0.34561603883845404,0.39447141452206036,0.358111914454921
85,0.28913298,0.30590588,0.30526045,0.20653996,0.2509464691171818,0.2733261208211688,0.24263466790857166,0.2245321027677191,0.21558644413196104,0.2412421276755606,0.06594528841471439,0.2581096489976774
86,0.3070746,0.3173601,0.31893706,0.2596263,0.3263296174648486,0.2939181546214417,0.2823105655753723,0.2769217488474244,0.27937394893716355,0.3017527121687126,0.34793772438569637,0.3012622993764025
87,0.3021056,0.29031748,0.3034905,0.20079684,0.22933626635180454,0.3192852037414594,0.25678711570136253,0.20927471157463118,0.23277931569092053,0.24862881708172235,0.14021509449539976,0.26916804413678314
88,0.36132336,0.36000562,0.3650322,0.3181796,0.3421604155672939,0.3537724483388012,0.3295051256900305,0.3083614274467215,0.2817349218842992,0.28121891844174074,0.37011016078165004,0.3230512343620687
89,0.31435123,0.31929812,0.33167496,0.24164315,0.2606018427285126,0.2847753222876718,0.2864566009686855,0.23719748336396634,0.2456229242501986,0.2531044003873705,0.12856440964582908,0.28208503897995896
90,0.36130762,0.35261568,0.33970875,0.31501293,0.38550178450873124,0.4643233027290443,0.31981586097306525,0.35927651449475917,0.2787335293163509,0.29612364238181116,0.5871627404606883,0.3336711232550867
91,0.3695996,0.38531467,0.38066977,0.4392023,0.3659961609542745,0.409222118359685,0.36464939437330246,0.3659919456464811,0.35422095196191383,0.38814514843180714,0.44940331130663697,0.37819035609812995
92,0.30186948,0.28824908,0.3108048,0.22356915,0.242085379676668,0.313126518694737,0.26371551265398396,0.22531094988395547,0.23327052299603146,0.25226675890704364,0.07587462951549269,0.27065396232529404
93,0.29981852,0.29378253,0.2975321,0.16187215,0.221903106488832,0.23306542745608136,0.23681906072415546,0.1922600729420567,0.20892305050965115,0.23144871874426026,0.08556358680317447,0.2504324881759927
94,0.34125456,0.31684545,0.32092005,0.21839109,0.24276730444788414,0.2905880541782965,0.2799714879588845,0.22095312738020612,0.2483081095601502,0.26609275759401996,0.13391001463799768,0.2842191576096357
95,0.2997961,0.29202503,0.31382504,0.22895667,0.29139522435656284,0.30457233339386147,0.2751423751862794,0.25976262193615735,0.24132471864956578,0.24655257910072223,0.1508941315272557,0.28117209530455306
96,0.35403606,0.32347918,0.33914852,0.3091751,0.2760011851640594,0.31667891817476124,0.32264631686113104,0.2939618587162283,0.3180382278442338,0.3179629176112729,0.1979818382546567,0.32275442824161993
97,0.33354774,0.3383341,0.34205395,0.3084036,0.3937253561000217,0.3810903775751577,0.4247948047551465,0.42503450430825096,0.28007168224451356,0.31753561934809194,0.4029192962348044,0.3359322299910664
98,0.30586138,0.30072993,0.30808854,0.24197383,0.26438833042490034,0.26830064859700353,0.27541410863819077,0.2438739559607228,0.2654524047474958,0.27267586943762645,0.24484795492190764,0.2847696505244953
99,0.5416068,0.5549058,0.5473174,0.7771767,0.5201407447458519,0.6783601457853012,0.5537059907414592,0.596359094295769,0.8374847045419106,0.8222158030189186,0.5372182631646449,0.6580961907820692
100,0.25184518,0.2390732,0.27849072,0.1760744,0.2078116767587616,0.2960096009976084,0.2236237380517238,0.16540183210718326,0.16408089201254317,0.1939959230981303,0.0688033624630151,0.22313657376106694
101,0.28193432,0.28874177,0.30905482,0.21559739,0.23938473333245863,0.233136984635487,0.2444451529823545,0.21487270875659242,0.2322575917931508,0.258092929347682,0.14830266489781746,0.2627808017173128
102,0.60509634,0.6127182,0.5819864,0.85177106,0.7313812364625132,0.7422407135802732,0.7251392318415545,0.8369760063400052,0.8672025155511083,0.8509450064267469,0.936415977423413,0.731204720177972
103,0.38079524,0.40546122,0.38220662,0.41147628,0.5118816790612168,0.4637330474944729,0.41876840265510173,0.5115513794525437,0.36019484318737466,0.37548826300481525,0.7417752648204299,0.40248917606777745
104,0.2897542,0.27365127,0.30787808,0.22333638,0.23866072515802705,0.2603164906324076,0.242597160189462,0.21964534382224957,0.2404759087501107,0.28100361342148644,0.11970049592856076,0.26766786919916374
105,0.28717428,0.30001456,0.31200713,0.24833417,0.2269005719131294,0.23590084475483747,0.23329362803116319,0.2283118779858,0.20693631488921746,0.23507149299730346,0.05639607448774845,0.25360861986159905
106,0.5556526,0.5829429,0.542988,0.781428,0.6954830429749322,0.6995872009445943,0.6633956747332198,0.7424015696574211,0.7921343500483488,0.7662523486435704,0.8916851170887521,0.6738484677303304
107,0.32887697,0.32938868,0.34369493,0.28872493,0.32999590376573834,0.330642612514107,0.31183105851351084,0.3210944972514825,0.28443596915446895,0.2859041076070255,0.2186502613158141,0.31373406288763284
108,0.56521404,0.5740026,0.5436729,0.69524753,0.5433070379114673,0.6795590251688898,0.5529336132035048,0.5888947541844434,0.6927456239628438,0.588198021344195,0.7802105303085408,0.5928790874591305
109,0.32789937,0.3294224,0.32900912,0.2529585,0.35160870769183966,0.34426576620312976,0.3228850538004106,0.29169089032594264,0.22483747837076784,0.26801098982562394,0.3079957914668977,0.29893533207896716
110,0.3369476,0.33218184,0.33609715,0.29032367,0.3526326483314934,0.3565935315425266,0.32948550648653585,0.31591409985606567,0.3150001568116951,0.33280972469066816,0.39660828476706256,0.33283684886906023
111,0.31106836,0.3089239,0.3234228,0.2465338,0.26791909696122895,0.2643763715666145,0.2793608941861886,0.24186174326532356,0.28312047142257263,0.26641458658083617,0.10793725879131837,0.289767015731798
112,0.35286117,0.3765033,0.3589006,0.26962593,0.3309198781444934,0.43020475493459864,0.31741722575955855,0.3153519030700668,0.2103634160803864,0.2618589053595842,0.15845013094592564,0.3044302551440995
113,0.34852815,0.33675116,0.36185837,0.29758936,0.3044247153388981,0.29870558776283784,0.33605776050811825,0.29965864041952256,0.3189635478650425,0.3230692825054359,0.20837338979515002,0.3280932961375732
114,0.35824075,0.34923664,0.34038663,0.2819805,0.28203050732950147,0.3817597986442172,0.3048886424509812,0.2654640752383483,0.27117383921664445,0.2649210349272979,0.2206012868755284,0.3108429240979958
115,0.29565448,0.30067876,0.30971953,0.23729542,0.25343710878525655,0.24813247384484108,0.2772161115426384,0.242330928348302,0.2522474208208164,0.25154095989665815,0.19771361774642218,0.27344974617555884
116,0.26414007,0.24742444,0.2839241,0.18773526,0.2006878890084835,0.22119761599677665,0.2065019666545099,0.15007526827484266,0.1874591225509815,0.2197219138546874,0.07448884566570196,0.22918154822919895
117,0.34852785,0.35398027,0.3507157,0.26208305,0.3067188243414555,0.3649331536207093,0.3279575170467682,0.2942325001132454,0.2883233640592283,0.30079502192738783,0.17686985970398114,0.3176986918388395
118,0.24361868,0.23351264,0.26223058,0.13850097,0.19988223014028147,0.2499765271437266,0.23608989468383418,0.15623978061702334,0.19536055217173035,0.22421960482481093,0.07039730019935572,0.22835285665115257
119,0.62182236,0.6344295,0.59074146,0.88762444,0.7675526058060331,0.7706589964943826,0.7366756563538168,0.8623879159738473,0.9054639541669818,0.892224925906473,0.9914478911670154,0.7581628572598328
120,0.32099935,0.30284655,0.31214544,0.24964213,0.3130939183104829,0.3806124954430482,0.335590969928645,0.3204506515587965,0.2706963970437004,0.2742512455461135,0.4099449075508102,0.30257304266537666
121,0.5914831,0.5828165,0.56009567,0.7889169,0.6832047979247582,0.6772288414864606,0.668222730528395,0.7597936095603484,0.8549828805164678,0.8226904421219017,0.8844323914502403,0.7007760645384716
122,0.55045694,0.5738994,0.56318116,0.8290733,0.6998482318501322,0.6645890382961991,0.6747283803696901,0.7876285276242706,0.865515336843799,0.8710325821755427,0.8494225368006154,0.7087178054275711
123,0.59015745,0.5821508,0.56900966,0.75904965,0.6284651082561414,0.6408247420984214,0.6597615265855945,0.6883655891381301,0.8624256318885155,0.8166650523457042,0.8633339189326241,0.6930553121091114
124,0.30066046,0.28984004,0.29955727,0.18276885,0.2729980334373131,0.2903761611042176,0.2790730112731613,0.2577285056093661,0.22033615866972717,0.2478351168659501,0.16872102766898997,0.2674168658515907
125,0.3773371,0.3891601,0.37411547,0.38569605,0.38146283726563396,0.37146916609598424,0.3655137813460968,0.36495608965983095,0.3617078600285336,0.3860464961443349,0.2832793148842957,0.37895013875231165
126,0.30804187,0.28214812,0.30078822,0.23567155,0.2394396898927072,0.25101417220418415,0.26820674459406646,0.22206189629586492,0.23106669797766494,0.25270484511372004,0.12708270627053694,0.2652674131440597
127,0.55926,0.5848514,0.5760536,0.8632573,0.744020479358237,0.6365454971511031,0.6885229782721294,0.8396627562706278,0.8722554441659163,0.8650507803515659,0.8932343286462959,0.7142588635780225
128,0.3747421,0.35943154,0.3649541,0.32963815,0.3398757434278964,0.3484327298943427,0.35466617517784627,0.3354612713998163,0.2919169339488736,0.3053402924497911,0.2814958723163775,0.3358998477912088
129,0.3617485,0.37118867,0.3782907,0.31178802,0.3319734454160053,0.31203234821273307,0.34241149365597895,0.34237812286420516,0.29241736980426064,0.30066281696591163,0.24558720436868758,0.33619214302712014
130,0.28016752,0.27607685,0.289626,0.19719815,0.22947756712692113,0.23984919595431906,0.2646270705090248,0.21511707030116417,0.23022797604608197,0.24269012133378864,0.14196998067258365,0.25704444427207684
131,0.37664023,0.30068988,0.33160543,0.17347369,0.21257214869367602,0.2713081258316292,0.28778009254596215,0.20247032890152,0.20273095576020017,0.2145924196932308,0.13097194063414055,0.26769032449365826
132,0.31543186,0.2785395,0.3309513,0.24726018,0.23571747029416334,0.25667561612709855,0.2629351710203146,0.2206685983473436,0.2413517968316076,0.26011780046547817,0.06367196157701338,0.27518709652592105
133,0.3058999,0.3068529,0.31950498,0.2602108,0.27191085793568964,0.2535867332909554,0.2816453298831078,0.26357721518955046,0.23831954885776882,0.2422959397442998,0.23985756195926614,0.2770524733867693
134,0.2879614,0.29117614,0.31299582,0.22521377,0.2622203829751442,0.26613708131481906,0.28380823895029017,0.2492520591061055,0.23367207540276724,0.26744830143197784,0.2102561932421473,0.2745471601670043
135,0.52526915,0.54675,0.5286209,0.780943,0.7258863857965224,0.690510232270717,0.6735789849899323,0.8144760294592924,0.8118674748838093,0.8291819395901356,0.9495474701120203,0.684259763271218
136,0.2883319,0.28045177,0.29198116,0.1899732,0.21450965075068068,0.26060446083309563,0.22794548656695576,0.18096156090959797,0.181806876603194,0.22483184117672309,0.06606719566514968,0.23952613139038603
137,0.3112099,0.30196083,0.31461877,0.2318484,0.24538432078311576,0.28673604820970006,0.26570905401844336,0.22527437738591272,0.24707223929937658,0.25901272734581643,0.23383929352670946,0.27871954032879154
138,0.61232364,0.6238319,0.58317214,0.8544649,0.7575122541632056,0.7412092412224149,0.7338455255551461,0.8586513910240589,0.9144130002395332,0.9026910435194431,0.9884569285386293,0.7546857624155991
139,0.31791225,0.32009658,0.33734497,0.29015818,0.3122626609989761,0.32573185953718753,0.3061372041960283,0.2809845100409389,0.2963558775930852,0.30018502873729835,0.18103312752009776,0.3157521229126145
140,0.28609473,0.28585517,0.2991906,0.2118756,0.23422376428282554,0.2091532542176069,0.23384064864597334,0.2034100932329511,0.2452803672341391,0.25032462264190786,0.13423031928176793,0.26423074070178754
141,0.23625655,0.23777744,0.27582818,0.17424926,0.20790597262108124,0.1807493665725927,0.21085936421663237,0.1635877843723319,0.18034179706673914,0.1979334739919318,0.07065129740695567,0.21826327739532925
142,0.5812949,0.5829841,0.54159975,0.78471065,0.7161487378220742,0.7426799611680577,0.695520586470546,0.7993495400172412,0.8582988071234781,0.8516997931326384,0.9396227535473649,0.7132944887773222
143,0.33857888,0.32320967,0.33564523,0.29298705,0.30064248174311026,0.2943898933251683,0.3103428118521015,0.2884938462994202,0.2823083198952765,0.2938700489973571,0.2678452631983445,0.3087803405001964
144,0.30295005,0.30066538,0.3165942,0.26410535,0.2940256920924013,0.2989605024607485,0.33056650062361076,0.29430506316457095,0.31707601795838036,0.29344688920826484,0.31083056368558076,0.3146129585970567
145,0.5826802,0.6073574,0.58421826,0.8781608,0.7609161913266352,0.7309067137050193,0.7291103651255518,0.851797624793045,0.8641864480108064,0.8890218375261826,0.9512880073002714,0.7357549564787508
146,0.3333831,0.307164,0.32469258,0.2599085,0.2621702143228126,0.29886914772945367,0.3058830072194569,0.24984552163554796,0.28488074460604224,0.28961225987686057,0.2088890539917661,0.30229606164215833
147,0.6329466,0.637545,0.6073031,0.89819753,0.7643668869645717,0.7706911621786461,0.7404334066697261,0.8686197834605969,0.8942806590469526,0.886390972933064,0.9823272496513719,0.7567217909994997
148,0.3443882,0.34382004,0.3485957,0.28546232,0.34258614661992903,0.38950555350796623,0.32499503651500083,0.3186803063974422,0.2606935283691409,0.2936812078711446,0.3559988097916066,0.312844756195463
149,0.346958,0.3531749,0.3356039,0.254801,0.36924128437783105,0.32416853285455327,0.3942154175025785,0.3517196302097652,0.30728779255903976,0.31318084688675485,0.5006836906498383,0.33609757617533476
150,0.35233596,0.34955105,0.35315233,0.3168639,0.32496868872384477,0.31800787985599205,0.31441105801846964,0.3016954676845672,0.2576519355674263,0.2806209668023724,0.243602807311568,0.31191477411188884
151,0.32479182,0.3353432,0.33552983,0.30309194,0.3060416033105181,0.3427521538758934,0.3126305147557891,0.31310289008756936,0.26103701460456774,0.24115758676884366,0.282221961810044,0.3031962584550524
152,0.60571164,0.61701655,0.58389926,0.85544807,0.742305138589193,0.7368403910261384,0.720280203401995,0.8397221570839413,0.8654767462546333,0.8603810516894719,0.9502634527256724,0.7308628393923096
153,0.3088654,0.31929547,0.32046846,0.266536,0.2753593541149919,0.28597560415659967,0.2915958552488858,0.26603210070129557,0.26184711251696824,0.2771067068497821,0.21027762481778142,0.29134313102771475
154,0.24747393,0.24381025,0.2686823,0.12614465,0.18417253595263686,0.24728937914334398,0.18951619663013644,0.1302139181006686,0.13517730511440954,0.1630352491378568,0.05227752139139641,0.19978691166979035
155,0.31473312,0.3107471,0.32113752,0.26098546,0.258846443850069,0.2816145943381283,0.27821501599320686,0.23675940735175627,0.25748728656155273,0.2514605385645826,0.1284454529268792,0.2832946980262278
156,0.28241658,0.2602649,0.29565698,0.18500823,0.23539422842375518,0.25457028579655966,0.2610427553415405,0.2054714714116271,0.2631585202374537,0.27624669515178546,0.06666542116505421,0.26974635558913457
157,0.3093983,0.29837003,0.33531722,0.28821,0.25529080748667005,0.2759254899578323,0.28452871444679584,0.2189155062132314,0.22655362161926512,0.2522387802306662,0.051665078587354515,0.2757396562090479
158,0.37049532,0.3722147,0.3715683,0.3037449,0.2642988874538045,0.3003264708487657,0.272913451565151,0.25396622356730625,0.2797805684372118,0.3187953872356623,0.10309939019986389,0.3156138653737083
159,0.23965108,0.24849744,0.26810777,0.12197387,0.1789069443765649,0.24412332711341742,0.1910108035572236,0.1326482917359568,0.18359401077946674,0.18402708831143394,0.06275121336845035,0.2146548197898722
160,0.32089096,0.30315575,0.3259343,0.2699049,0.2642517143882866,0.29224563812272814,0.2966429810137684,0.2590363672202308,0.28154062762336063,0.2694985265304161,0.3214453046632606,0.29722400983657943
161,0.26918063,0.27133003,0.28716445,0.16275342,0.22730518355290194,0.23339829568659992,0.24370565103822378,0.19584801422893955,0.22191539094752372,0.22518529469594037,0.15266696116677644,0.2475554401902579
162,0.59429586,0.59470433,0.55585575,0.7847332,0.7296507581500637,0.7180285474536285,0.6974208084259047,0.8144781976739812,0.7778817001812498,0.6856491553221931,0.9503862228600563,0.6725942254608441
163,0.3365294,0.32726672,0.33047038,0.22439304,0.2599699806103432,0.35789195573383503,0.28613498974120943,0.25476349143431165,0.2498968035373163,0.2802607881881406,0.24189558955787338,0.2947200147415886
164,0.32319105,0.30954313,0.3183815,0.23343757,0.24611198754535418,0.2710610399358545,0.2756062793482137,0.24018111451504015,0.25310828011726083,0.2691653567229523,0.13376247309649755,0.28340006085196323
165,0.36167055,0.33523524,0.36093825,0.31560114,0.2834169283179765,0.34239090718358944,0.3441178719997572,0.2891562370872884,0.35645292424212827,0.3259543154177855,0.19215411431018342,0.3372755495931617
166,0.29218736,0.29501045,0.3179558,0.21676114,0.2167881642458595,0.26631919249319286,0.24709955426595082,0.1741013751360165,0.20705909169116907,0.21698153043197968,0.07292374418998845,0.2512784695463453
167,0.30396125,0.30135188,0.31053767,0.26344448,0.25972837301957846,0.2509696204592024,0.27616542492486185,0.24892923915466106,0.24759732012378194,0.2641178908472835,0.1854978532827583,0.28124728600709353
168,0.3391949,0.32997108,0.32787934,0.24864256,0.3039390603933907,0.3407386439133532,0.3075866017848575,0.2939988482625173,0.25555542509722934,0.2625231118414694,0.2419527487785235,0.2992603121196624
169,0.35893843,0.3674542,0.3733344,0.39081702,0.3837705415187595,0.4187729888929924,0.37270296846956064,0.38174413010860053,0.34122551778489496,0.35157165367964527,0.42407451695953896,0.36507529904904706
170,0.2746346,0.2690815,0.29610887,0.19613585,0.21224691221226766,0.23123231734068309,0.22290508053329505,0.18114384315132764,0.18611028238898986,0.22407453475274086,0.14153995181475398,0.23739452290922758
171,0.2760057,0.29545587,0.29904744,0.21945524,0.2989467181552826,0.3735811947555916,0.28218847039545736,0.28769576570291333,0.2044167164332727,0.23300843395748547,0.2366048905949954,0.2711563342224672
172,0.3457945,0.37053838,0.3545382,0.25504574,0.33433287755022323,0.3958619264170934,0.31497244296133436,0.29435743268619463,0.2375939873166713,0.2972783734321657,0.2208620868778539,0.3135487947898309
173,0.28535384,0.2690305,0.29808512,0.18818709,0.22108469627820412,0.266402906624029,0.25603461061886346,0.19801989784813084,0.2157455477837829,0.23872793904064063,0.07771762084100721,0.25356400033091975
174,0.28752536,0.30993643,0.31456494,0.22652535,0.2730293246182621,0.2690065220890319,0.24862741603467323,0.2457353721258273,0.21948853190093978,0.24697755353854803,0.1111892620392605,0.2595615257255678
175,0.3470044,0.33940363,0.34691107,0.28435424,0.30675831990354663,0.31395956958762794,0.32079507746824965,0.28267701820536634,0.271528234256996,0.3029260117905111,0.3144868501120782,0.3143253479566623
176,0.352077,0.35288462,0.33871335,0.27485007,0.30017227201194496,0.30554106690739397,0.3156953652841331,0.30345138704329233,0.3071797164925501,0.3073000288820411,0.22975522669834564,0.3215633484567445
177,0.35291427,0.34901494,0.35045078,0.34949645,0.3469337430287963,0.3911100881779322,0.3536552658381814,0.3334894578275199,0.3297474290857442,0.3087638096989488,0.4419638363709219,0.3447923649301535
178,0.3438956,0.33419773,0.34020117,0.29544526,0.2735395027994677,0.30048164636655267,0.3063846917780423,0.26445003378831416,0.2929046486509634,0.3085970920353566,0.2366816360589909,0.31097481792612147
179,0.59356564,0.6066185,0.5591824,0.7987466,0.7289115078833409,0.7241608458375923,0.703710483916869,0.8172435664949841,0.8003418901166205,0.6922028785324982,0.918250535849966,0.6791162248978962
180,0.2925602,0.2990254,0.31316224,0.20854524,0.23126300471696454,0.24460386906954473,0.24680376345266314,0.1869642623499427,0.18812485267186588,0.2167350516086516,0.07173693473778661,0.24934856797112154
181,0.5772799,0.6079792,0.5729328,0.8632623,0.7542239217818916,0.7480915724325266,0.7267040892072307,0.843851051812659,0.8559196619185263,0.861497025155526,0.964746583037838,0.7274201821391723
182,0.2970183,0.30156898,0.30770934,0.18960078,0.23051771640524374,0.24980247441193013,0.24773748209017663,0.19654953001967934,0.23181617806448584,0.2604390824006749,0.1125054429432584,0.26516160229338126
183,0.35464782,0.33175725,0.34782407,0.35689992,0.3800605156883065,0.42831311413212597,0.4075809439879145,0.4346070501120334,0.39319008345891493,0.42794074839374047,0.42241449393946223,0.3892504280281933
184,0.27081987,0.2773941,0.2968852,0.20630737,0.21144615298284347,0.22108092249930017,0.2187916131384088,0.19439153315516072,0.1896578279991444,0.22100537572594922,0.03323271673264242,0.2385425331807601
185,0.34500113,0.32461208,0.33239704,0.28976804,0.2912153763535168,0.371534597696938,0.33889500667701744,0.31783487449421,0.32126108097460804,0.2874252075556543,0.3478763870651383,0.32432509368573575
186,0.49820834,0.54058397,0.5249769,0.7820642,0.6623087660793594,0.6375011525194773,0.5876384532584435,0.7249485979306132,0.8223084275698129,0.8163567624262307,0.84011878248979,0.6575323819770118
187,0.27707237,0.28927046,0.29474694,0.15927497,0.22423392660957947,0.24854424390113578,0.22778366969563976,0.18173810195680135,0.1973062927716925,0.20196774029605216,0.12236784391267004,0.23822488095883526
188,0.36318246,0.36010295,0.34994027,0.30358458,0.3660980218056885,0.40160726735682506,0.3385036459413864,0.3433152509528977,0.30719116650166034,0.3300727908776677,0.3703564036878599,0.3410193538694891
189,0.30355263,0.29251784,0.30204606,0.19038656,0.25317769220456676,0.28057687933621456,0.2735815078818035,0.2197302328565688,0.23348815353987235,0.271315088243883,0.1879019509414675,0.2734952233337212
190,0.3025262,0.30129024,0.3032389,0.20953071,0.241127589454238,0.24691975739077449,0.26631842278509466,0.21750740708166377,0.2358698386969972,0.2518037098548591,0.16331898312967671,0.26732585175551027
191,0.29402986,0.2926916,0.30717292,0.19043808,0.23236709575018097,0.22997908146519347,0.25237519079093784,0.1996681388146823,0.2343261182259056,0.2628028172690348,0.08351719088387742,0.26647280008457197
192,0.24956279,0.26044017,0.27760085,0.1561606,0.21688460853328415,0.2460665442965182,0.21469744049144018,0.17918764946464302,0.17441787474478154,0.20341156338985344,0.05764772311496286,0.22164796760689268
193,0.3378222,0.32357138,0.32912916,0.28471285,0.3073518920596112,0.39169534866433614,0.3432710791233359,0.28830719799479926,0.3317458640839747,0.34163399236362885,0.16207392141256977,0.33397732666877594
194,0.6084481,0.6188556,0.5948741,0.8886304,0.7591121112798259,0.7579592288425105,0.7251699084047186,0.8636709278470655,0.9025253822769826,0.8935364699655258,0.9864805280510052,0.750038591974184
195,0.30768004,0.29365122,0.31794566,0.1804543,0.22841207981641953,0.29998954472002903,0.23786012436687734,0.18377959495317037,0.2112179078608329,0.2603452095546774,0.10954952910832827,0.2617782516724561
196,0.26842946,0.27622858,0.2849624,0.16747975,0.2562419444252095,0.27910541679822304,0.24051237234917738,0.19667505419475642,0.17510069506079257,0.18188041872979294,0.20875035985820495,0.231187191590802
197,0.5616815,0.55208,0.5220476,0.7416905,0.7216289570835565,0.7079253138375261,0.6703022726025983,0.7993085564008124,0.7479052901523777,0.6955082429195861,0.9592503402067208,0.6522225702243933
198,0.38117546,0.37018532,0.36331648,0.32613826,0.3399252848640984,0.31581512122948074,0.3354522276008169,0.34371902709129254,0.3441280321707733,0.3329777152242853,0.5082028718609063,0.3504415526354841
199,0.31187668,0.3060255,0.33370447,0.2715681,0.2911483138793893,0.38406928014989594,0.31664394588592265,0.2734406580751335,0.21261772298170753,0.24632622772646617,0.13517309790253135,0.28150435029357546
200,0.58726096,0.590761,0.5512632,0.7628031,0.698405283682247,0.6754760921241494,0.6614360289888173,0.7649091612119376,0.7600424623119186,0.6647778261162327,0.8300702849414607,0.6554040343032621
201,0.35297784,0.32938904,0.33368072,0.2764427,0.27839551506822147,0.3281663599955136,0.3143768067287967,0.27693192844786363,0.2556873454880503,0.25969457085773656,0.2541328629863422,0.3006551844327406
202,0.3211524,0.35032147,0.3529094,0.35184962,0.3294694104388934,0.2650583982659824,0.30988202602430837,0.3303664420145175,0.28782249434260426,0.28450720278897135,0.4187988069479969,0.31188605114437534
203,0.6095735,0.61202556,0.5731654,0.7553811,0.6115031291829294,0.6484580837363969,0.6402768944287314,0.719722742074421,0.8065748973627006,0.78195764758024,0.4857227715962525,0.6755570473947824
204,0.3194473,0.30557513,0.32606733,0.24525252,0.25217298359778945,0.27209900026247275,0.288792993120785,0.23522969883297878,0.2649914802564811,0.3013603899228496,0.19695134378556706,0.29395415758310506
205,0.36388344,0.339682,0.36725715,0.2825932,0.3134196559814124,0.3085108929167251,0.2961903115719087,0.2575838344277111,0.2803384202226379,0.29002193169255436,0.32586844108365515,0.31245209459005663
206,0.3683635,0.3664834,0.36769366,0.32582784,0.2977834643886053,0.38562649807555294,0.3339815519430867,0.2935910649875769,0.3822793317601397,0.3327747319293238,0.32471253637030184,0.3514257844456542
207,0.5895194,0.61214596,0.586522,0.8760837,0.7564382363008855,0.732074692252583,0.7139202868803756,0.8519725288825732,0.8922954714237499,0.9035405099038323,0.9566128367759807,0.742742361445465
208,0.29817885,0.2942905,0.30231714,0.2052825,0.24345213938209467,0.2506410589050654,0.2587118944725823,0.2035681536924482,0.23390868266744427,0.26386377358046137,0.2254606737051717,0.26821608850333806
209,0.5360657,0.55029285,0.54817617,0.8212457,0.6938097816374075,0.6687528310274796,0.6664738436807384,0.789417438628825,0.8479045582240745,0.8380244029975501,0.849317635038493,0.6933947971545997
210,0.26909706,0.2548438,0.28590977,0.15380068,0.21283718012359593,0.33202922675757973,0.2499902993236404,0.18294186520475636,0.18622599338506432,0.23086761075352452,0.07005103942541538,0.24235018766407684
211,0.29927516,0.29323715,0.31609246,0.28631204,0.2561742470541957,0.3118931775008907,0.2805983220523247,0.2635768175016793,0.20593552823231373,0.2574862162279009,0.15111719614072416,0.2729417966146123
212,0.26780275,0.25326747,0.28085345,0.1394122,0.19055164761329588,0.19595898350816227,0.22361661622764997,0.16052094530055927,0.189283429865838,0.21199459034912813,0.07099108325908747,0.22719269366239175
213,0.59811175,0.59820914,0.56429636,0.812611,0.7250161232770377,0.701514810671375,0.6828435320823838,0.811042011756172,0.7765532624743174,0.75467004781351,0.9468962260248656,0.6817881537902314
214,0.36148405,0.36323386,0.35838643,0.35210535,0.3180586520525389,0.3486150142204738,0.3564288734116039,0.32628269725040526,0.3018751232223552,0.32908656042514595,0.249994889786921,0.34231565556102594
215,0.37618613,0.4192635,0.38695064,0.4123333,0.4996298291423974,0.5293523829225623,0.4200327973254751,0.45791159311245544,0.47697725593134493,0.4340284667215647,0.5908942261602966,0.43160601902380147
216,0.26491395,0.2393051,0.2718268,0.16667016,0.22269679096218148,0.2219474158608905,0.23825597666114068,0.2075216707107664,0.23841615983978542,0.23667095637607521,0.35999070370752156,0.24817907676179973
217,0.2551324,0.25882077,0.29111356,0.20999017,0.21401237301760148,0.18647488254163372,0.2065174704307961,0.17649611785132663,0.18065334238785935,0.2144948043960615,0.11926372432053867,0.22773177444969778
218,0.30500078,0.2967537,0.3111084,0.22666518,0.2685900439195745,0.2821202794365941,0.27325336002843853,0.24458537816215653,0.2574391165280191,0.27201565890985674,0.19346998082094893,0.28361075773169125
219,0.23632638,0.23203754,0.27666017,0.15968655,0.19424779702361467,0.27406071027652856,0.2153109030068318,0.14012612452221304,0.15703732197708797,0.20085018181573333,0.030646456527722854,0.21567667300621393
220,0.29740795,0.30316272,0.3170141,0.24724083,0.2580242646236077,0.25152830561994854,0.2895200813363327,0.2450593812835499,0.2565541445438481,0.2551967783806307,0.19289317305844517,0.2797577895516205
221,0.6297177,0.63846415,0.5968908,0.87805843,0.7635829662380514,0.7395156994545505,0.7350210513829429,0.8638331441201534,0.9182804217381328,0.8923982136578245,0.9847811401582167,0.7602615386258796
222,0.36578077,0.43031877,0.35502732,0.29560947,0.23742416187296614,0.25419388232466184,0.305918002068764,0.25262579630486803,0.21731323918102308,0.23419826584121012,0.09604747462844082,0.29137318457752076
223,0.5702063,0.5692398,0.5300024,0.7549429,0.6927632442916437,0.6471190312953845,0.6510167145490658,0.739704023685549,0.7513202824327315,0.7113829543900259,0.9410297940934693,0.6487407525386574
224,0.29682574,0.2940342,0.3089735,0.21846116,0.24269591706773674,0.29891689305461455,0.27598823357068264,0.2321408126381806,0.204738143794172,0.22305191521778234,0.11635560333777226,0.25818241206210757
225,0.55525136,0.5668124,0.5404436,0.74578315,0.6498193851232595,0.6536905435536924,0.6448350874129709,0.7276091708165443,0.7915284458109006,0.7868524017186361,0.7787401175994748,0.6637298929422891
226,0.31801665,0.31487125,0.3250085,0.2498683,0.2667812789949525,0.29662746594567474,0.29311473191187376,0.2514682779943283,0.2665653807161729,0.28865698125721606,0.1698507951493819,0.297125712507567
227,0.28627133,0.2739714,0.30044454,0.17647605,0.17281228492828665,0.2318670568705373,0.1984854665914019,0.13137737934148802,0.1777916045068982,0.19482241698822306,0.018167741419575268,0.22580049019465104
228,0.2824196,0.27530935,0.29783577,0.1741472,0.23347191909526782,0.21507790613337502,0.24289754954046963,0.19027085622133583,0.18512259443079895,0.21006340642045612,0.06686266207129557,0.23735522841211787
229,0.2506828,0.25747833,0.27458355,0.16179916,0.20855909297659866,0.18947879616406088,0.2201859660351282,0.17571849284865562,0.1902568738650451,0.22878056403712427,0.08598837638699083,0.22737274724400355
230,0.2659576,0.2544552,0.2934081,0.18537252,0.20265971346124328,0.23880776692979425,0.21463514689375857,0.14997326302251981,0.18279068895117137,0.2090524860951482,0.04065104460650639,0.23020452766062416
231,0.35681587,0.34859052,0.3572405,0.33640367,0.38080179444684364,0.3361201455976602,0.3562916776698532,0.3645939734399385,0.330043509480363,0.32717733927231496,0.3418012683486358,0.34386735844384353
232,0.3311089,0.318737,0.33439833,0.24111745,0.24637030887322373,0.2666366661796105,0.28729332052046896,0.22121029095030412,0.27092633398162397,0.2690310938822074,0.17387480664195748,0.28881939963973524
233,0.32075065,0.32762855,0.3286732,0.26704407,0.3622840832145908,0.3434418273067747,0.32471737403085793,0.3139542530913193,0.25777841572729054,0.2661065009699341,0.3388039356920426,0.30098525646148017
234,0.2926362,0.27667248,0.29313076,0.19214845,0.22986833995235517,0.22046924984315752,0.26330903282914847,0.20223719621636774,0.2716315309098268,0.2741053595587535,0.14229770870265232,0.27786570974910924
235,0.27335536,0.2640494,0.2907881,0.17189053,0.21284388674294724,0.22331062287072037,0.23189620057501167,0.16241533274322317,0.18179242239999197,0.2110265516407701,0.06992569308729452,0.23227640965821555
236,0.28604308,0.28761572,0.30098903,0.2020179,0.24032650301179448,0.22702003433873777,0.26056708079464375,0.21527575802472487,0.24460765854440258,0.27168442716075736,0.14947797754729125,0.2684584819743009
237,0.3011856,0.3012788,0.3154469,0.23793717,0.26623778093775535,0.3015471100843818,0.2912966748994391,0.24895655444600012,0.28228800252357733,0.2802395868294858,0.17608735454732258,0.29492557262525804
238,0.28512993,0.27685124,0.30314177,0.20986637,0.24347648132778787,0.2666209649725874,0.263895475242918,0.22684184155619155,0.25173219337136316,0.2523586743286236,0.09462584101811936,0.271461849174896
239,0.33661717,0.31389302,0.31649682,0.23028354,0.25856417780809904,0.3189592756235469,0.27484449429885954,0.25238976077123887,0.2580354407370068,0.2762213421076475,0.1049877804603792,0.28593274054289536
240,0.38100854,0.36930567,0.37745777,0.44001132,0.38275770197830505,0.43356964337893783,0.3594521972323682,0.3795584618769525,0.38282072516375154,0.34247726870742945,0.493160042666577,0.3795048915010036
241,0.33329067,0.3141317,0.32799584,0.2770669,0.2737419095890064,0.30389443931357607,0.30040771623195345,0.27638545482828425,0.2941627402570515,0.3004390451601725,0.22647480527593705,0.3087889511338141
242,0.5979832,0.61868113,0.5849369,0.8632835,0.7572215688361684,0.7105343084231354,0.7261809170507065,0.8502657343638236,0.8489333703146773,0.8596947953464271,0.9466978447220121,0.7287809820711824
243,0.3307653,0.31115627,0.3168035,0.25871256,0.3617104608079343,0.3074338612690024,0.3665741800335731,0.34874735479517927,0.32540093069487935,0.31908075878741415,0.4422505600113906,0.3297542057702628
244,0.5981251,0.60856307,0.57759583,0.8479924,0.7241298953479287,0.7074344552974112,0.7090228718875469,0.8284525464680762,0.8888633284791432,0.8807694910465989,0.9387495622163881,0.7352924985314312
245,0.3262079,0.32435507,0.3287651,0.25177044,0.2732709704608652,0.3259803868216239,0.27952435960981,0.2511649761775656,0.23340789714304272,0.2686922799714541,0.2024158328227807,0.28534137494734213
246,0.5649499,0.5879241,0.5414335,0.78867006,0.7192825012829397,0.6635280233881502,0.662183174026317,0.7833490960845697,0.7285013089552195,0.7125074927353191,0.9340962055689974,0.6532329987142991
247,0.28888574,0.29330567,0.31165484,0.20436189,0.2675253697636631,0.26171576403969626,0.2737446544883938,0.23129530509169954,0.2778416411801191,0.284845122796318,0.20547106688094657,0.28737194493226365
248,0.6162688,0.6106256,0.5982453,0.8477357,0.7118045912620484,0.7139121197572889,0.667545393423495,0.7716115325513361,0.8654698827096678,0.8829467919940346,0.9106364329686152,0.7246264332914992
249,0.5480169,0.5732875,0.53000534,0.74714494,0.664245237373668,0.6172569351951316,0.6286493283502236,0.7526964489062923,0.7454058032567172,0.7162031012433892,0.8739736730924774,0.6425085549675129
250,0.31263503,0.30046248,0.31947103,0.2499321,0.27210985226358847,0.30238684224568885,0.29022004834223525,0.2508215229622721,0.29004985982663306,0.28931648789742687,0.30628091219982323,0.29806938420337825
251,0.4102655,0.47083125,0.4005126,0.4411088,0.34939876783456947,0.3132123137843267,0.37074779510281886,0.3574612800052651,0.3226708910293268,0.3507549222202835,0.3613223637128399,0.3701492919663175
252,0.34167838,0.32956868,0.34869352,0.2984696,0.2786982108525569,0.36025144007281684,0.31274379130396285,0.27377065779111176,0.2731294617952782,0.28334695293221185,0.17101935290872206,0.3103309447536604
253,0.29899487,0.30933037,0.3162518,0.2555168,0.25310987426685383,0.27421428515560947,0.2878526884463456,0.25396048606797056,0.2796125985662261,0.2736138810121996,0.21445414137142396,0.28987784043568526
254,0.34038597,0.3364006,0.3461093,0.40498534,0.5173541833705347,0.4383079809498381,0.5078777718837229,0.5213801654332193,0.5504941163596246,0.5199580755380386,0.8063971125376492,0.45630252286652145
255,0.3489154,0.3306427,0.34819168,0.2973345,0.2990397215854546,0.34656718685449267,0.30416445489705024,0.2898003696158158,0.2683091949690829,0.295640301369139,0.2568755968564528,0.3139181185790806
256,0.3230773,0.32441738,0.34034994,0.33822122,0.441148461858373,0.4321682927709685,0.45560694260575313,0.4685315905547888,0.4879410584137952,0.3984205035033973,0.6237088216767945,0.4066714089750397
257,0.3896292,0.3452434,0.36972004,0.32438287,0.24891173946341777,0.3242514948107784,0.27493178563089915,0.26243585081753035,0.2933316021215709,0.27053061392203187,0.15680166875733575,0.3137634785771629
258,0.6036801,0.60189706,0.57255304,0.82880527,0.722845267666764,0.7300226299538923,0.7020264602576546,0.7963906418791746,0.877887288971832,0.8697070704089527,0.9621679841991506,0.728614977508779
259,0.2520908,0.2517473,0.27736783,0.13050345,0.1799405822404614,0.19987365229722612,0.2021743426857802,0.15025234972347873,0.1803515029526163,0.19301574953262718,0.06284461887253831,0.21713387943160126
260,0.30208844,0.28424183,0.30796438,0.24141987,0.223577347554451,0.27541903217989494,0.23473772278484661,0.2175639870425814,0.24333751399793688,0.2640834045521451,0.1909986670585032,0.2710425821978507
261,0.3406314,0.34899762,0.34881398,0.35804418,0.3886492433708352,0.4061225283083022,0.3735555779168913,0.37150736252962274,0.31584828376542434,0.30301460810948966,0.5624783192585328,0.34389820405942356
262,0.6378108,0.6492997,0.5936326,0.8570887,0.7570386913328544,0.7490755708240894,0.7342850815214923,0.8481657761624701,0.8727486074461203,0.8761467663075955,0.9540447374586389,0.7471902816406321
263,0.588068,0.60376036,0.57167697,0.8245503,0.7280837169471469,0.7301869524398309,0.6912192065100854,0.8093500741023233,0.8175142075031474,0.80584091594827,0.9684067928619546,0.7026351515017504
264,0.3038044,0.30548352,0.31542772,0.22530079,0.22579172997435232,0.29875152488373086,0.25585255718893657,0.19386798129657715,0.24221384069048418,0.25033115938132255,0.23795886270012376,0.27452758385273673
265,0.32584026,0.31579298,0.32087782,0.26184398,0.2672515205842937,0.31617036099766777,0.2969696045184946,0.254230278329147,0.2855461912209753,0.2902397818334065,0.18933816453764182,0.30261718116895064
266,0.41100162,0.39057875,0.37161833,0.37837583,0.4013138865403473,0.4415652548643232,0.4242473102477506,0.38076901500288796,0.44228555299453287,0.4088313158034304,0.7126549857065461,0.4148672159524819
267,0.28663483,0.2846383,0.2991266,0.20323403,0.2386194333178322,0.21688131456228002,0.2503497078873275,0.20705783149898918,0.22577792235417657,0.24401472391723616,0.11837993589666831,0.2572463814767356
268,0.3628722,0.34732217,0.34736377,0.29350525,0.28802292946512414,0.36139900520672685,0.29739371091168165,0.2716112089061896,0.28289189489325467,0.28682925161270323,0.2914099527956571,0.316978432097392
269,0.36064902,0.3527192,0.33851135,0.29184997,0.2865992626138433,0.3263638984795992,0.31672010429511827,0.2810642704211917,0.2504523053524285,0.2601847155424847,0.25050474606489226,0.3028845509693034
270,0.34923434,0.3627867,0.36041015,0.29480153,0.31606209525828377,0.38260261569242643,0.3157792957490158,0.28920770061394063,0.24895224897700025,0.2692177313520334,0.2677326841694343,0.31008579240486167
271,0.29020414,0.2691181,0.30733904,0.18263154,0.2191126592520667,0.31188985674595443,0.2424771843049803,0.18660372574288658,0.21162979935818366,0.2390456039869604,0.1799519610500687,0.2542519006756489
272,0.33842397,0.34132418,0.35823742,0.3314848,0.2744907010783317,0.32919667434008204,0.32531475913695235,0.2810351006963848,0.3538053390919649,0.3422053595420915,0.12606334759034069,0.34347376271948005
273,0.27813593,0.2823558,0.29852673,0.17781886,0.22481313759761923,0.24103336083566776,0.251609949457737,0.19302514370892337,0.22781447112728165,0.2449963737658277,0.1165148241061756,0.2563406312495744
274,0.31540328,0.31159592,0.3304274,0.31968457,0.3651249546268274,0.3748069441718894,0.34706979788060127,0.3604917487915249,0.2517943386748147,0.27321084744835844,0.3561983210073231,0.3116998146213447
275,0.34193644,0.3237223,0.3243852,0.28176895,0.3039362053545843,0.33326985454724956,0.3200445028285448,0.2942449489932601,0.28591919980738234,0.2884667072607604,0.390262769406613,0.31346825243215315
276,0.27846614,0.2844966,0.2927063,0.18434986,0.22438123628780712,0.25672307344139417,0.21419919918741712,0.17893172733561546,0.18032249035311235,0.24473893853976803,0.07665384324702693,0.24080861181390864
277,0.33672714,0.32552987,0.32576674,0.2768923,0.28119152058326347,0.3276693854237786,0.2957127295806565,0.26279298592352285,0.2783757565047469,0.2835246078011723,0.19614145180610504,0.30552188489200394
278,0.28045025,0.27224737,0.29740673,0.19862162,0.20891520441003775,0.19530309531472861,0.20667016034334376,0.15963457915822335,0.15221278187295434,0.18072118676195692,0.050798558558248955,0.22086703534539448
279,0.28328124,0.28269467,0.29396114,0.1853435,0.22063028576032045,0.21600552328605396,0.24056845274791963,0.20376668648698973,0.22464864437553872,0.2355908348851768,0.12914653194279643,0.24929711139329208
280,0.60963356,0.6327706,0.5976227,0.8946439,0.7631064774065373,0.7414028373827014,0.7289821100375028,0.8626559867372219,0.8905323252858898,0.8870683211519227,0.9845335693273117,0.7485797461859816
281,0.62265474,0.63944405,0.5990839,0.8849602,0.7654914007865717,0.761740629750488,0.7415643210597642,0.8669396314904251,0.8967660909563829,0.8987645540864058,0.9746229740850992,0.7555983463568946
282,0.35929275,0.3613628,0.34395033,0.30466264,0.3692224299527188,0.39098049296114984,0.33930052095238306,0.34287375512752455,0.30116439043474974,0.33455922139696925,0.3865601820861661,0.3392868699408377
283,0.54577225,0.54640293,0.5235585,0.6021031,0.5987000421332713,0.6695590169580943,0.5809806210670156,0.6514221009068094,0.6746641088965813,0.6057269872917067,0.6129396613505731,0.587763027980747
284,0.29559073,0.29184708,0.29891065,0.19041398,0.2305232724883382,0.2828301607520051,0.27053564042234673,0.17492702895228357,0.2522860101299508,0.270632853831095,0.09090194859955922,0.2721645825752007
285,0.27707878,0.283669,0.29739112,0.18681951,0.2555074530196734,0.2653128391483693,0.24489121221313245,0.21656727121689046,0.21029131544032814,0.23371652241305285,0.16280008024683854,0.2516665917193117
286,0.31037754,0.3051875,0.29685792,0.23264006,0.27462848043665355,0.26570974335658565,0.271362302176224,0.24013888690174817,0.21752503195713305,0.23971287228138866,0.243180493972581,0.26541752528568063
287,0.30032367,0.28543893,0.300568,0.19531162,0.22036600986900035,0.233123574321405,0.24586749500982555,0.19527912469460157,0.26408256557600096,0.27205144167230993,0.16649651260067805,0.27233867785987015
288,0.3165204,0.32018033,0.3292394,0.26474676,0.25634607535551507,0.28906127398239145,0.2890115065819303,0.2502726323209502,0.24480421261841298,0.28154608387125846,0.12540134950011722,0.2854322736934057
289,0.2624776,0.25879318,0.29221612,0.16475168,0.20938599780677225,0.3152155105846645,0.23626150451803993,0.1726386176338961,0.19496187890546457,0.22180354099875407,0.057880980133963165,0.24281187552213282
290,0.61196613,0.6087713,0.565767,0.8065572,0.7017874274208667,0.7130773786682136,0.696959490830823,0.7939496173062095,0.8697907408789665,0.8494291169339888,0.8752881808882812,0.7214483574798225
291,0.3525507,0.32352224,0.36099654,0.2885392,0.2318903587287759,0.2860767909733611,0.29964413509443694,0.2500308991218595,0.28205616665964606,0.2938815124398756,0.07406688759217707,0.3076122288671629
292,0.6067581,0.61001927,0.5852166,0.8742353,0.7484414455725075,0.7230184227970943,0.7245747427328506,0.8452591274855651,0.8838925807865609,0.8814680122325829,0.9491603769040425,0.7412604587934627
293,0.3182264,0.31560037,0.3200654,0.26028177,0.27129865749606824,0.31126856534949254,0.2959582347683568,0.26071518259665993,0.2616933395616116,0.26518393327095197,0.2293031165738122,0.29302869594632874
294,0.61913,0.6395047,0.594045,0.8705182,0.7603702842149807,0.7531727177145651,0.7337724564066648,0.858901753399849,0.8837248424268462,0.8796958702003277,0.970450478708892,0.7453616332392441
295,0.30206695,0.30162096,0.30966932,0.22989193,0.30010042467089015,0.31710072332326866,0.30535036078270644,0.2642804536284591,0.23701799775038374,0.2504759083883929,0.4030493805484303,0.2827445235420162
296,0.29307488,0.27629247,0.30111223,0.1555613,0.21948501636912549,0.27192426057436486,0.24577824431812875,0.1905879598161035,0.20877592694431,0.24773685440773763,0.06948404394147085,0.25292389322344355
297,0.32229137,0.29403767,0.29643077,0.20211563,0.22182535676515142,0.2986218698922395,0.2661781496278566,0.19483698420376655,0.25990974905395403,0.2729849303862261,0.09637003610300918,0.2791089390936706
298,0.39871776,0.38355297,0.37237793,0.23428655,0.27217602652265405,0.23654492680431288,0.2963035701716737,0.2657177322104486,0.20318631119747615,0.2095186500418888,0.08774950099534985,0.2851203015579329
299,0.6140717,0.626266,0.580719,0.84867555,0.7548913932088722,0.7576665829190499,0.7259745700350214,0.8535460477160453,0.8836337348701099,0.8743689605341484,0.9688075327016806,0.7429030196094728
300,0.29608074,0.28094488,0.31106824,0.1962583,0.23073811957621132,0.314086974532743,0.265681150791235,0.2099048901543974,0.2249310162284311,0.24914409482980945,0.106210209984101,0.26717344433955936
301,0.33644828,0.335958,0.34068617,0.26941475,0.29415264867946134,0.34319298744657417,0.32242699272965003,0.2696119874088626,0.25366746495988346,0.32409239632800746,0.13467363216119774,0.3097873400095038
302,0.5602518,0.5700382,0.5382835,0.772978,0.7078542131728752,0.6569941123075338,0.6654712950257008,0.7731082628919467,0.7396140893496679,0.673454404261464,0.9296580812132195,0.6486010975376132
303,0.27992266,0.27859047,0.2990196,0.17375246,0.22111221096440645,0.21361985716150808,0.23897326301577387,0.18025220485439744,0.19161634316623788,0.20690585680480358,0.09635674947800962,0.23813346273316024
304,0.62138957,0.62343657,0.5742737,0.81884944,0.7398125207230608,0.7586717679939818,0.7264738795120578,0.838669991258741,0.8257406316484237,0.7124969077640492,0.9621299754341772,0.7047815386463848
305,0.31744987,0.3194827,0.3377851,0.27578643,0.27967811508833856,0.2785173723982012,0.28492283316656086,0.2569886697908039,0.2785819505264867,0.2846825114517798,0.25487691880054186,0.29653542786921083
306,0.2824866,0.27604914,0.29842553,0.20675357,0.2037518832821895,0.22431329174002093,0.22870111082333283,0.17209772155886593,0.2355602982788248,0.24672642235948952,0.06806964160635458,0.2540155562637604
307,0.33441502,0.3115961,0.3301952,0.24375367,0.2684624518092166,0.3239436602926272,0.27973767536834027,0.2589575718279215,0.27209328796467014,0.28313329195642095,0.1774520355625698,0.3001630000457561
308,0.59851706,0.61493313,0.57217574,0.82624847,0.7433273051471241,0.7009491641328449,0.6931294860110221,0.8266452678338301,0.7923064851130746,0.7544724355655432,0.9481980476093861,0.6917513211888864
309,0.28663483,0.2846383,0.29859763,0.19909394,0.2376822810997632,0.21529913939384865,0.24754499096571933,0.20905251553538645,0.21863486874353702,0.2442891248406886,0.09877520892698191,0.25489029551402637
310,0.34461156,0.34530216,0.33705026,0.27364403,0.2828540810812108,0.33373524261859405,0.30926246596098905,0.2625231422231513,0.27548914479449665,0.3024415628569308,0.21981395575517876,0.30986982425888243
311,0.2860085,0.26551682,0.2910488,0.19962826,0.24122997225877837,0.24679870389158376,0.2606697852824965,0.208359529185908,0.24311580365650043,0.26830195265020357,0.1779279636439398,0.26636688192846936
312,0.38294196,0.38706622,0.33998376,0.21862504,0.28142190273156215,0.28103505620022107,0.3122230501214614,0.2594588435614216,0.24903077851973912,0.2589974771545194,0.2809541161469406,0.30184603845320646
313,0.2829891,0.28711754,0.30421168,0.18217085,0.2512355699460095,0.2813962906923441,0.25495180220263125,0.2335954246879624,0.2015071072000562,0.23019437402199872,0.10040777184258683,0.2543760828846152
314,0.5892956,0.5969593,0.568538,0.8476267,0.723650314911761,0.7310264830775506,0.7238175643700774,0.8070364419566773,0.8560278998793087,0.8544030220227127,0.9261077278637426,0.7228796222123415
315,0.62934476,0.64075685,0.5912465,0.85694903,0.7453333642382034,0.7610092934366345,0.7383717542285793,0.8491949706848718,0.8847263812158521,0.875421749583668,0.8947310416088685,0.7481435385535695
316,0.34793666,0.33354995,0.33245987,0.2630139,0.2578415300749672,0.30853888921564404,0.30407957336209923,0.257246592043466,0.2662070009793483,0.29485960191136446,0.1328411301785056,0.30592707472469816
317,0.2928043,0.2938636,0.31216124,0.22628002,0.25197688265868273,0.3017139015476083,0.280773873266834,0.2284660368307902,0.1936629633390518,0.22073065373180256,0.09911576122934229,0.25771349299959395
318,0.6040534,0.60508657,0.56011236,0.79762346,0.6750479615264418,0.6466456019754862,0.6791355686653437,0.7547136613617684,0.756509815590569,0.7363051528144579,0.8162401185505329,0.6676344272504299
319,0.56774265,0.5320262,0.5144636,0.68179667,0.6385125511278057,0.561897546871928,0.607699312370932,0.7140247652107164,0.7277654008530148,0.6514053234206731,0.6329388644226677,0.617702037083597
320,0.57707393,0.5927614,0.5705737,0.8117218,0.6691902826538356,0.6842461679495686,0.6878302421094904,0.7493383218726992,0.7759135209993753,0.757308574840819,0.8760196495274156,0.6713155401456661
321,0.64335334,0.6399402,0.60180026,0.88351786,0.7072559592984932,0.7455191560713298,0.7170883636304153,0.8217889932744935,0.8925902740354706,0.8928584210874405,0.9053721659327815,0.7491906717904303
322,0.33599314,0.3187413,0.33319992,0.27692842,0.2792469334478142,0.3035917384085116,0.29461483534411215,0.2749859997330663,0.2898980239112867,0.3062765349925118,0.19179946488349647,0.3102923014759712
323,0.6077898,0.62000257,0.5824105,0.86764604,0.7433409508581501,0.7186192307641586,0.7125228384957629,0.8439369944945116,0.9147785270787804,0.8965258141690825,0.96775952813521,0.7490247949461117
324,0.547333,0.5533337,0.53053606,0.7456268,0.5548532873314637,0.6708710788534558,0.6006059020097588,0.6789881617776008,0.8293776364335175,0.8270925103710779,0.7463505825635407,0.664573242739243
325,0.6636443,0.66027576,0.59582555,0.851946,0.7630926434359248,0.7607960345579419,0.7630875195807674,0.8643454067974592,0.8948697819460708,0.878466249824742,0.9823350693189123,0.761429742489117
326,0.6636837,0.6720611,0.6013877,0.8775338,0.7727255483604661,0.7770107140581596,0.7731700328253314,0.8782229951543414,0.8979147367292508,0.8942867802041586,0.9648568008343752,0.769817508337887
327,0.4429861,0.44442216,0.41283885,0.35137612,0.40777448443489284,0.38913827323176464,0.3896700721586573,0.39298650737988094,0.31263433379537525,0.31776852296548364,0.372890218185579,0.3689882484396215
328,0.388906,0.38365066,0.3751386,0.38898984,0.39151095690006554,0.39431609149419433,0.3756347903448864,0.37856874780456956,0.32943431496037456,0.34064981386258514,0.4506988866254361,0.36278305013755524
329,0.31198603,0.29844594,0.31611282,0.19485733,0.23763695146260363,0.28758660589887064,0.24110489559066023,0.19316414319038225,0.18440569082997954,0.19879630092788472,0.09250740696145997,0.24633439349842864
330,0.30775326,0.32187313,0.32045645,0.26219928,0.3010594353782567,0.2988908377130179,0.30508263133181235,0.2701352228588768,0.25287423257983027,0.2768841775001607,0.24728080536913097,0.29137575023709666
331,0.37965712,0.32434493,0.34147325,0.1814017,0.23542835942427837,0.24290797589853738,0.31906902585232527,0.19320422762534112,0.2117690414932621,0.20840617065250835,0.09766608075609148,0.27294807207830524
332,0.31831402,0.3076841,0.31988335,0.25461292,0.2654890750368296,0.2726098759244729,0.3044993033453021,0.25813000230970834,0.29183511441173876,0.2977166571915986,0.29287061882172283,0.30439667141071025
333,0.30386823,0.31744626,0.31109127,0.24153027,0.27345925222793,0.27687809554911336,0.28724461162253534,0.2487752112448045,0.2504374904728839,0.27117051306893486,0.20522283413178996,0.2847768048240645
334,0.32482406,0.33287102,0.3307127,0.26242355,0.30883439462117523,0.3140155492079798,0.30817426698300754,0.2716842426601159,0.25623229592606844,0.27241439138441004,0.30414248954225814,0.29690969694798425
335,0.37976402,0.36940357,0.36252338,0.31905407,0.33712197055368354,0.3159940502022947,0.33217451392877395,0.3425402178186002,0.3443581861055092,0.3335798727372709,0.5033227545727359,0.34898673199231156
336,0.27362433,0.2698843,0.2845512,0.17474362,0.24051155954742262,0.24001778256547066,0.21589720991730843,0.19062727370982574,0.18730511174015127,0.22207512002199947,0.1704906936182336,0.23697881875697197
337,0.2717281,0.26113495,0.28742105,0.15245447,0.1973816548030878,0.22831459588755335,0.23225259400259596,0.17460643758795213,0.21406478889765523,0.22342147364594012,0.1323076057743,0.2417460595221616
338,0.5594684,0.5587284,0.54532236,0.788456,0.6210127142835277,0.664176152784891,0.6329928098922,0.6962077701815386,0.8459469109657286,0.8159386407399563,0.6166903519470079,0.6789492464038184
339,0.31601524,0.3186757,0.32620925,0.2623332,0.23743492149842957,0.3163499506233081,0.2643000944905376,0.20874056616625408,0.25025455805941244,0.2563360242703021,0.11385352777177568,0.28250854765304967
340,0.29555237,0.2817692,0.29859483,0.19042921,0.23139280346265373,0.24567144697555662,0.2644900462346098,0.20815519386755593,0.22016529143962282,0.2437735845515995,0.08064262750389839,0.26154166612397517
341,0.30815983,0.31670222,0.31367517,0.2398688,0.3265306254597355,0.38277870967853633,0.2943502438856885,0.30658858979624437,0.2460947227336363,0.2699697365701051,0.43166033851605967,0.29571790399616055
342,0.29188758,0.3183512,0.33764145,0.31089336,0.2666836063799502,0.35504628990861287,0.2674178472317982,0.2520204342483083,0.2659567432508,0.2770124485226976,0.26240072133887327,0.2938015137704764
343,0.3098549,0.3157733,0.32267585,0.21827722,0.3892955800180857,0.3393336139581421,0.32292957438957937,0.3693493543323667,0.22316716906052184,0.2715400735943365,0.4033961814795025,0.2965740609501101
344,0.29038125,0.3048787,0.30096975,0.20877194,0.29441587324119683,0.2923259601004625,0.2625494263581076,0.28333970159143035,0.22189745829743587,0.22763500403687775,0.21278872402630328,0.2644843614992066
345,0.2688008,0.27799645,0.2902043,0.16819425,0.24874626085716497,0.28356071574427444,0.24440369001102233,0.2198245180455633,0.20197172368196115,0.21786532478085396,0.21103336543812387,0.24713516344581601
346,0.2637152,0.2632762,0.2858954,0.16540721,0.24346469650860758,0.23070103171609296,0.24261131276991996,0.19903690300957927,0.19898079103641417,0.22516576639332514,0.16281668419066492,0.24108765448320973
347,0.2939361,0.27602094,0.298236,0.17240006,0.18798531408977767,0.26702412158523126,0.21007767385813336,0.1438873693049198,0.1936724490018564,0.22025296012238735,0.06500487844009943,0.23710141484321148
348,0.2548247,0.25133917,0.27672914,0.17007147,0.18870435675678407,0.1507332928033981,0.20475481357178893,0.15843586819327093,0.20423045828616346,0.21636409687696362,0.0784403306028377,0.2249631616831318
349,0.34904724,0.3250073,0.33885363,0.2976354,0.32510846938114,0.3042965556048481,0.3609811394960724,0.33840293184402764,0.35573771680127686,0.33156348062714713,0.4131621700815781,0.3472614382604149
350,0.31486526,0.29779115,0.31304628,0.26726875,0.2856173898067531,0.27403982912464764,0.28031243566851183,0.26335091905470087,0.2612583496904297,0.2903335850240305,0.17678632458570975,0.2884370909454149
351,0.2987254,0.3036882,0.31235257,0.23606694,0.3210402310617822,0.2764423204880859,0.3072816016951573,0.2635020603016223,0.3081516300276307,0.3034113400200401,0.49935244118313526,0.30517175631046006
352,0.39342293,0.39281207,0.37989563,0.3887143,0.38579210932504215,0.43320759200539616,0.4275015699457014,0.4000836915257163,0.3234893539849312,0.3482515866557433,0.3559665384825917,0.37330227394384324
353,0.5640179,0.58414066,0.56012887,0.79466295,0.7106421653822415,0.6904221301987726,0.6763115428491429,0.7807707317468787,0.7567718917442933,0.7226934518694594,0.9238311234392638,0.665030926747319
354,0.2965405,0.28193778,0.3190045,0.20760563,0.3020485694630223,0.39383380142207225,0.3184175377128635,0.26278698330522726,0.1979920381313094,0.22216314781670715,0.2205629071216472,0.2690052568674569
355,0.3121435,0.30610007,0.32601544,0.22548708,0.2625998731431557,0.2480300095969891,0.27681993234511054,0.23608260693566416,0.2623151479283718,0.2791282096802288,0.08697081688826394,0.28334730932209223
356,0.33857527,0.35570514,0.34909236,0.3368566,0.39014257772729655,0.29619963492344104,0.3519817537823539,0.37428442236037557,0.3274968615621039,0.3051219707323297,0.48473389823358665,0.33984455222478804
357,0.31466866,0.31020173,0.33520204,0.2957229,0.285750730648102,0.28811642200575094,0.32153174168164966,0.28638820871873927,0.29062640570913695,0.3031530294328134,0.1538682554711183,0.3111896271951751
358,0.5704844,0.5936302,0.5686828,0.8678172,0.7476781788306202,0.7217872602720585,0.7137723501910488,0.8495240602785852,0.8565585632353965,0.853044030725689,0.9766343543646201,0.720051480572943
359,0.33137208,0.32670316,0.33253324,0.24698298,0.26389796854284686,0.3224859099975664,0.28825061751011827,0.24710433002218574,0.2602858463007087,0.2639435530876046,0.24038372078358944,0.29328882184966937
360,0.2995675,0.28555307,0.30062026,0.22240369,0.2557781892011423,0.30167003007758425,0.2977448260294235,0.24389304184498367,0.23783537289908968,0.2823585085025811,0.11968966030502734,0.282356832013681
361,0.33247876,0.3402779,0.34635538,0.26507705,0.3112642582824678,0.3136909063824614,0.3231969888650157,0.3149792839316533,0.30091655112044596,0.32498775469703267,0.29752463795320006,0.3206304480251269
362,0.25156966,0.2468235,0.2805602,0.15877317,0.182401207199119,0.16431772969894767,0.20702659728338282,0.1574968427025655,0.20527986034158455,0.20623095637146854,0.0769678829617281,0.2261231206872168
363,0.47787747,0.52721757,0.45545802,0.62253517,0.6344689793470926,0.6179599556913538,0.5453836764440345,0.6389554407826133,0.6114232442096609,0.4487127689721815,0.9106479350469551,0.5248878705327802
364,0.38649672,0.35963002,0.37477118,0.37413943,0.3667593003045858,0.3817071746321168,0.36700809560121617,0.38085084531583313,0.34779869825064225,0.4081504937951833,0.4987955274821593,0.3785768906338468
365,0.33107615,0.33807516,0.36113495,0.34956485,0.2892269376252721,0.3310848396612739,0.3299812280024287,0.32760392408226,0.2649987952030833,0.3099127207507608,0.19957100287409973,0.3142782756213701
366,0.27011925,0.2683244,0.28870907,0.1588095,0.21785147935048027,0.22341660713791547,0.23278789258235028,0.18216082038019837,0.2013734774412101,0.22311731195973486,0.1575263969682929,0.23739298799334874
367,0.27286506,0.3021279,0.3020459,0.22715291,0.26513285029284067,0.2902136598546202,0.2556166651704507,0.22464693616547046,0.2040924036307504,0.24751318270593964,0.1741750641199708,0.255989312236122
368,0.3077302,0.30638415,0.32536906,0.24243255,0.2549802034923454,0.2704275791022502,0.27806443892184246,0.23944495895146156,0.24969397687456807,0.27601916262968607,0.16088999309244464,0.2848816675207406
369,0.30481458,0.2941907,0.29980078,0.18862393,0.21399548099698357,0.28473691590333183,0.24327763023922228,0.19050938291786013,0.2278649732191078,0.23538665083657065,0.11687590455037337,0.2594708441372644
370,0.31994447,0.3118189,0.32692236,0.20984371,0.22037900014426182,0.37691756229958284,0.23221904478125427,0.18738741329589934,0.2392415303489345,0.24217700201305686,0.05676548761104527,0.2728161816112493
371,0.25707316,0.28325957,0.30772883,0.19288449,0.2868743195378407,0.26555219993395174,0.21210054427638192,0.2084229489888368,0.17737761063930796,0.2029134847616084,0.16114389633403262,0.23311203363717828
372,0.32543606,0.33776218,0.3449485,0.29029664,0.3220760878442034,0.2286156646482574,0.29997401868038975,0.3064805389598677,0.26591614319313317,0.2729475658695708,0.25029579668869734,0.30096097964102386
373,0.33023316,0.30260056,0.31473738,0.2414091,0.24175118394874867,0.2992548337267812,0.3054567393094621,0.24972494688071628,0.24973950001188197,0.2730633932241756,0.14386244421758998,0.28703399158123094
374,0.40412593,0.3702242,0.3978094,0.40443015,0.38085361926090505,0.39039027192468345,0.39525935578587734,0.38560162124346137,0.36472928196844157,0.32377688841877933,0.33009620887512997,0.37439014455577485
375,0.31772193,0.30267558,0.31177503,0.22611538,0.24949566418376845,0.261189362781697,0.28406860127330297,0.23600810358342236,0.2611845436598137,0.2626625455259744,0.1749916422309385,0.2832378083912207
376,0.3141838,0.3087469,0.3149026,0.23065254,0.269248991516651,0.3244739569835883,0.29435452168271514,0.267302913705913,0.2506749570295435,0.2723195070839771,0.29661025192623336,0.28975546981395284
377,0.29817685,0.3022942,0.3134104,0.13242446,0.19962795599259708,0.22814914972529973,0.22315633281055974,0.16518167877635356,0.13704527973687214,0.16656753590837572,0.029434983434616025,0.22176299203191205
378,0.3386839,0.3397979,0.34413058,0.32652384,0.36739854790865384,0.3563962823425608,0.3637532321654535,0.34777034238360016,0.3693707970938557,0.3620326496864187,0.5666708287618691,0.35503283316255435
379,0.3059575,0.2853338,0.30756527,0.19326226,0.22632246188388322,0.2314895431852869,0.26157848573333764,0.20935526086659761,0.2436467969642754,0.2639135751181128,0.13118715530685612,0.27140524175442626
380,0.34269962,0.31725574,0.32979384,0.28710744,0.31952267007757074,0.38143735589949007,0.3376916871337848,0.2869952544971442,0.30246878149772816,0.3154183307993928,0.24624519505704975,0.3221216227668719
381,0.26966769,0.27109954,0.2979474,0.2193441,0.24225034607160678,0.16738058758660146,0.22731570964489692,0.25107763037896913,0.20513666258382632,0.23014861345277482,0.20052724530951987,0.24104686966413585
382,0.3439483,0.33830485,0.3425215,0.271674,0.2919024571798487,0.27996581367107953,0.2986440812343327,0.25122179855404536,0.26529071115329933,0.2811729339275506,0.17925996428468938,0.30165052567140604
383,0.38004363,0.3632188,0.36911184,0.34468687,0.2880813792341442,0.33345949148583715,0.3536536683384807,0.3118512263752087,0.3066383886738932,0.30850342489209603,0.21715476527571947,0.33246061806234667
384,0.25797167,0.26651692,0.28389964,0.16761103,0.23245604109455936,0.2756359190087799,0.20728582813354618,0.18121365063686784,0.16035485774345304,0.18877986146197745,0.18174690069172933,0.22380867426165385
385,0.371161,0.348651,0.3645496,0.34179586,0.33621455850240023,0.37934976513511404,0.32209680927896595,0.3067942223453919,0.2932809543485632,0.32444674078263225,0.3631740236737772,0.33321580273793494
386,0.31227514,0.2961533,0.30533785,0.24458142,0.24386198509647028,0.30156318091240936,0.25684318188570315,0.21088343550446326,0.24457765585738972,0.27113970394112125,0.11264257137557163,0.277780536719595
387,0.3163267,0.2995861,0.3161251,0.20415857,0.23741201738269382,0.24435130692983895,0.28967857433146466,0.22915647528197067,0.24747623420282244,0.25615096432217654,0.0917063127216294,0.27376006740572256
388,0.27328044,0.26081774,0.28978094,0.16459632,0.2056258145408391,0.25896155344334226,0.20385687737783265,0.1361730568222475,0.1638286809301129,0.20318089381442267,0.2054212951050607,0.22665550800460332
389,0.31353268,0.31006232,0.32507342,0.2876187,0.2875376145237617,0.33927172916747295,0.3142420978473389,0.2731582631984134,0.28260510132252076,0.29319854280862934,0.1838707604847614,0.30662272220406306
390,0.3269306,0.32857603,0.3260664,0.24736479,0.2540258139542865,0.34001803932309754,0.2997828788715101,0.24029049825043308,0.23278437349165837,0.2644152070936377,0.15278570050123452,0.285784967883349
391,0.31575304,0.31983405,0.32281196,0.22684741,0.26385654511817347,0.3416640302369074,0.26678570808079743,0.23671841447445846,0.2397453891183443,0.25839878830925983,0.26185806671225664,0.2792476742404383
392,0.27683574,0.28514898,0.29049116,0.21646714,0.23335465891660795,0.26546149543270575,0.2465619870179095,0.21567169012602236,0.22296273330395958,0.24318610623298617,0.2384002106283143,0.26097253190472547
393,0.23886707,0.23992813,0.2657451,0.11217077,0.1809862607615012,0.19294580255669053,0.20928203775250637,0.1352833354774542,0.1761095560247188,0.2106064977836565,0.019878563367706447,0.21419796343383296
394,0.3893638,0.387057,0.35799265,0.2529241,0.3131007565611864,0.2930886915863565,0.3262019500717296,0.32594185061148345,0.243341373853531,0.25561367227766507,0.3119602059807795,0.30943310887511455
395,0.28354904,0.28475866,0.30341423,0.19722521,0.2307613540992195,0.23399225136854046,0.24135640794044871,0.2088522935173594,0.1756882727092944,0.1893468263570434,0.11946785032194111,0.23646275559760452
396,0.27225274,0.28958613,0.29201716,0.18210247,0.2282558215264881,0.3150573394624602,0.2465705495269094,0.19091089807617126,0.1974287388424823,0.22194558056344404,0.19546912845656395,0.24675787291033818
397,0.51599205,0.52510536,0.51699764,0.6934909,0.533333893770753,0.5863350365004598,0.5358481436521207,0.5770273305993043,0.7548794796183962,0.7645321748637023,0.41396700256060254,0.6118381338345016
398,0.34444022,0.32713777,0.3361173,0.27134624,0.27868228034744225,0.3349180010133141,0.3032563010036601,0.277237601032503,0.27637887858849364,0.282035143356977,0.2247801885928144,0.30569088992935106
399,0.34622115,0.3227985,0.34223637,0.3081438,0.3098459027513402,0.29955444166655154,0.3315063631704686,0.2941315235005922,0.309504485292369,0.33555536034520356,0.4050536869282146,0.3279960207341511
400,0.63621414,0.6365271,0.60347563,0.88310325,0.721175369920572,0.7658283182281034,0.7110689644565927,0.8209605956704389,0.915281121929584,0.9079331235108755,0.9507300583423033,0.7576311206234336
401,0.34822848,0.35417658,0.35037667,0.34947908,0.3382218625405043,0.3606319367868499,0.31328035946379973,0.34811355245126796,0.3400115921266188,0.3254005975419572,0.34985576019559506,0.340714087870919
402,0.3310927,0.31010187,0.32370707,0.28152567,0.2758505804330713,0.308369588585276,0.30802329853038324,0.2815567316430482,0.2633433453134789,0.26309480823613896,0.29594722193847034,0.2973551400375149
403,0.34741637,0.36690074,0.35612833,0.33972627,0.49372845469173327,0.4202556740089026,0.46670868934501397,0.5173467775479206,0.3489006219568263,0.346572272323986,0.5430552815552148,0.37744778540227614
404,0.61933225,0.6195978,0.5889438,0.8731251,0.7583832070709166,0.7510322499497616,0.7329044596075064,0.8632542626536415,0.9040630947157959,0.8786299406705211,0.9741615726998202,0.7503231776365578
405,0.33095992,0.3080279,0.31800708,0.24067883,0.2767062174168987,0.2869501693091938,0.3016847701642408,0.2651736075721467,0.2710821573912859,0.28497372470793964,0.19345841779937648,0.2977814131916376
406,0.33951047,0.32343325,0.32186222,0.20527235,0.2590770984070939,0.28467770765521827,0.28667043089155253,0.21663894250841395,0.2547811856756743,0.2838386793405412,0.1550790614642404,0.2904527690522508
407,0.29191455,0.27385667,0.2945367,0.17402737,0.22167145825131618,0.21574600684545026,0.24505551081810584,0.19719889488767872,0.2435322643308297,0.2476979118679865,0.08806148233636893,0.2611175875794789
408,0.6415175,0.66017914,0.5907778,0.79050267,0.7350941080985168,0.7222088715819428,0.7297546509990338,0.811569574475761,0.7387395663667351,0.6588829509765586,0.9096450924700867,0.677887026385423
409,0.5947693,0.59980637,0.57133543,0.81459504,0.700290372345194,0.7068500657990603,0.7049578960312484,0.7971898122227933,0.8650315890883912,0.8489831444261945,0.8456437755810867,0.7161895394181743
410,0.35361987,0.35110992,0.35870597,0.3385213,0.31794137025960006,0.32597374911524885,0.30989684957550206,0.284251665931098,0.31307968044226103,0.3167633737377067,0.3207711844788136,0.3292174173620227
411,0.36967066,0.352214,0.35680276,0.34734678,0.30140764844405077,0.3533660694980906,0.34932720989706356,0.3172321528366124,0.2732408109237527,0.3013819713088714,0.24672176794155157,0.32357964879989176
412,0.25955185,0.25777116,0.27790922,0.13760707,0.18774686266642585,0.2570311198767455,0.1924401253621224,0.13250510998256743,0.1435204358475491,0.17120514057828062,0.013195987182407554,0.2082450275658493
413,0.27414906,0.27287847,0.30438885,0.21475634,0.20453668592872482,0.34607675540866206,0.21319654647000572,0.1515799914273906,0.16805037853524912,0.18352650451920782,0.02823101595384796,0.23199317785810294
414,0.23661032,0.23839767,0.2675279,0.14142498,0.18421912843117272,0.18725572856104783,0.19150268431129724,0.14317479995981625,0.17274227070198286,0.20246676412752057,0.05580594676274747,0.21060572888863044
415,0.3102849,0.30048007,0.3217266,0.22172773,0.2740139854903083,0.28886057374818114,0.2802448258433019,0.22840521606235686,0.23918028935846838,0.2663977333668595,0.22988804261314436,0.2798979532432428
416,0.31139225,0.2990262,0.31603155,0.19392575,0.25717478401241456,0.3245528932418643,0.2796057987748876,0.24112760152853782,0.24075534144422722,0.27315413441442143,0.08661070735609545,0.2848591407551521
417,0.2669329,0.24059479,0.29206416,0.16992514,0.2385600557609049,0.26450302031161277,0.2496021739337706,0.19915351320051108,0.18803315653483693,0.20717929501215768,0.1353196699461831,0.23964193873995474
418,0.35028023,0.33683273,0.3267414,0.29504028,0.30912690571482004,0.30519130552046564,0.34296561769592926,0.30790592159272206,0.30663323276841614,0.30452295237063487,0.40337630458953183,0.3239597020156928
419,0.28979647,0.2997547,0.3117767,0.22341557,0.306716567786291,0.2954167595213105,0.3107869906594964,0.27017957741982557,0.2534494086643419,0.2526190825385211,0.4331074521694715,0.28252909866910064
420,0.5837103,0.58538854,0.55057967,0.8067063,0.7232263861487378,0.692701756518172,0.6815202088504628,0.8138665029685075,0.7367379859586087,0.6549056067209421,0.9484972583593034,0.656270468336311
421,0.6525264,0.67499065,0.6027049,0.880791,0.7809824028496077,0.7600073492611278,0.7741942167739335,0.8894943678156693,0.8962629435485168,0.887341678358956,0.9796417591056535,0.766417741063947
422,0.2812627,0.2670224,0.28331554,0.17245314,0.2228386164672962,0.2548465372808897,0.23429840490559659,0.18591402979111565,0.20446895415844382,0.2192327659999657,0.08284230091865491,0.2413394560294729
423,0.57938516,0.60227,0.5694351,0.8425161,0.7317952916058841,0.7033360770086641,0.7111698160537403,0.8305693230303068,0.862616712241733,0.8488485592991039,0.9317585773725682,0.7190395440848171
424,0.31925339,0.3083137,0.3147635,0.23028961,0.2636011656783295,0.29078859079522806,0.26246784982085936,0.22248825340064,0.24890986427666134,0.2582842145153924,0.21173199337576606,0.2799815376199577
425,0.6100981,0.63041973,0.58829325,0.86049736,0.7560345516254674,0.7481660719856592,0.7278448318011916,0.8535615740159088,0.8829056086929274,0.8842649800634165,0.9818221190459735,0.7431284848859068
426,0.24087839,0.23856135,0.26761636,0.12996976,0.16573108946393544,0.17221789138608168,0.17682195602806905,0.10461753717327701,0.15369590575114497,0.16439535941837574,0.028938020832756962,0.19702214721972228
427,0.27957857,0.27843508,0.2966613,0.22043309,0.2420108192352865,0.2573912642949355,0.24724832586384435,0.2006061126560994,0.1911183612001089,0.222850425510316,0.1271237913726353,0.2462368392237862
428,0.63552684,0.6430759,0.597905,0.8752674,0.7587874569837382,0.7817070369834782,0.7443992134340396,0.8483375632493724,0.899818580672283,0.8843218890035336,0.9806543334017155,0.7598507535677599
429,0.29503787,0.29861695,0.3015893,0.18012361,0.24184833074636383,0.2539285796803504,0.2523041973162731,0.20045064112155747,0.2194275613186826,0.23310742858256828,0.19328256144964176,0.25532182448348006
430,0.2430805,0.24255094,0.27087268,0.14692552,0.18178447300361694,0.16235440466370962,0.20085776318159257,0.14974107148300578,0.17476960135545186,0.2020132095049345,0.07408682585330642,0.213648034280057
431,0.29626602,0.29977888,0.31050628,0.19714648,0.20381651476018617,0.2517995819654013,0.2147830698674606,0.1624464798346179,0.19657836397661027,0.2170150173103207,0.06470722507215669,0.24479147057419098
432,0.28558186,0.27561334,0.2846903,0.15667894,0.21448046495796982,0.27142145198024636,0.2556629501428553,0.17686643787382628,0.2071794278303917,0.20334046048128962,0.036920063125702916,0.24309307969446953
433,0.42739615,0.42687058,0.41013604,0.41712776,0.4008594833732878,0.4273056446978683,0.3944818600217522,0.39306248071124117,0.4088743756017498,0.4250299610855402,0.4054501657935751,0.41588090911735043
434,0.31796664,0.320474,0.33362892,0.25498953,0.27659604059374254,0.35694144651224197,0.2734454250654713,0.2574991678921382,0.22253035563241355,0.25402717714641765,0.12170374448978911,0.2777327970404991
435,0.34141564,0.3291882,0.34403977,0.300868,0.31089688136441157,0.3612198245809059,0.31630922198515615,0.3011251867055564,0.2545256505750553,0.27484738008466836,0.24960991392707355,0.3063858724797656
436,0.23854718,0.23404491,0.26251346,0.122841716,0.17480936510395653,0.2008528165101345,0.18019112158575415,0.12209250242712306,0.1511981829649442,0.17725166911343668,0.060070621237194574,0.19744732452606834
437,0.3673055,0.40557617,0.3866214,0.42563444,0.488514909447633,0.49902280817653777,0.41023049748354146,0.4519596652363023,0.4739467580477907,0.3992622735426049,0.5098965845920599,0.4219701391478495
438,0.6032227,0.6141851,0.57886183,0.88118076,0.7544405566794545,0.7752889235504893,0.7294563094532659,0.8549330129238484,0.8837679123033262,0.8921815295042819,0.989442622100988,0.7403994787588487
439,0.38780576,0.39862412,0.36582944,0.37002018,0.35059454831252124,0.38444742848957497,0.3792190614112051,0.36949666491362826,0.33284237023637786,0.3360973525025656,0.2494253399222303,0.36149921121101525
440,0.42331386,0.41952723,0.40217456,0.41301608,0.34503556993076673,0.3986390527576681,0.37769698601295076,0.36865890835363213,0.387700288817171,0.37833588465180545,0.3485470687429464,0.3896804757355103
441,0.5691813,0.5615785,0.5462712,0.7455827,0.6325072694606313,0.6674951866739183,0.6027863238447198,0.6772392281116861,0.858618017059055,0.8316868864473911,0.8597875738808817,0.6816090054820896
442,0.61254996,0.6236602,0.5774542,0.84173805,0.7407901787754477,0.7634841933553396,0.7217048544606777,0.8270526322679158,0.8726716249243269,0.8677028336790121,0.9649474872242502,0.7356771650577824
443,0.59194386,0.6010578,0.5777082,0.8831018,0.7560732914218631,0.7133238431759018,0.723195011175567,0.8594693421614406,0.892350518711915,0.8924948617562869,0.9730902460606584,0.7398520176439488
444,0.23120758,0.23582204,0.2684863,0.1231599,0.17612309125056475,0.19236140394603077,0.17366762633295074,0.123198725825473,0.1415608993034118,0.1610824074411728,0.07994025769623268,0.19334622355913783
445,0.24309497,0.25436035,0.27392426,0.12519126,0.16960005758884106,0.208817905857292,0.17989497199581206,0.11876404750928356,0.1491555537747075,0.1646642334359203,0.038345032137361956,0.1998696672222097
446,0.2450687,0.25819403,0.29026297,0.17495647,0.1928949230324338,0.27123389563681943,0.19916865928492616,0.15286235170563325,0.14580601850519598,0.1644307846484132,0.06799128928187283,0.21015926091788803
447,0.603934,0.6205742,0.5830796,0.8734654,0.7612163182943603,0.7568172579774967,0.7364885151769708,0.8544236894117201,0.8804877841637901,0.8743270862665421,0.9884252693836466,0.7422097345072098
448,0.36410296,0.3671532,0.36268818,0.30759335,0.333846193287294,0.3989227757174131,0.34569871498830496,0.3428601265783184,0.34690156280819995,0.3801335082398285,0.22026150227118535,0.36033612750673
449,0.31602073,0.29757407,0.31156573,0.24581203,0.2650570148338739,0.3219421211543473,0.2616876465630857,0.23740779490385347,0.24975400257474453,0.2749612422949037,0.19407612046670533,0.28160933919364156
450,0.30831805,0.31377903,0.31991184,0.26283714,0.3039102051688253,0.2597915925062857,0.2966801403654992,0.2499618710617269,0.25810118711311064,0.26907722803776696,0.2966931375830275,0.2894440344652787
451,0.32053572,0.31107154,0.31810892,0.24622068,0.2654963057235339,0.23472354945363144,0.2774636711304345,0.25409064101074336,0.22639365070562345,0.24711900944767384,0.20082117072199618,0.27379579010935184
452,0.6223069,0.60137844,0.59745646,0.8418511,0.7441381464003878,0.7311116991486181,0.7154215392320203,0.8133404577590919,0.8353107172598342,0.8287326212966264,0.9379659946411687,0.7202482051298202
453,0.341699,0.33369195,0.34493232,0.31940892,0.29687499088276575,0.336015599122399,0.3436355678066709,0.2980366944647169,0.338356511574073,0.3218625016397509,0.30444271541132656,0.3353535693807621
454,0.20185432,0.20273876,0.24755803,0.09122372,0.1287157438416168,0.10137482353292451,0.12414795404090659,0.06523593470356542,0.09486534056273323,0.1013162978328451,0.006840522287754535,0.15052081861183725
455,0.35817704,0.3559518,0.35514838,0.3239906,0.33597807122493856,0.3322720918308324,0.3409617052211901,0.3529572209365483,0.29791294276125824,0.31867147940083124,0.354736411322667,0.3314710625379634
456,0.32175717,0.31551123,0.3190238,0.28517276,0.27826818107755835,0.34108368886836765,0.29856308935221854,0.24388024621005155,0.29236598773108874,0.2753592001448114,0.2685719741497032,0.3020030274090425
457,0.31253195,0.29991674,0.3122029,0.22685127,0.2420158872094084,0.2768519243462067,0.2849675327276783,0.21144747300589445,0.2228904503600902,0.22750604181870998,0.12715881593873352,0.26451001244167943
458,0.34826553,0.31539142,0.34803137,0.28696296,0.29263846408533245,0.3005505469376608,0.29848322920889847,0.27327510942720185,0.2449568735306058,0.25515326217784273,0.20064471351361518,0.292778804609817
459,0.3643188,0.3510448,0.36104557,0.27734965,0.28407101913120225,0.27491467666041336,0.2998654629500672,0.25705747301178494,0.265307268570968,0.26868296019776305,0.1250580876806287,0.30448892123160964
460,0.39445984,0.40725207,0.36545295,0.36213842,0.42625528949808456,0.4351592206599463,0.4260224164737959,0.4475294666100599,0.3497941564043444,0.35405925197761556,0.3161889307087703,0.3837034800285129
461,0.340876,0.34459442,0.35434183,0.30557892,0.30206550077692584,0.33608481419598435,0.3193931043826638,0.29501030094874064,0.2962281626054378,0.31323777141520387,0.2274487528927994,0.324554873044113
462,0.37786365,0.37045223,0.36262453,0.32545924,0.3650330478802054,0.36857289682939187,0.34583843435509765,0.31489351027998785,0.2790214663295876,0.2985042576318513,0.4330764675418612,0.33222400869862
463,0.3598028,0.34056753,0.3538955,0.28835532,0.26952143930497224,0.33533607315080494,0.26978699177357207,0.24230478202200184,0.2687257739377478,0.2948695005845995,0.08276262578892568,0.30609576287460927
464,0.3006167,0.268112,0.2869673,0.18228552,0.22170971091552696,0.3289513154492559,0.2522115660076562,0.1974079578128045,0.21541256101969516,0.23054475395055757,0.15261277878029295,0.25476003450333085
465,0.5823578,0.5830585,0.56093234,0.80465287,0.675034914605207,0.6979326826064012,0.6674103479331792,0.7832951665802851,0.8714825640363975,0.8686546070585524,0.8722465007784779,0.715257589202258
466,0.41899204,0.39046842,0.3579836,0.23434472,0.3068812709498142,0.3482319484366843,0.3471710286601372,0.2943150643512135,0.26027427741799364,0.2733232199674597,0.40060911992065035,0.32524190594625413
467,0.31818318,0.299395,0.31657737,0.26272112,0.2709554178209334,0.29236230771516425,0.289424540608395,0.2587862420284976,0.2384935445624837,0.26376735993048955,0.24115310658794917,0.2828175429429476
468,0.3800565,0.34482652,0.37607726,0.37880218,0.3173439373595901,0.35371988688408434,0.31681767619352097,0.31460728723423603,0.30690039337646857,0.29634690715538653,0.3398403192787521,0.33712239282396134
469,0.23904252,0.24259016,0.26583606,0.1306858,0.1778883076185306,0.23651952540291798,0.17592279579804568,0.12477756396820631,0.17633823530321363,0.2032871036138284,0.0696150473708558,0.21277604833833733
470,0.5817519,0.60222805,0.5765146,0.8490734,0.7429572589909369,0.7086579541676772,0.7122318484488706,0.8374217588568914,0.8777400447274342,0.8777616992749314,0.9633678185278033,0.7322679082995686
471,0.335178,0.33787066,0.3361737,0.29091388,0.3064883952744465,0.3633065232865288,0.302851901373019,0.28925558943692153,0.23902552320157505,0.2724112282316533,0.2807988355049006,0.300046338080838
472,0.33060583,0.33141595,0.3269825,0.27542752,0.2956773134053914,0.30054980124606384,0.29232817570666936,0.2693452000298519,0.28195523329056216,0.2967023993527379,0.2938798152863287,0.30769940321261813
473,0.27254003,0.27168337,0.28878838,0.15407646,0.19088222017114753,0.2554608383277192,0.22575199753347194,0.14736821732978392,0.17055539562382452,0.17944573121646729,0.05249368801649547,0.22523607989819996
474,0.34021443,0.33084077,0.33531672,0.33687776,0.3307832498192321,0.38945505608551284,0.3652126931747818,0.3925252174236838,0.3621928405585429,0.3465734771775316,0.321701356572328,0.35182205131712735
475,0.40355825,0.3974591,0.40199566,0.44125968,0.47646025663727276,0.4736399119558373,0.42480248578175256,0.45837448563583144,0.39437111002104347,0.3938218903154045,0.6579687505196439,0.4082777327532014
476,0.2857424,0.2715756,0.30855656,0.21587403,0.20613178042180896,0.30124385502312834,0.21975409942817342,0.1610719351809424,0.21685076922209082,0.2534941368755931,0.011476234964952259,0.25752352354593755
477,0.31135377,0.31543317,0.31661907,0.22596455,0.2548959390310766,0.29324691562702077,0.2830176240252248,0.23704430433696405,0.25580772148321224,0.27192999421069003,0.14282074964081742,0.28676777212443694
478,0.32292524,0.34774297,0.3391487,0.33066532,0.4577378131424229,0.4083137529053456,0.3787829276780855,0.42696115794767875,0.3132437619878359,0.3254189260364218,0.5776683694428177,0.35329322750212067
479,0.31730235,0.30752692,0.32516712,0.24728985,0.23726094445140586,0.258747691249055,0.25398704746318146,0.21636507450979087,0.23737614007090668,0.25769589431262896,0.060589805443031275,0.272603404320895
480,0.31538835,0.31837258,0.32448515,0.24819903,0.29740731560515304,0.31805965487802146,0.2920313731516039,0.2599478612759566,0.2618568077094018,0.2780154212229105,0.33230081556538166,0.2964057471601146
481,0.60753787,0.589538,0.56725234,0.7461077,0.671689336126829,0.6322457943221222,0.6762823956380577,0.7536065195657612,0.666856288772894,0.6088233117034274,0.799216857372252,0.6237585724095788
482,0.25421062,0.25763217,0.29987174,0.20205846,0.2423564358745971,0.2814019483565734,0.23670470014252185,0.18889240543536595,0.1936905858650723,0.2222975388312701,0.07104224992324448,0.2405145944223684
483,0.6076916,0.62183106,0.5874709,0.8762824,0.7481743303564707,0.7328525162655107,0.7325996885161787,0.8399530193354453,0.8805409632024361,0.8674038845457426,0.9666327412241567,0.7414988028616813
484,0.3094807,0.32167858,0.31230077,0.2458603,0.2593536523187666,0.3511623343347451,0.2655425049875699,0.2169785369991469,0.23454778450277333,0.23178098488098714,0.13893633952004839,0.27136572184267715
485,0.29818517,0.28883785,0.31095594,0.23083058,0.24569855784753586,0.2389470742406914,0.2607112292485512,0.2281964484807517,0.23503337129918345,0.24112500189171787,0.18203423680683187,0.2672613489336356
486,0.3902711,0.38300532,0.37950176,0.39506522,0.39250744182149144,0.42609968177199053,0.36905321282051073,0.37403981682262655,0.3472384908331936,0.3629548765592327,0.3814484240806523,0.37172829068194124
487,0.36877602,0.38188925,0.38169116,0.39072856,0.3600826286835659,0.3413535531749897,0.34892037183631286,0.3476889711869994,0.38342423422613114,0.3928467238647874,0.26578102287628125,0.37900408857561324
488,0.35858053,0.3572833,0.3662446,0.31282315,0.31895182719385784,0.4035644079659374,0.3367958301091307,0.31014263347642496,0.31239916033968174,0.3306712848197487,0.3135234811636861,0.33985441501614555
489,0.36228734,0.34132236,0.3503529,0.26936802,0.3188216330665905,0.35031442275843067,0.3211209991776041,0.32238258892440164,0.2633993448098434,0.2398966058982166,0.165028305894249,0.30740932268251764
490,0.286198,0.28469232,0.29801828,0.20900309,0.26440589011271987,0.3082612498020497,0.24374954195346926,0.22161217129535435,0.20784162274544044,0.22883482041209433,0.2067132219519893,0.2587936362890111
491,0.2991558,0.29609242,0.3059624,0.20123526,0.23106888235473835,0.22865000012469797,0.2708976418984167,0.22300227490515817,0.22822097462252927,0.26110941238678154,0.09432699300123375,0.26426458900070904
492,0.21694806,0.22737078,0.25226498,0.10507659,0.1554049870216468,0.14212131754088803,0.14986229783682714,0.10634599459786684,0.14597462538984005,0.15617496332832423,0.02821908091753402,0.18228592614658207
493,0.35894278,0.36094603,0.35081476,0.35738662,0.3630975147790966,0.4310660049455848,0.3387425402738301,0.36463119708620817,0.342343431119985,0.3095373023683162,0.39405941773116043,0.3499369294634326
494,0.28767228,0.27759254,0.29465732,0.20832495,0.24269158528918933,0.25416035836444933,0.26495111565529034,0.23554478297744663,0.22564013695231006,0.2419000101364047,0.16900488947472808,0.25874111835600977
495,0.51442564,0.5452508,0.5341179,0.7966012,0.6957091071532726,0.6749291382425635,0.6525752031605963,0.764556110527253,0.8153117632752167,0.8104845338892581,0.8997919051400011,0.6727460002562893
496,0.2821721,0.305883,0.3137463,0.19151057,0.24679421911653673,0.2661539285040996,0.24746180471643964,0.22365375930590145,0.19957995706123943,0.2269259029915763,0.17281983621923241,0.2548276090994969
497,0.28879356,0.28332838,0.29451466,0.16191769,0.22677780022771507,0.2473713892276102,0.2625450948356628,0.1959493683327059,0.2114094857637146,0.255793148748463,0.10691909465433531,0.2586998503990316
498,0.3266042,0.31843776,0.3287298,0.27538687,0.30229911067739845,0.2865165688755887,0.2937033621727194,0.26564363553564174,0.2637698654288211,0.2794057598369191,0.24676452486373557,0.29676928038283784
499,0.43916067,0.5102467,0.42409158,0.5367559,0.5545212786370766,0.5653292916586604,0.5275409355458694,0.606544998178463,0.6859980060173896,0.5919530455244677,0.7673833366492511,0.5478129300445689
500,0.525344,0.5683726,0.5566777,0.7899949,0.6109193060594602,0.6469436159616158,0.6007463536948013,0.6728376856141274,0.776930984685489,0.7859734766100358,0.6715170957998817,0.6599697833134502
501,0.6184813,0.63923806,0.59532094,0.89621574,0.76992399522054,0.758591978725869,0.7445178995618822,0.8751055802096653,0.8978573928305217,0.9027146266915306,0.9933232702648113,0.7547515205463621
502,0.35443443,0.34091792,0.33518824,0.25517762,0.28169077288612343,0.33068350387055434,0.29035796742195297,0.27258235047824353,0.271307843029085,0.2884442352764071,0.2913487494031736,0.3072133782826656
503,0.30309606,0.29374278,0.30827683,0.2019362,0.24305813834091977,0.30266311248581246,0.27586184164599314,0.2343585323347793,0.2587416657611437,0.2638663981444022,0.16466968887166153,0.27850366687833616
504,0.331425,0.33960143,0.3517622,0.2796082,0.3185731678772471,0.3207836724125884,0.3018426803343859,0.26577073972642673,0.2656703091634891,0.3057931281876707,0.25207660923026276,0.3107749325017465
505,0.32726637,0.33207765,0.3344285,0.28638154,0.30260912493454895,0.34097684847588117,0.3132926776564868,0.2801336630824338,0.311079921556533,0.3295500028426926,0.1914429486651028,0.3230407000395691
506,0.417698,0.37576044,0.39374313,0.39646396,0.3950259890133646,0.4290834634689009,0.42284866893308265,0.3876497014117178,0.34701884331870225,0.38713990715432367,0.3508794103265855,0.38613814936715185
507,0.6040728,0.6044226,0.5779305,0.84685385,0.7343158917685653,0.7580759580650899,0.7089107610339545,0.8271692916559246,0.8959536564574007,0.9032137368336801,0.9803036704136104,0.7409187885448482
508,0.61284965,0.6219386,0.58655953,0.866691,0.7604543426713742,0.7323704924597557,0.7290639347230136,0.8536823593831564,0.8745897390836129,0.8724524323829069,0.9745585276928426,0.7414816473455008
509,0.2847389,0.27788138,0.30191594,0.195769,0.23971003633060092,0.3120546715781975,0.2744539724645832,0.21898692344204118,0.22772842370754445,0.25752018951234745,0.10427701374523472,0.26744459589924896
510,0.29429477,0.27435905,0.29501763,0.19549276,0.1982766308963675,0.2547146949129919,0.22595107354078947,0.1782486400746299,0.20859013121604092,0.21403596469333422,0.03643160611009706,0.24563543610067465
511,0.32489863,0.30701295,0.3303515,0.27574286,0.2456528008298259,0.29413553790031083,0.29189070402697853,0.2518426154507381,0.30342879767913533,0.31268434597502637,0.10990448232644981,0.3131358419927959
512,0.3498404,0.3552336,0.343572,0.31878608,0.33132791190546296,0.3055436337863754,0.3258949921887229,0.31984473244403644,0.2598233947989228,0.2598827265864797,0.2214973571959705,0.308813880847976
513,0.3604761,0.3448585,0.36052942,0.3545282,0.3324099245424597,0.3415078720417767,0.3421777692986297,0.3158283972055801,0.3437449120039502,0.3215754934993392,0.36983786717598977,0.34582036003648103
514,0.34850237,0.3598759,0.36317462,0.36816555,0.3542585365068075,0.355745927599871,0.3286719212505481,0.3515703727098646,0.2823747729798153,0.3086503134178583,0.39220344801659146,0.3280096157624356
515,0.30244786,0.30789655,0.31815603,0.2082148,0.21367603986468464,0.2449863844109555,0.24173841716048922,0.1787925666265084,0.1885290729072462,0.1993360482303891,0.09107148661585965,0.24217543604249228
516,0.3287719,0.33032453,0.3403116,0.30837876,0.3134252667903456,0.34581237633759315,0.3219946974222032,0.30266706299638957,0.25204609590582827,0.23193035492573344,0.27615959308969507,0.2963273461853163
517,0.37884685,0.4608407,0.38347822,0.5044017,0.6273777140246555,0.6008351258036578,0.5397879919022196,0.6705866659299466,0.5647315871820755,0.5596454346442663,0.9230486260435015,0.5039520349292607
518,0.38128835,0.3715148,0.34975505,0.28349444,0.36937793245083816,0.3911272383181659,0.3865731538944293,0.3603807356266976,0.22930278339692078,0.2622165308357923,0.30262516010709806,0.3221950378696277
519,0.5659887,0.5691241,0.54720765,0.7638844,0.6618249495866243,0.6574276008376084,0.6591473275474656,0.7455570310876194,0.8577297999051622,0.8315755568872174,0.8404123719275935,0.691103123493971
520,0.4168889,0.42216998,0.38041395,0.36069602,0.42900946296875364,0.3053839827198258,0.41972371308920825,0.42506663471355177,0.34265907799859896,0.3324141493280647,0.6720885690368421,0.3740567058871341
521,0.35754365,0.32597023,0.31656665,0.25626928,0.28486553619985744,0.31913745631517215,0.3192201503380502,0.2579311800604433,0.2714653799144432,0.29649046144662766,0.3424729043006468,0.31196595218808804
522,0.34667522,0.32648265,0.33470255,0.27376792,0.2893278797396795,0.35360516592402025,0.2920762817974177,0.2435461840769353,0.24918571514701354,0.26448286202629145,0.33685120861370627,0.29649361825656184
523,0.2765984,0.2864877,0.31335932,0.2187511,0.25030515500343525,0.22009008711550182,0.25665344173148485,0.20820567022781677,0.27187654657122085,0.26820490138608577,0.1506525353835962,0.2736213605739915
524,0.3348896,0.3239537,0.31900948,0.21960816,0.252228816040206,0.28339352720109157,0.28420453868075274,0.23109430332228084,0.2606079632702462,0.26948090628089993,0.1807287356752043,0.28779631919326026
525,0.25247622,0.253092,0.2814607,0.1836535,0.2338086557394956,0.2712617583226961,0.2384725610651893,0.18473200746800372,0.21183341727328103,0.26653179869238186,0.1760607785878,0.2472200633252108
526,0.28647685,0.27244642,0.30325383,0.20646842,0.20149948040290017,0.23058138916658466,0.2421739319657957,0.19255184776185813,0.19712170428093978,0.2056819104073006,0.06564367100711252,0.2426906494282907
527,0.32480794,0.3281948,0.32691652,0.2791974,0.2972458459492728,0.3134159358077758,0.32546038916821374,0.29218631598371025,0.3076462313632409,0.31962708038490145,0.21293051100235552,0.317695694444151
528,0.25387117,0.25680572,0.2761398,0.15306817,0.21085891807779028,0.23528825609010875,0.20649738121209396,0.15558957997645187,0.17296976242034356,0.19659518562883121,0.04711390239577852,0.22183036283601773
529,0.5867987,0.6106076,0.5860581,0.87544346,0.756707556658631,0.7195690547450598,0.7123766577420522,0.8521082904466881,0.8914475842296874,0.9060350313402292,0.9549128888139193,0.7420003325326171
530,0.32831663,0.33094567,0.33346516,0.28008613,0.29970612428048615,0.3218652802250076,0.29775910196290634,0.28420021000654494,0.24375946825206252,0.2570018084756054,0.2051485550809201,0.2946248235771015
531,0.5849032,0.5939623,0.55508184,0.81823874,0.7505222991961997,0.7244555494689757,0.7224243775293671,0.839824608546221,0.8540294356385907,0.8478193460041801,0.9669085491200955,0.7204246407200108
532,0.32216805,0.30849797,0.33111233,0.2692741,0.28640989293194474,0.31268204798350635,0.29863305124865414,0.2665395698961411,0.2524334365708267,0.27204661452152223,0.2887901533281195,0.29536473802458674
533,0.30625373,0.29955786,0.31735247,0.22731619,0.24503128885715642,0.2978589586928088,0.27254552608504745,0.23121879958637087,0.22755661918611908,0.26876178025229963,0.10607746777166507,0.27188966525062963
534,0.26951167,0.27955502,0.29321975,0.19893384,0.23574801235325463,0.22148213872196454,0.23800594043155518,0.20189915337189374,0.20922624833154954,0.23846332013715732,0.1367853717512138,0.24707974408797542
535,0.30930814,0.30806682,0.30181852,0.20212524,0.2320345682754435,0.2505220961185987,0.2666352248167552,0.20165132170180594,0.23369219131232732,0.25954984838025513,0.07608235490242285,0.2705577685307301
536,0.5034874,0.5370749,0.52915114,0.7712121,0.6870556368098162,0.6033848340429164,0.648400925946958,0.7681447116908349,0.8257200073786862,0.8153710626242162,0.8676759533116123,0.669223625446948
537,0.29063353,0.28587425,0.3141439,0.21226647,0.266080849548519,0.2742668093863922,0.2528727474100341,0.2145029881749858,0.2605066443914287,0.2609989256917868,0.33318423323443,0.27753712360384564
538,0.2698777,0.266468,0.28174278,0.16040994,0.21234166174130964,0.23602254188645383,0.22449848045254664,0.16527157360342826,0.19227639781456862,0.2184828612121569,0.14398661303074556,0.23593771261425908
539,0.27558166,0.27217072,0.30122435,0.174677,0.23494032321158326,0.22628866265781172,0.2485399415502231,0.20103254082367653,0.2297830499612472,0.24562205592602795,0.08374130760433732,0.25352328514720057
540,0.32008237,0.29887927,0.32404763,0.25935462,0.29791268710560337,0.27984358443554075,0.302797151694464,0.2715245306261054,0.269081456280343,0.25755833103424963,0.1816725588143741,0.29341259132753517
541,0.32042804,0.33848447,0.32989362,0.25806823,0.28588958071991966,0.2578546389499491,0.28138693906738776,0.24251167354566355,0.27281550105216573,0.2761609549227511,0.14218688116697922,0.2922898910825239
542,0.33754414,0.3284896,0.3549864,0.30007622,0.3053909542792426,0.4096959212591897,0.3200367973639208,0.3185920023524235,0.27422674203811603,0.2801538559681066,0.3569127207260835,0.31544270066707336
543,0.27508798,0.2966808,0.3096601,0.20714264,0.2387237202900053,0.25774704877274635,0.23435498847154648,0.2062971574465752,0.19562229582060103,0.2272407439638721,0.16177185373563768,0.24817649712624262
544,0.33614606,0.32573906,0.315731,0.24636567,0.32611568188415485,0.3563439027970627,0.35094574374591614,0.3077231805765548,0.27059021481590045,0.25042367628995715,0.26641169585762087,0.3059610026480324
545,0.62885696,0.6403296,0.5942185,0.8767834,0.7676208360527719,0.7608618107081118,0.7400632616398871,0.8664604094337017,0.8963517839821252,0.8897689705328112,0.9713508052875918,0.7545815050774901
546,0.29339862,0.29501122,0.30901808,0.22416005,0.21062072999943843,0.2715155377409538,0.22375169468648015,0.17732997047498783,0.2044218469229838,0.2269393316150071,0.07099514971076332,0.2512350802662792
547,0.29508322,0.26852816,0.28817362,0.15171781,0.17821184522154634,0.20449243558070812,0.2125516502876998,0.13130619044311237,0.20946709842864072,0.21629459977242194,0.06982031053364339,0.2379059782094873
548,0.22178712,0.23432665,0.26181087,0.12990189,0.19130485372777312,0.1886251523970508,0.1755162459316469,0.13505905621569836,0.14670778465870243,0.15032311450622085,0.09945930307086372,0.19288912584067797
549,0.3340582,0.31783584,0.31814003,0.24444275,0.2818151902068676,0.34295323174451986,0.30283700556363324,0.25114322967231095,0.24284843011368867,0.2687635098764048,0.210208328984135,0.29233725890585394
550,0.34161976,0.33904365,0.35728753,0.32882896,0.31733221837371806,0.3353632639075929,0.30440032737156963,0.30356731550420424,0.2956085643784962,0.2974276624050217,0.28633997562608704,0.3182883087148648
551,0.33673853,0.31063548,0.3116417,0.18221973,0.22573589015434675,0.29769052690072295,0.2729799009215469,0.19815222538144056,0.27020907154367074,0.27557983435312683,0.2059385015385209,0.287873016506858
552,0.29289064,0.29462633,0.30827352,0.20539048,0.26238783300703444,0.28443212686273733,0.2841092776982542,0.24557665484123112,0.24340907366996362,0.27451735364697566,0.21796623563528478,0.28015255442150366
553,0.31820986,0.31762397,0.3340946,0.2748225,0.2705548273513672,0.30032180960906435,0.3280507772865205,0.26350335665442187,0.31529196115963,0.3088236193152155,0.17003737951355494,0.31535149222806924
554,0.32955682,0.34164578,0.34236175,0.3284084,0.29572060907346054,0.2815567365985535,0.3092612356557683,0.28683974165853066,0.29920132521707316,0.2940823474748702,0.23852570564175593,0.314721105748776
555,0.29980522,0.28943765,0.3056063,0.22324152,0.2589538946258729,0.2743469524906061,0.2855697465995691,0.22350248002264322,0.2426578331051223,0.257898102111496,0.18365914833883124,0.27338739990250915
556,0.27694905,0.2652746,0.29662022,0.22414355,0.21189749077958134,0.2603201775431575,0.23840307622307505,0.17846420347269026,0.22062061762578491,0.23925159510427135,0.16083795859154648,0.2513375316115864
557,0.35437492,0.34779686,0.3543442,0.37601954,0.3412029591010169,0.3225787850463746,0.3384425347461536,0.30844629731150314,0.269153763604824,0.3103583340273173,0.31291929790843487,0.3259355489574725
558,0.34281036,0.32013923,0.3345639,0.27736473,0.28758532854751123,0.3223314896232189,0.27710825620759066,0.2443471975835573,0.22049240611672838,0.24661881774785233,0.09919673323588259,0.2834854027374785
559,0.35101193,0.34897837,0.36055085,0.34056273,0.34181252502507536,0.37698373400053026,0.35025985064993664,0.3344259349960284,0.3588162376216143,0.34818782395983416,0.2980845857662654,0.3529574772666843
560,0.29129174,0.29803243,0.3128301,0.19698167,0.21061273292793894,0.23649950670991887,0.2193906646967944,0.1686042455830169,0.21667454028888683,0.21947628963081484,0.10691629134468875,0.24882412675732396
561,0.31996942,0.30304438,0.31269884,0.21211557,0.2379203341903624,0.27963178827232393,0.2856630949626225,0.2361990467216592,0.25553176504038516,0.28950815833281796,0.1077009971766922,0.28612071092925717
562,0.29890472,0.3098802,0.31363255,0.22616449,0.31422468506650425,0.37657331715075026,0.27366186092112754,0.28360977080167,0.21705005508431166,0.2529104162720821,0.3144651381734258,0.27994374171294983
563,0.28978366,0.2836731,0.3064328,0.20270939,0.23300672768692937,0.2421768259233022,0.23707600962863404,0.185066138118429,0.21080369358826587,0.23880999470271752,0.09630179508182438,0.25312708277872253
564,0.6077389,0.6127843,0.57907665,0.84585685,0.7386245240608722,0.712598589616956,0.7303264703940979,0.8294052701021254,0.8778276492306576,0.8680811227267823,0.8843762284286776,0.7333718113470005
565,0.24475202,0.23950441,0.27065286,0.13746198,0.17467551916536328,0.1677012801499708,0.20686986813279282,0.1415378900760592,0.18442392615667466,0.1948179240326527,0.028901972658195763,0.21531095459849986
566,0.32277328,0.30459303,0.32411867,0.25561413,0.25675617069236445,0.3267425366106795,0.263123084153097,0.21437693219615314,0.21599983453849117,0.2565257365887314,0.11089642000742436,0.27149191454026356
567,0.32610217,0.31657776,0.35299104,0.34075707,0.36388924041705106,0.3446856350293958,0.3442649486246949,0.3340199043080255,0.2811210582288112,0.29598615487850527,0.44875755191555006,0.32188945443120404
568,0.32119116,0.3135315,0.31926936,0.21284404,0.3019365909235945,0.3226810191587257,0.28530706167585834,0.2657901072538496,0.24045887993266352,0.2803312250233696,0.22390875973537677,0.28742038165222417
569,0.30861506,0.29869178,0.3066079,0.21549073,0.2351192508302745,0.2950328717171562,0.26480684092495654,0.23166843131339515,0.2254137281764715,0.2525809790098565,0.15139718536030147,0.27086146938804023
570,0.31426567,0.3128742,0.324824,0.25794208,0.256095435890994,0.3017597375729353,0.2801310428556945,0.2342788829688771,0.27210251819095077,0.3026425945502377,0.18857478335684003,0.29727778897007945
571,0.290968,0.29355687,0.298463,0.2330153,0.22580686260676514,0.28583090598224953,0.23863791755120034,0.19379608149963592,0.22810992197649543,0.24208642580230735,0.11612241442279983,0.25693130176791473
572,0.30658442,0.2847399,0.30258435,0.21296442,0.26607016241023923,0.2722863583318459,0.28153379190640204,0.2535391128980239,0.2409675018846622,0.2651101924914289,0.16636672962321927,0.27578754489507007
573,0.33713803,0.32537037,0.3314146,0.26266375,0.2846921540141724,0.31571428880131575,0.3059416849344664,0.27391465274975,0.2573578002908006,0.3057459937927968,0.1153943303772846,0.3018887096302711
574,0.27436036,0.26545352,0.29030535,0.1752897,0.20146210602699846,0.21595279011436624,0.24191695572872987,0.18299486585253083,0.191124551103203,0.23099731657736303,0.03301993974779087,0.2385662802357158
575,0.38739485,0.37288016,0.36218828,0.32066482,0.3434603142314946,0.39353169999134463,0.36713014281506184,0.32611932991028614,0.29465572902253395,0.31172843465144695,0.318691951575306,0.34163101552724096
576,0.26597896,0.2574426,0.28264043,0.16503167,0.2208117174368387,0.2278010306027669,0.22571198302899037,0.1894233499466865,0.2105596689211699,0.2400423449199498,0.11963413974218104,0.24227855958743608
577,0.32490787,0.31983137,0.33917418,0.2896903,0.24851693440214437,0.2933380220995331,0.2960788501038717,0.24915489848091768,0.25717102344735965,0.2988871504491243,0.11709249307319178,0.3005545299370721
578,0.266193,0.26806626,0.28173885,0.19913821,0.22349269806464048,0.24370461781201497,0.23057925014834052,0.19221406738269584,0.2318876594531451,0.27042885739153355,0.1617251636851423,0.2567503445650544
579,0.33944988,0.31122398,0.32338744,0.20779812,0.22718418204356666,0.26857284779324997,0.2747281026151661,0.19640627348686546,0.2773543136223752,0.26615748729736965,0.09820270908573447,0.28612045533327124
580,0.36071914,0.35918802,0.34416074,0.33475962,0.3116195150662147,0.37722879072218884,0.3467540279707581,0.33884298279193714,0.34869512094079147,0.33498695192142847,0.20564275200078677,0.34786386394204805
581,0.31155556,0.3159227,0.3352283,0.31027073,0.27784249231889807,0.31747111965173025,0.28070055443844233,0.251284826204016,0.3036658775263292,0.3170443714740941,0.29338604673263813,0.3133180818697404
582,0.27588382,0.2516597,0.29257378,0.17787258,0.22588834416857018,0.2715814335210197,0.23481935449395502,0.18401453826288128,0.1939282359534356,0.22349615474224702,0.4487835489609117,0.24486789968632178
583,0.36189422,0.3633996,0.35647818,0.35154894,0.37873084308492333,0.3555235195361079,0.3503749353623022,0.3512118417349165,0.283632691837913,0.2924626983007233,0.3571541149286508,0.3316646781660766
584,0.61918503,0.6260399,0.5892677,0.85377246,0.7433799738652772,0.7661554239870292,0.7308536133055109,0.8370969856417949,0.8869006116313909,0.8680609188649351,0.9497838619364132,0.7447622193682484
585,0.32986045,0.33659822,0.34649828,0.29730126,0.3470432020841451,0.32194746593134693,0.3804168738367903,0.37070067738985607,0.2950899262852717,0.30957212633521847,0.34773447078640185,0.3266684496633532
586,0.27123347,0.2854205,0.2912094,0.18398532,0.2318034247403821,0.2066567851347914,0.22511010636444442,0.19362165058939323,0.1982337457456802,0.22657107853144964,0.14124243076073123,0.23974831708863364
587,0.34961873,0.35766807,0.37673867,0.34187588,0.3282483268070976,0.3629324159022997,0.3370950268801124,0.2958267285871502,0.3211202810834431,0.3373419838304718,0.27303843967252234,0.34044690459391896
588,0.3641578,0.3551894,0.37512904,0.398746,0.36094504247376735,0.3613202339637865,0.34637011254129346,0.35500560023883654,0.3011914677817972,0.358201373169302,0.3892997139296107,0.3487754604338683
589,0.41422778,0.42031354,0.38752392,0.40687966,0.4896890887854527,0.5058519034743802,0.46289003293387143,0.4883727950364551,0.3423355787000103,0.3759003765824923,0.46656223929015084,0.40303080176822564
590,0.3879731,0.37703568,0.38381496,0.41070136,0.311420839306645,0.37768097102617876,0.3347922284532024,0.3166073312987622,0.35550291984186366,0.3600218725091068,0.2356072999883551,0.3647534221641928
591,0.27194872,0.2687128,0.28805044,0.21293986,0.2292284321816518,0.21789399434857804,0.24496462112300127,0.2104174979735292,0.21454284920956299,0.2401511688529451,0.1065405928866328,0.2502748869424456
592,0.5539175,0.57165366,0.537709,0.71997225,0.677115746395686,0.637561805582145,0.6378142654706472,0.7438503670308153,0.7191268853480287,0.635751216520285,0.7791848450659333,0.628952533826159
593,0.5880312,0.5955675,0.56892514,0.7915487,0.6315633466210699,0.7090398436138603,0.6586436490711918,0.6585142037229167,0.874539907056144,0.8503316225311972,0.5811685040321721,0.7023683347326071
594,0.44444147,0.45843416,0.4274931,0.540882,0.4234380547699475,0.4215736439122356,0.319494312171875,0.4178999277551937,0.3398613799067513,0.3774114501483446,0.5372274677974687,0.3981763770723021
595,0.33447093,0.3272337,0.3305988,0.24255045,0.307349523381267,0.2888798878532799,0.315986385877694,0.2963249703652884,0.2840706826201476,0.3079731852120237,0.3555199680043072,0.31043262098913005
596,0.57565343,0.5770086,0.54467154,0.79337794,0.6238336716650703,0.6408052252654582,0.650444993498751,0.714827023334219,0.7625303836539415,0.6674793989566756,0.7825535187631354,0.6416215978860612
597,0.5769132,0.5796172,0.55518717,0.7782687,0.6792779870917212,0.7032005324925825,0.6655175485586902,0.7715163161198109,0.8747457204753648,0.8685749274874963,0.9005191659802698,0.7111970745211197
598,0.604287,0.6000329,0.56532687,0.8227787,0.6970716294596331,0.7156808938459915,0.6934715320961943,0.7947660652418321,0.8884142428730588,0.8748610326538053,0.9121384470346168,0.7250873573059138
599,0.30940908,0.28854257,0.30573136,0.17357035,0.2304404358061288,0.2804918566824074,0.2701238260318105,0.21478207976679858,0.25139107310501707,0.27619189977081715,0.14125388118823343,0.27672691290823004
600,0.32587895,0.315785,0.3322801,0.26861033,0.29520113513844903,0.29430083684039954,0.291519046168197,0.2866948296876374,0.25919254502413885,0.2714339696866765,0.23372176660601157,0.2935346826184472
601,0.35557917,0.32560325,0.35502085,0.25046358,0.2249384770267126,0.3652697903667869,0.25797487617840853,0.20536628350137526,0.25569703754749445,0.2760490265510783,0.0690556355056827,0.29611071801743577
602,0.2734385,0.2680162,0.29089662,0.16681334,0.20121243281069429,0.21729902421949737,0.22666012525958776,0.1706615994255684,0.18485672885451038,0.20124566937900074,0.03924913276713905,0.2307500626584734
603,0.25482014,0.2553593,0.27541617,0.18349615,0.25224804532010364,0.23747599048423934,0.21352023756879754,0.19788381079508727,0.1828701176172002,0.21792089824309419,0.2494311877434968,0.2329142923688281
604,0.42062488,0.46576077,0.4252871,0.5173327,0.5704315237057844,0.6092445891981619,0.5460716225763367,0.5990707784607123,0.6588511274330092,0.5738748325596073,0.7244285566582652,0.5380062051371779
605,0.5993903,0.61920947,0.56024516,0.7998576,0.7431781632931735,0.7209075436548549,0.7028700351403241,0.8362519475648066,0.8139794415860475,0.7091425140354726,0.9525162409794167,0.6895058988717462
606,0.31437457,0.310789,0.33092076,0.25357187,0.22259945826325583,0.3029039204952328,0.24239962883509114,0.18375377602148074,0.17248093626488017,0.22314012627531393,0.03712352589769433,0.25310610351917145
607,0.22471805,0.25483137,0.2631309,0.14123043,0.20950343145443115,0.21405720758613667,0.2029163169884825,0.1842787809167374,0.13283533382064652,0.1876304177649589,0.11353572419199776,0.20247257157701976
608,0.6336094,0.6593026,0.5959554,0.8599514,0.7638492180918693,0.73202392571949,0.7517437585894163,0.8668794938637315,0.8829401488461501,0.860235927424203,0.9555575559879654,0.7493591108945324
609,0.3022855,0.29499394,0.3042294,0.2221354,0.2581939639105331,0.3140440093669661,0.27929729459149094,0.23021193448829408,0.23010078508907048,0.2738248885553249,0.17720798629319806,0.2766235074561548
610,0.3199094,0.30882993,0.30680996,0.19883744,0.23708886684610012,0.25132606689006687,0.25871410015789775,0.2139646561253894,0.22165823169127585,0.24831525634109308,0.14877227602988477,0.26443525579975724
611,0.33073115,0.33017203,0.3417059,0.3055071,0.34028618111303316,0.29087615226610664,0.34027959859268997,0.3616139022063787,0.30216918316013774,0.29387449323612,0.22683917288244487,0.3204129838856119
612,0.41251174,0.4021408,0.42045975,0.44057155,0.41946075832055485,0.3866617437078267,0.417645535245846,0.39589602944116975,0.38686897078824156,0.37606841265916297,0.4685576196271768,0.402565838273921
613,0.5814438,0.5940146,0.56044805,0.8108656,0.7067762750782699,0.7057069945547058,0.6876860470626756,0.7920625537063811,0.7751456448313789,0.7548515077183775,0.894016051919125,0.6777535748104213
614,0.3100716,0.30803657,0.32928264,0.24976547,0.24161625015799282,0.27745875569020134,0.26867121280969697,0.22137927418127723,0.2545403977953701,0.25299997270310304,0.16814582025268027,0.28390363282386966
615,0.3575322,0.36204496,0.34621122,0.2998781,0.3877903585650248,0.36566595970256566,0.3946079318732242,0.3770447729195181,0.3339415457741888,0.3377748798705032,0.5070293972503735,0.3546515408026758
616,0.23807187,0.2428155,0.27756932,0.14059806,0.1691690954117067,0.24273057726184147,0.19607745178315694,0.13664790985443312,0.15613966828800613,0.19862910658830607,0.01707456928451808,0.21205874828519483
617,0.34011397,0.34063396,0.34693563,0.346376,0.3757727680383934,0.39108026060236034,0.3489192438611647,0.3360572605615463,0.3246811385911458,0.33851766622137036,0.484766601690248,0.35113316332592776
618,0.3324677,0.32248253,0.3311316,0.2692589,0.26497024833098337,0.27484677445675965,0.297910780404249,0.2475858041929106,0.26000189521321104,0.2692118050996576,0.16260259174349723,0.29397797026694944
619,0.3320398,0.35170966,0.3527311,0.27803487,0.3590543611184758,0.300246708719773,0.29854629076467576,0.28947359105270565,0.3204637004165421,0.31969586753701695,0.3542513438336171,0.3292585312725512
620,0.6002527,0.6119241,0.5769037,0.8271731,0.74142879354659,0.6895895481267338,0.6875827844584115,0.8174752169848688,0.7997702638390136,0.7688783566224183,0.9423580930250353,0.6943575926951893
621,0.45620817,0.4705999,0.42366877,0.3825021,0.46298358231075587,0.4736984226251515,0.4069608611034693,0.4458388448221761,0.371179085210242,0.3150474996409104,0.772288540295966,0.4016439211400292
622,0.27848497,0.28569373,0.30806345,0.2027559,0.23205924928779872,0.30238681008991386,0.2529154802455215,0.19604478021955876,0.25077769338856903,0.2432978550146192,0.07248672551387934,0.26662874488625266
623,0.37081325,0.34344646,0.3565296,0.32715374,0.3648825796678138,0.37830325115984326,0.36996148805027484,0.3501293898334596,0.3425774531302396,0.3535583641897283,0.5172856731806068,0.3568701969833953
624,0.29977137,0.31714043,0.32445055,0.1995364,0.2523407596074478,0.2798007454986419,0.2631669534778211,0.23566261783755243,0.26338113934679475,0.2806694673935235,0.07353529173869483,0.28796362545557264
625,0.58179975,0.5923892,0.55303067,0.80391204,0.6985172656801087,0.6370984838178988,0.6825090377493458,0.7683844369011398,0.7890462787136905,0.745095115414551,0.9493777686183661,0.6707310611588782
626,0.33761442,0.33835465,0.3306234,0.28389597,0.2951070218422599,0.3105236003496127,0.3263742891951639,0.32118236893560864,0.3096054168921519,0.303327305707638,0.25260989704740233,0.32187960132463667
627,0.32006058,0.3103756,0.32309374,0.27616698,0.2733750279402798,0.24124459293580727,0.26296228136241495,0.2533774856230273,0.26476924982960803,0.29919821646553013,0.2050726783039869,0.28933828075836854
628,0.25637537,0.23959632,0.2846599,0.18738516,0.2116615325558758,0.25604619025277575,0.21495396096411162,0.1592589091682271,0.14756791257687707,0.17523173706321846,0.12946354832911194,0.21962384711230304
629,0.59094965,0.6010465,0.5813477,0.8828763,0.7590681494788236,0.7841823451637862,0.7324202017237936,0.8582434444023042,0.8804937922903608,0.8917038072261041,0.9899853222546575,0.7399261884506318
630,0.3441986,0.34774485,0.34837544,0.2957494,0.32978880691093543,0.3721471413527495,0.3283705270964066,0.32505355099846805,0.3135419565189091,0.32220274439286234,0.49349855697013156,0.33566795993131915
631,0.30301476,0.302449,0.3212556,0.1842399,0.23949231391008166,0.30810309222278287,0.2580065841720479,0.20245138887451467,0.2041993489139727,0.22111544186362347,0.11325073705609853,0.2607940323031818
632,0.38680467,0.37503573,0.3767344,0.37006977,0.40011547972631334,0.3873631738977124,0.34410159034753207,0.377812187798393,0.3836110148101827,0.3350271625520428,0.5054775892249613,0.3643506388028853
633,0.32676214,0.32338533,0.34423757,0.28537837,0.30657641662315777,0.26878421580607453,0.30454236503054705,0.28153226630953104,0.2788417937234038,0.2945718973189072,0.30129291281108167,0.3053514614277249
634,0.35062796,0.3302146,0.3500731,0.3414442,0.2894069686476179,0.34913914915906624,0.3567105606742203,0.32980345045513215,0.3375122369022559,0.31851460078536886,0.2232253257297326,0.3402234154849733
635,0.29606366,0.30290747,0.31816193,0.2090723,0.2728432621959227,0.2868128721098545,0.2670139688214021,0.23615542302653764,0.22548886606332724,0.24112116286543492,0.21981545061999172,0.26972176532837155
636,0.34148154,0.32211134,0.35401267,0.30996457,0.2703851104546757,0.3302120305998287,0.29262294730852295,0.2758164565895591,0.2555128497556697,0.26542687655982705,0.14041324820607687,0.3004320062755898
637,0.58445776,0.61428726,0.5809373,0.86789286,0.7567574302340424,0.7275917838613627,0.7194643554106023,0.8572464243692096,0.8845254545724925,0.8814128176070429,0.9730685485218002,0.736340973064463
638,0.34512258,0.31108278,0.3270116,0.26512447,0.2549641909929693,0.32540195309262837,0.27978526953307803,0.21019678037290063,0.2645007364060122,0.298119482052125,0.17146257341625923,0.2966922728046783
639,0.24313834,0.26406893,0.2855118,0.13703918,0.19383332466698544,0.21570247334892695,0.2167831812650693,0.15341488764277927,0.19736669887017633,0.22316621544587897,0.10521922976235407,0.22981025248289516
640,0.27532023,0.26908436,0.29523167,0.1710413,0.20738251473036723,0.202164936711275,0.24140865314410603,0.17784914964766435,0.18307324948124068,0.1960297308137059,0.09501925072161846,0.2318882357847624
641,0.3510304,0.35688585,0.34329113,0.27856192,0.3024275956974381,0.32502755490858865,0.3579499695335752,0.3127724019504897,0.3046001348324611,0.2968614195029514,0.21029678337315572,0.3245683829865393
642,0.31245247,0.30376083,0.3171704,0.27409646,0.28962815745641396,0.33798676288340374,0.287296339128505,0.26997556267702344,0.2489654219840803,0.2647513035684127,0.12466554113500875,0.28769738029960135
643,0.5815469,0.57121813,0.5680478,0.8351628,0.7103956615255911,0.7300338754811977,0.6698498174819042,0.7888799729645384,0.8677556632153015,0.8619131388768075,0.9565744709974247,0.7135500959092573
644,0.2972034,0.30409282,0.31310657,0.19306219,0.21721890480607317,0.2359517388326411,0.25113205510503944,0.1817294790096551,0.21758951535055532,0.26128156790356183,0.05363111054837015,0.2622592904786331
645,0.6254081,0.62602305,0.5900195,0.8575367,0.753326999567092,0.746888145215628,0.7379408509093496,0.8568016957600365,0.8832383278161988,0.8612964971234162,0.9635374567533745,0.7438890282509435
646,0.29517898,0.30054492,0.3161717,0.2580952,0.271660961166853,0.3082792000809637,0.2711619120952728,0.24797851064057527,0.27477802925496636,0.2840782296770665,0.14977050807895503,0.2906460024110158
647,0.5712948,0.5996477,0.5783626,0.8788527,0.7283753949669659,0.7654285479654348,0.6511065695681673,0.8099720723540305,0.7676236772790415,0.8200932304741295,0.8918663276338397,0.6893642609609413
648,0.3829937,0.36506605,0.36835623,0.33741692,0.3169621308235905,0.338491965289329,0.3492400200350061,0.32633162871012783,0.30319379936749563,0.31033137772867925,0.295630353170912,0.3360481529269884
649,0.60877305,0.63128203,0.5877571,0.86972827,0.7608373286151041,0.7577565637960391,0.7416185776754959,0.862634052957645,0.8692594061212369,0.8755666897908032,0.9640610972151243,0.7415208605957757
650,0.30115923,0.3072183,0.31154075,0.20610562,0.23280068664783976,0.323273261546999,0.2605340418130779,0.21475744677841338,0.1959229922304023,0.24686052131728625,0.08167470387568185,0.2627940667842152
651,0.33968934,0.3219718,0.32646233,0.24882105,0.24031665816421124,0.35559321520888804,0.2922396791630142,0.22766097136912,0.2445853893785664,0.2496381195220061,0.2956925796932166,0.2930211730957027
652,0.2852203,0.28966218,0.30009732,0.20222545,0.23522643515005082,0.24437807659325358,0.27339507637753735,0.20773164528819307,0.25820965570993615,0.2645578373980981,0.11626677623011523,0.2709189795983818
653,0.34439012,0.33265084,0.3243107,0.26301545,0.31436836247793953,0.37801285316547567,0.3216375041333416,0.28884302226064407,0.258634270292893,0.28641716198975986,0.263425041159777,0.3079340258910395
654,0.33553022,0.3253681,0.3325222,0.2369653,0.2787161271738238,0.32834956473215876,0.30677804512094176,0.26481663578568704,0.3169664724580979,0.31680674991739594,0.1376734511450681,0.31973054934758866
655,0.25818935,0.26028964,0.2921734,0.20326307,0.21530733496172863,0.29760022979240164,0.21908023061324755,0.182443479877216,0.20502729558469673,0.2455266405649202,0.0649259966949767,0.24561776529521265
656,0.5829092,0.58321834,0.5635705,0.83798283,0.7339525906468017,0.7628223119001809,0.7139655711708064,0.8374052014673236,0.8308905976312884,0.8447529958169728,0.9567157486515556,0.714391057404118
657,0.38478,0.36624223,0.36669186,0.351539,0.40833862429984735,0.3477587362584786,0.3567995643233358,0.3827875544856648,0.3661254524512376,0.3525113734129944,0.5548205187698156,0.37038616836583316
658,0.29676205,0.32953867,0.3003357,0.22175829,0.28369684089391517,0.36687332609562,0.30451355602236196,0.2678962409308246,0.2479506018985121,0.2590500704108338,0.21031330698333023,0.2864177529797688
659,0.2796623,0.29870108,0.31076878,0.21856804,0.2538475863261497,0.2653456613882435,0.2523163170096052,0.21353564719530152,0.21499889518552248,0.23635994390734524,0.10036679527172872,0.25812658075569195
660,0.3580184,0.3374773,0.3486114,0.3256019,0.3418717388435399,0.37149679990684925,0.33207809388246545,0.367850538530084,0.2942425788286637,0.3249063829764015,0.36196016000252407,0.3339413521015382
661,0.3226744,0.3111816,0.3213551,0.202901,0.24399779740127192,0.2881017314876153,0.25837331793426627,0.22390299279601114,0.2490866475287325,0.2476313223647031,0.09750771941981728,0.27574416110512756
662,0.24261348,0.24682379,0.27102643,0.14054815,0.19021195904768667,0.18769017983419273,0.19773112707092397,0.14645735289936104,0.1695389958478237,0.19117300192157896,0.0370796108255787,0.21196514878422384
663,0.3127944,0.31188825,0.31299675,0.17264822,0.21952599228680997,0.21654753503587884,0.2428307986615097,0.18477639472961976,0.21762846649857348,0.2557305751634431,0.061913182390724665,0.2589237831874842
664,0.3831364,0.37428555,0.36990607,0.35436234,0.3851655390159797,0.4228478242076683,0.359108693383965,0.3402049825916909,0.29130622447208376,0.3094885371294509,0.37700835872498945,0.3441984975182881
665,0.34343332,0.354513,0.34993386,0.29395396,0.29211630484914713,0.3263204661164899,0.31721159270424276,0.28380271557817877,0.3218937217115029,0.34389698429685245,0.17274936463854623,0.3339599625021242
666,0.35112795,0.34061843,0.3442636,0.27117857,0.30195265711713126,0.35138525839186474,0.3085921582383218,0.2884485662046695,0.26947743338699587,0.28132093932658153,0.2988699408559773,0.30883125615832524
667,0.3268612,0.32754773,0.3382677,0.22389042,0.24885106163813742,0.30343940610411246,0.2925023799021427,0.23099097207195154,0.26218717446912737,0.2601352783057668,0.12144815714105586,0.29086509634511665
668,0.6418592,0.6569197,0.5869233,0.75329196,0.7328668019480971,0.690271162600065,0.7095856449345472,0.8127581154399401,0.7453095208238301,0.6946665236404519,0.9169528749304838,0.6796191223051662
669,0.30601555,0.3189712,0.32044995,0.24461214,0.2797805647715822,0.33980387440289517,0.2988745871463057,0.2603944786203404,0.2625108813977396,0.26775822065010246,0.4322664425548409,0.2942152438711124
670,0.60108364,0.6218818,0.595849,0.8877096,0.7630278765582013,0.7405971412867817,0.7371797842083939,0.8642664023360949,0.8946836632112548,0.9064006292017235,0.9774556122932248,0.7524927464650625
671,0.5852813,0.6138147,0.5798769,0.8697217,0.7552135909818815,0.7329253924315275,0.7307468794210256,0.8471517538609538,0.8763653631120473,0.8713097691273953,0.9611784196164356,0.7342170406982471
672,0.35110253,0.35791057,0.3701953,0.42073685,0.4628443236900205,0.47061576066794186,0.3772573173715926,0.4632191134294518,0.2891073521332171,0.34065025766184087,0.31526061645782105,0.3552458486678681
673,0.293459,0.27956516,0.29527634,0.17862579,0.22418341770717434,0.2871721464029934,0.2502783815023415,0.1972207929547275,0.21858129312231603,0.2494460039703899,0.16015462480256842,0.257842591756413
674,0.3219103,0.34142622,0.31687537,0.22485478,0.3102334728760666,0.3569880743010537,0.2943606393505251,0.2660863674425388,0.19572713172175496,0.24121809233122912,0.20251756969583257,0.2743323160533781
675,0.55506456,0.5722293,0.53650564,0.75971437,0.7033218045137347,0.681464330884604,0.6583242172939395,0.7734287035035589,0.7552461563926313,0.6986550010375191,0.8949912073757483,0.6488273161682951
676,0.33211252,0.34348583,0.33188924,0.27832866,0.3663669547498466,0.3371084475953772,0.3408964586481784,0.31459990876487826,0.27296726981311764,0.28623776447549315,0.45644800374849587,0.3152331478211261
677,0.28140193,0.28009284,0.29755217,0.21746655,0.2770806854695289,0.36143805964302345,0.3022896224892464,0.2351723142760552,0.2278237097504106,0.2257471831791687,0.11851603650430668,0.266657864755368
678,0.34289545,0.33009747,0.33253208,0.26349849,0.2743559692964472,0.3460445088115865,0.3367955387302037,0.2920630286285003,0.31733881080306797,0.3333369102211279,0.18949846567202422,0.32808268858963935
679,0.336,0.3381457,0.34858984,0.2992862,0.3014808360520039,0.32122683281758097,0.3032685121370534,0.26999432921316513,0.2622113127214551,0.27606339122433393,0.10011532015186168,0.3023620496085683
680,0.2971361,0.2986054,0.30509302,0.19935766,0.25653133120605404,0.2762079989857672,0.2746871600868367,0.23323014220443072,0.2555892728788226,0.28277601763711757,0.1666066049011925,0.2792560221432539
681,0.5331005,0.551263,0.5162722,0.74790543,0.6513088612797681,0.6713646566887388,0.6450485501957641,0.7215331152584997,0.7304371454885498,0.6883492777414223,0.9022466386941133,0.633318932893547
682,0.25424236,0.24738753,0.2881199,0.17633039,0.22001289445174121,0.3259408142065,0.2555543756994957,0.18892370573162276,0.21606221199954354,0.25940063818071807,0.08007605456301561,0.25697403416739445
683,0.555916,0.56865114,0.54127884,0.77574104,0.6628922221851605,0.6683215449530772,0.6481544879108517,0.7213578436475351,0.7806789123306203,0.7168856339860867,0.8464902955897887,0.6497301075371189
684,0.3258936,0.3070897,0.31630975,0.2060014,0.2295458619426917,0.23725211932774184,0.26333180478993257,0.22857569257525584,0.2873127936481418,0.2764513651677869,0.09071460292332979,0.28790987959336595
685,0.59846944,0.5965146,0.5605236,0.79186904,0.6544374814332183,0.6951000346261595,0.6754209589931417,0.7325123744707661,0.8507677119732021,0.8390384384771268,0.8073670985450121,0.70547616311566
686,0.34606725,0.3551462,0.33584434,0.26448154,0.29168645372631297,0.3571328523615145,0.28824837412924487,0.2572464534750423,0.24288607775745027,0.2625868913417263,0.23568164436365185,0.2998487233317683
687,0.2672302,0.28011253,0.28398532,0.17665175,0.27761762362146636,0.31838670896386223,0.24630916682722398,0.22598705332662372,0.2103084379417946,0.21843017506588294,0.1947998190289399,0.251389248506408
688,0.28171086,0.28296596,0.30049977,0.2310847,0.28429726229147967,0.3044322565613134,0.2730054057240837,0.23913011925988306,0.22407001531812654,0.23138614331014162,0.22168919840133974,0.2682586938427647
689,0.34140792,0.31646857,0.33768284,0.3164935,0.25974159526914364,0.29263878245927344,0.31540701283009576,0.26372186295430744,0.2832933311888968,0.2758356146537177,0.19282957389109315,0.30708949243239686
690,0.42788258,0.48891583,0.4330379,0.57286525,0.6114386334130029,0.6153327250609506,0.4981052689805813,0.5868089246350899,0.5721927998168959,0.5120788876533884,0.8288842114672772,0.5108147631322579
691,0.3063981,0.29818878,0.3072297,0.18993881,0.2328663988624994,0.26319309532433943,0.26110787285163395,0.21375709221277486,0.22709572755648408,0.24097590012841508,0.1024695523713854,0.26390074557707777
692,0.35327792,0.33451444,0.33963513,0.27795875,0.28026732773521024,0.3363464930955181,0.3161942918123627,0.2746356040550936,0.2754798814575861,0.28999525489424005,0.20229297333594856,0.3094098017926833
693,0.3479098,0.3433783,0.34127513,0.28450742,0.3856116980009746,0.39613899612769077,0.35354140027205117,0.36654247741495993,0.2539661261850806,0.28113263193372584,0.39851805484232705,0.3161663069907057
694,0.27913398,0.27584276,0.2874334,0.18106602,0.27172505587301166,0.29070007698383094,0.28946368065404054,0.22181819087368337,0.2462627321234346,0.25941530669710644,0.15707678278807496,0.26888813515867593
695,0.3689436,0.37649292,0.37352678,0.41493934,0.4196088778728425,0.44970779387364557,0.398530042541725,0.392472838206929,0.3982114563179926,0.4117987248674388,0.6737746953577964,0.39920728532324057
696,0.63876545,0.6434161,0.6026061,0.88856065,0.7668082304731483,0.7771265519408443,0.7496742739909478,0.8748286500619498,0.9031812415341456,0.9050769703238055,0.9682924591908005,0.7625462958024597
697,0.30258238,0.2761034,0.30588406,0.20778432,0.22185286475772176,0.28505714060199044,0.23333605486313275,0.16843437850128753,0.15261623066472416,0.20116584309222732,0.04598780242191205,0.23407106026381083
698,0.34804782,0.3329571,0.362886,0.31830764,0.27806356287573447,0.2756407893972903,0.3108352910412463,0.27325380725914833,0.29395775878174785,0.31554922272337693,0.11853527151319235,0.3226701728324456
699,0.29593474,0.2935787,0.29870996,0.16805527,0.21846167093718472,0.2307028859978931,0.24321955814371715,0.18390443988320815,0.197217875223583,0.22286182961873288,0.1060735026173039,0.24457716952427738
700,0.3727674,0.36976153,0.35634953,0.29190093,0.35062287394267544,0.40295621653623126,0.34080157028112745,0.3196524594881917,0.32828272691977584,0.34749344574351193,0.401029480889901,0.34989376831464153
701,0.2694798,0.27291638,0.28608125,0.17627619,0.2287050802151153,0.2771363389776065,0.250800252970221,0.23179812927097224,0.19399274524120264,0.1999467280412265,0.14150904959142932,0.23953356712089832
702,0.60765994,0.6091908,0.56735116,0.8048638,0.694135090073187,0.7278497817271841,0.6963818317410465,0.7934242752487957,0.8568118584219896,0.8369183628420979,0.8147736430021334,0.7151879372045207
703,0.34725186,0.33882192,0.36029243,0.3396235,0.30735379880019104,0.25888189308001464,0.3097927380812612,0.27000633756751813,0.25616610276273477,0.28262583389217066,0.27959597188078256,0.3058909421623736
704,0.35868588,0.35197145,0.36340165,0.3616735,0.33745215978628645,0.3402814148839973,0.3616627971317507,0.3694454488529415,0.3680464876260678,0.37295729713056114,0.3377543026976365,0.36214645264381734
705,0.57635367,0.5665487,0.54201114,0.7459019,0.7235297988536077,0.6887250202222382,0.6669185236119393,0.7966981174358172,0.7669784125833743,0.7123826139324392,0.9057273144080806,0.6630057387125956
706,0.56910884,0.5981318,0.57356346,0.86452997,0.7448508101989666,0.69767533407331,0.7081069623916456,0.837459034457613,0.8689444929394263,0.8617239816255526,0.9594502919468015,0.7245839451835728
707,0.34614772,0.33216104,0.3435146,0.2861836,0.2525555361149123,0.2803165073147789,0.27767207336091637,0.23145026661529639,0.2537863813781372,0.27529891923534855,0.10748653031842745,0.292451090789676
708,0.5541853,0.58017033,0.56179535,0.83640623,0.7375162264520407,0.7291413010443527,0.7063095982219442,0.8271341296017976,0.8491877580445454,0.8464949245850081,0.9709000019779916,0.7092260449734064
709,0.5771396,0.59641725,0.56972843,0.85314673,0.7359416154972225,0.7105081840822729,0.7018795832830678,0.8271482878517343,0.8515270464041234,0.8442294785719493,0.9753972316065525,0.7160680130227978
710,0.402699,0.38880628,0.37601992,0.290817,0.3055154627340476,0.2759307599166775,0.3409600682048362,0.3116111044118434,0.26125938141432525,0.26427021315251753,0.3188858780892991,0.32152704622771067
711,0.22905204,0.22571595,0.26767024,0.1393683,0.18206264629639948,0.21739718087452015,0.21553153315116097,0.1491053244332975,0.17403459224273377,0.19954700267783307,0.04926782642014802,0.21290358377223675
712,0.58977854,0.587773,0.5585528,0.80065936,0.7112075840746603,0.7268880805578196,0.6990514044123948,0.8086663572243509,0.8749470247377669,0.8462524689362938,0.8680182887176174,0.7161244007465453
713,0.2964043,0.27533144,0.2919167,0.22490744,0.22482121438912364,0.22378201670842146,0.23915017488629697,0.20469474242387978,0.24981611412776608,0.2511870398433141,0.0615699172991782,0.26293913236404426
714,0.35165656,0.3338202,0.3390666,0.28243145,0.28295138676239334,0.33350762776372855,0.3136849354571533,0.27776101033381895,0.2898240000742201,0.28899482445669816,0.20059121985318423,0.31120468324449047
715,0.3166508,0.31417763,0.31953663,0.25084633,0.2770980053234922,0.24516214308224216,0.27994019018827565,0.258024213161541,0.24951499541359873,0.2572704535663646,0.3227507725137832,0.28105312017658907
716,0.294056,0.28658122,0.29890704,0.19443767,0.23825994589082264,0.2233182056143807,0.26746932843189725,0.21272624189150294,0.23995118592963233,0.24622144675822502,0.15936864835096104,0.2667332457140782
717,0.3374927,0.3308897,0.34277567,0.2941812,0.35141859825154176,0.34025576895186554,0.3148600581506682,0.31255005665860636,0.26329823635027605,0.3139171103824253,0.31546215238022185,0.3164236283305483
718,0.3006691,0.2889193,0.3223073,0.24317737,0.26235861291359586,0.3059119768669879,0.25450305179027416,0.21603056686072897,0.2533494431215449,0.2911184324927639,0.19643627238798853,0.2838568378891068
719,0.30051178,0.29512462,0.32329854,0.268302,0.23592987550321226,0.23900769282957274,0.2583664937529998,0.2404506372556144,0.24202649505618715,0.25969018814364675,0.14465420950250069,0.27590634033233635
720,0.30230027,0.2906,0.30380532,0.21510549,0.24346757726374713,0.2245572673951502,0.258674697839968,0.2329063711613492,0.23249694817791014,0.2509181702667619,0.11951222146546876,0.2681118620312318
721,0.32523465,0.3210502,0.33541447,0.25836393,0.2826160888155533,0.32786348514373187,0.3036694148156338,0.26066140064572196,0.25368641415759524,0.2700558556014443,0.13774616721179203,0.2941003677766006
722,0.5424174,0.5782061,0.5704052,0.8625196,0.706797991047327,0.7137142380707469,0.6759350866036862,0.8059449895501896,0.8647275105146154,0.8698921917265856,0.9238653583595694,0.7132600000857268
723,0.6217704,0.6445899,0.5954742,0.87370145,0.7622930685907897,0.7017192777695799,0.7212347348500575,0.8608489182980177,0.8909448100455603,0.8882007292610605,0.9729745464674899,0.7489501386025601
724,0.27983,0.29826868,0.30047268,0.20963255,0.2907466994188083,0.32833269077427485,0.2660246500731314,0.24668943330490026,0.22591620310785535,0.2622435636623771,0.30197467666895816,0.26876352566917683
725,0.23637888,0.23538709,0.27757317,0.15304726,0.18407383984744427,0.23966697372872653,0.18720088286417153,0.13383405121371966,0.14460099192365722,0.1764440163159416,0.022677766365890396,0.2006108347166688
726,0.31899896,0.30483383,0.32375917,0.23177376,0.24731186357669493,0.2823006712861537,0.26716361758543644,0.20713757541894867,0.2444152368565052,0.2545725011276109,0.18783866317442205,0.2774548726846656
727,0.3019551,0.31636113,0.3168325,0.25321633,0.3019203235705898,0.30047336797774715,0.2784234179875777,0.2541992217880299,0.26037332073113784,0.26884984626155195,0.29388500272566975,0.2895519339279545
728,0.2579051,0.25910988,0.27708966,0.14636436,0.20418620116934,0.22289779398874593,0.211333830135885,0.17284693867123885,0.18362657790186532,0.20811685415746067,0.05059474331023175,0.2272427984950617
729,0.38389894,0.37835926,0.36307767,0.35223946,0.36441733451858027,0.40935012582508845,0.3621486581312404,0.3846096924831658,0.40250264405586894,0.4445153599915764,0.2930368819367005,0.39184293988399926
730,0.57703817,0.58351505,0.57363075,0.7833698,0.6942006904377388,0.6834363017851344,0.6679984570538775,0.744080140972813,0.7849936393044525,0.8130588586025096,0.6988460219278423,0.6868750790737265
731,0.3149795,0.30880266,0.31515652,0.23667316,0.2526817757048823,0.27683150419093516,0.2600652219952896,0.22507723091703374,0.25422304602759294,0.266342193081613,0.1889248671406437,0.28135528737313836
732,0.58925354,0.60076666,0.553615,0.7799381,0.6876980840750183,0.6931401072039922,0.6665084752937532,0.7521035869174229,0.7657842725564843,0.732545657993316,0.8703651801746186,0.6678243275394745
733,0.30484188,0.3270763,0.31696796,0.25491172,0.32677327556314256,0.289618806475331,0.29631794213539286,0.2777978120724178,0.2882037020720329,0.2959568230241593,0.2838726465546031,0.30476532849879456
734,0.5897188,0.6054739,0.5865758,0.8616845,0.7124000929085608,0.6999940925978778,0.7057356699447752,0.8148552823361588,0.8722454968454849,0.864289847637407,0.9316934433597149,0.7256245076135819
735,0.36313063,0.36698484,0.370061,0.4019482,0.4210259359943379,0.4044298690833658,0.38686999995219146,0.412425172784213,0.3490342494198714,0.35462264296549256,0.46540393303796285,0.37146201278180085
736,0.59084064,0.6060977,0.5747915,0.8556191,0.7240566220562737,0.7503088375259379,0.6795762690985453,0.8036993681101059,0.8718029660331709,0.867531106450883,0.9384011962669929,0.7222386010793764
737,0.30359286,0.31244192,0.31407762,0.25190812,0.2923998997246651,0.2851737705750679,0.29165701264565597,0.28094244832133475,0.2533975434570565,0.26761479649707987,0.2848369712356818,0.2862952948323606
738,0.33157614,0.33619156,0.3264262,0.26269692,0.2614142945010993,0.3090305408152533,0.27873381289453736,0.24799109644049153,0.277363374688715,0.27380702480198144,0.2734988121785009,0.2975570931101724
739,0.35174215,0.34856504,0.35006294,0.30681008,0.3255641473643327,0.32805473620880105,0.31565534603506584,0.31241923932169097,0.30456824782199166,0.3044083600989933,0.2711221611786104,0.32627838540226806
740,0.6156562,0.63604486,0.5949272,0.8762482,0.7602503729258109,0.7604404566997822,0.7327820703278651,0.8637018489061734,0.8916756546014538,0.8842713073860597,0.9735959322269689,0.7506211406698129
741,0.2493784,0.24829812,0.27681637,0.16590329,0.1881053293147068,0.21236914924914868,0.19420757619874623,0.14841961251949282,0.16846594242569962,0.19810302003039942,0.028027832788516005,0.215977340017555
742,0.38256878,0.34924835,0.36294356,0.34575891,0.36982980090123185,0.4164404037669621,0.3564377788557779,0.34346753252027196,0.3477012433622767,0.3672812049048001,0.3425298452083047,0.3650173866367597
743,0.39115062,0.39109638,0.36179125,0.28969565,0.35628627435170246,0.33037503270679947,0.37213898576160176,0.3407776496262315,0.28595645174212814,0.2929002535092637,0.48978780269272243,0.3371456573327554
744,0.34717745,0.33404285,0.33486548,0.26824075,0.3269998700214036,0.4339516271610222,0.3338252055136013,0.32262350728520917,0.26958983594580915,0.30519920252440025,0.3148062583007813,0.32264729582392276
745,0.29061395,0.30875564,0.32279292,0.246358,0.3040954681151845,0.386117351528648,0.2775628036381234,0.27570038752085607,0.23004542564055752,0.23959896198355626,0.19601338764597234,0.2808084463869527
746,0.3286351,0.33003807,0.3387753,0.31194603,0.3075894445826151,0.3096614368166357,0.3001758904712667,0.2924768515135423,0.27989049736843874,0.2766339025379563,0.2699569929284752,0.30688439658013994
747,0.29808292,0.28321034,0.3061507,0.21864507,0.23091549837544748,0.25325935732489413,0.25132164232623316,0.20213827971253187,0.23952554827516653,0.22217083708552882,0.11863811213310557,0.25945937119535656
748,0.36876625,0.35742182,0.35927516,0.37240154,0.32591967783075315,0.30562089967227213,0.3324929694535723,0.32857363873180917,0.34959062280432496,0.35256031975960855,0.4491520328337085,0.35190909273929255
749,0.31860524,0.31780988,0.32315594,0.22672851,0.2779312647583351,0.3535645913101414,0.28037657159044066,0.25253089800585504,0.2805914495100761,0.3433581775213441,0.3939850812800535,0.3133125118360233
750,0.27327514,0.26082554,0.28516144,0.18296246,0.2266077531878407,0.23902809417545595,0.24007276664499982,0.18564666128327167,0.20194852075581476,0.21990115879753214,0.09144812921210807,0.24318180411042634
751,0.367174,0.35760793,0.35115188,0.3218133,0.32506107580411747,0.38657764819050555,0.3669635069427607,0.3573447293307324,0.3471972049070924,0.3338408266642035,0.2747132214408045,0.3492307386138082
752,0.3528939,0.33791062,0.337154,0.3098128,0.3400853631407728,0.3788861643058061,0.36511624077375493,0.3326642620035341,0.3112570711282381,0.345700539963356,0.4545812764235072,0.3358330711881957
753,0.3476013,0.3448941,0.3585864,0.28099495,0.3155039903825429,0.362586375661074,0.3041317740971354,0.2887798312126003,0.2862180321666322,0.31291836979251675,0.21748204194576362,0.32062298807565714
754,0.33022103,0.3230728,0.33054727,0.2689735,0.2790208012848502,0.30053110287350515,0.2927196895433974,0.2586107693145495,0.25098743578255694,0.28179375345666474,0.19043093990882845,0.29429905695609887
755,0.36644974,0.38025716,0.373632,0.37951595,0.35883414297578337,0.40463059868216006,0.36355331697159543,0.34835120714341494,0.3739576835671931,0.3850955605868718,0.39219516795974496,0.373723540374657
756,0.3018436,0.28776878,0.29642767,0.19467413,0.2192103751215006,0.25833467411084676,0.26612657588094907,0.21133463671792105,0.22947431835195306,0.24180200029334697,0.03932724265110733,0.2610382357604546
757,0.48324847,0.4706131,0.45987043,0.5882131,0.6035523804411451,0.5166440761027955,0.578382903490567,0.6602561272199725,0.6404840703875379,0.6068565686771701,0.5516917941138015,0.5578768733765443
758,0.30732024,0.30508518,0.30988535,0.19842243,0.25603434161646355,0.27357686350685145,0.27067941420777475,0.22003670753721022,0.22803244377052959,0.2621361258152986,0.13697967740177655,0.2719825283570933
759,0.5801317,0.6045397,0.55301505,0.7625582,0.6442401748969181,0.697570822319686,0.66869959480484,0.7337614904796934,0.7242062690088833,0.6444474182604664,0.7747418916748019,0.6392517946642272
760,0.32150993,0.30959767,0.31087965,0.22504607,0.22901610523770302,0.30858469888990714,0.24861691113769444,0.19058118914470432,0.2665529253356599,0.29975844476934227,0.08822274346484676,0.2887058162858083
761,0.3870083,0.38217786,0.36793622,0.37703326,0.45030138234292316,0.4495000048766574,0.3965534470339903,0.408834098907349,0.3725332670627415,0.3538805599556677,0.4886460787114263,0.38419031464018216
762,0.33989304,0.35271865,0.34706503,0.29076293,0.336521848657899,0.37502611895682003,0.3501086924178282,0.3296751672661492,0.32245954377092334,0.32596467662353174,0.43473233128122796,0.3372780190080234
763,0.32538384,0.3028925,0.32090393,0.17258146,0.23828753530992727,0.2801601303828085,0.2745714773607312,0.2031146905723244,0.23049186881138128,0.24462807889099034,0.08385413165733788,0.27057783598716745
764,0.34438843,0.3455852,0.34906918,0.29719275,0.2798076808033504,0.3258486637120799,0.29354569546755765,0.2826253788330862,0.2764360156551866,0.2979623642221967,0.1875736249240138,0.31111876688503914
765,0.31893817,0.3038531,0.33001846,0.22887185,0.24807634396666622,0.25762647821083473,0.25795712615403177,0.20752955422631997,0.20902885438795565,0.2537694981083157,0.08552944308491535,0.2675607083568575
766,0.3316186,0.3246622,0.31378257,0.19831386,0.25191701820376267,0.2638947884266858,0.26889543025091667,0.22515110866511648,0.2273316920570208,0.2553181941514314,0.1524346984890977,0.2758683193203841
767,0.39111528,0.3786395,0.3681268,0.29636186,0.3450810422503593,0.38836835180648194,0.3554630857232658,0.3130272265759325,0.2645426399153711,0.2794300249089853,0.25212270682055965,0.331095306838696
768,0.31100202,0.31300464,0.33006567,0.25827125,0.24162834070516995,0.26124716038808526,0.26053747994217213,0.2216037675417762,0.2210871113857203,0.25044485754283474,0.11218184869659753,0.27116831688708565
769,0.44972163,0.5135748,0.43172526,0.5589035,0.6466293058509579,0.661336802135157,0.5962707151565335,0.6943135961269705,0.6216337451448655,0.6127436121829205,0.9152406892534504,0.5583474713651342
770,0.30164304,0.30084825,0.31108934,0.23291118,0.25975532799259454,0.26836270388650313,0.28189752723946926,0.24267475830703109,0.253464318829559,0.25320139895881455,0.17498711559804345,0.2794855308476515
771,0.59153503,0.6030023,0.57746565,0.8551818,0.7269297302660436,0.7154157386533968,0.7140381305903313,0.834724548357625,0.8691341466799756,0.8520601226242277,0.9161667174301794,0.7253643478893663
772,0.32252628,0.3204871,0.3452046,0.27561718,0.3056243454384563,0.3224246844883979,0.2964390496478546,0.274698628257714,0.26240016653164383,0.2745608381363893,0.2512638508939181,0.30193640941870054
773,0.34325165,0.3393475,0.34014195,0.26653785,0.2787976827460169,0.2953849421443434,0.3067095350956289,0.2724075405043306,0.28567055114384476,0.2998448489721185,0.21220631097618375,0.30999840038760584
774,0.62776023,0.6248239,0.5974742,0.8466781,0.7497435887916055,0.7323416406839673,0.7391970999680112,0.852339240423148,0.8423356466132905,0.8475202529859656,0.9393631337516674,0.7342827589117175
775,0.30000016,0.28783098,0.2970845,0.21863644,0.25584678772983843,0.23634264039201147,0.260273209452794,0.23001180905993515,0.25563467749192403,0.266639004419586,0.22924059116605058,0.2759524531099021
776,0.29854363,0.28392667,0.30051565,0.20676768,0.24397745235578544,0.26765524512570577,0.2956501577023331,0.23787412865508184,0.26974509974593186,0.3004374154739356,0.10545698291914984,0.2871735931994219
777,0.25635737,0.25531274,0.27788773,0.15727976,0.19694461630916033,0.19871964094190758,0.19900185933191297,0.15138227359511153,0.18278558977916295,0.21092006275424993,0.060865016677668346,0.2215081311891563
778,0.6204169,0.6315166,0.5919334,0.8857955,0.7597254447833823,0.7708522206608112,0.7363311646172127,0.8632769018021612,0.8856287473194877,0.8726862366714521,0.97893241129046,0.7484068071349965
779,0.23594956,0.22517784,0.26984364,0.13815472,0.15774092537321457,0.21505766138599403,0.17917883584782196,0.09595922687125773,0.1497295346117879,0.18928693501170896,0.019474135327767463,0.20061559560481063
780,0.3073921,0.29596335,0.30757278,0.2551746,0.25676194679418074,0.27632568388828826,0.2796131726175952,0.23974861379678963,0.2591124235316319,0.2727623689123277,0.14418279980139598,0.2820911814023298
781,0.45545635,0.49916562,0.4262906,0.56394935,0.6580750917388871,0.629694237303483,0.5720673631694008,0.7012474052544547,0.7441743107016517,0.6195272524120103,0.9558382672420228,0.5843866186897377
782,0.34084243,0.32782367,0.33590502,0.28347692,0.28518864884879147,0.3278807418038366,0.33859498161796064,0.3108906375908972,0.3436169418070746,0.3485048849264537,0.1130509464061411,0.3373392485546713
783,0.32639876,0.3116005,0.33198476,0.23719582,0.23181963297190383,0.2900771490083609,0.2471598854963259,0.2183976001276487,0.2593638166117387,0.26824746951488326,0.13814065129655428,0.2816922399576468
784,0.33817372,0.3151551,0.336229,0.2880142,0.3245506411731137,0.3747908864969295,0.32804946948773084,0.30132831747908245,0.2771324764155493,0.31877751043403857,0.23338718055324117,0.31674863195421166
785,0.59525263,0.592472,0.55776155,0.7757044,0.7218828366611227,0.7013035029856204,0.6918933235772999,0.8037494083876412,0.7602316737640541,0.6732875712370707,0.8822804153325882,0.665186431817387
786,0.33003718,0.31636497,0.33541018,0.28124946,0.27610406988778713,0.32165736914804527,0.3061016505299785,0.2856474805448113,0.2986472518933603,0.2806827013480926,0.19072194835261827,0.30840996742589255
787,0.35793358,0.35444766,0.34874392,0.2809082,0.3183487093696281,0.29133559682867505,0.3248926563611268,0.3024536152858463,0.2842686088003929,0.27983383970695225,0.21870634994087118,0.3159095345493813
788,0.24067572,0.23996437,0.27198735,0.11912899,0.18736768685742738,0.29599109014288133,0.19150461516690878,0.12910543091144042,0.1459605414262939,0.1839622403223701,0.019244953001806155,0.20535749171265327
789,0.33515993,0.32757705,0.3377312,0.25148806,0.2485726023187035,0.29265281286634837,0.2790303034901397,0.22425954140223206,0.2367170617537245,0.27403752911727924,0.11582444033334385,0.2862079226810062
790,0.33613577,0.3199737,0.3228063,0.2483531,0.28725976110670287,0.2975971199405471,0.2816848560068114,0.2587363612511341,0.23557124270697863,0.24852194390517016,0.1992439675130718,0.28519886423079194
791,0.34045428,0.34676632,0.34001663,0.3005591,0.32225102077807727,0.36822414247785756,0.31986223092794364,0.3180053388873306,0.29640888826353173,0.29981075959933556,0.22507827771563854,0.3171915650310734
792,0.37600276,0.42675337,0.38039964,0.42901215,0.5643470276987612,0.5661099536214945,0.42850435789082636,0.5104851894316297,0.4806942248213743,0.4007149462821197,0.7300968720666059,0.43726236664977003
793,0.3435357,0.33982602,0.3320117,0.27744678,0.29437747846400675,0.3773887851695588,0.2904563672476209,0.2954803215904647,0.26754244177688025,0.282574775704292,0.26745063170898253,0.3049648444795056
794,0.28615695,0.26613277,0.29154313,0.16319449,0.23596452998686304,0.27572198511458845,0.2762635576410215,0.21995625278350764,0.23387364015082562,0.2670455073659938,0.12216833058827685,0.264096044013722
795,0.27935806,0.2716451,0.28994864,0.18683961,0.21052037394152562,0.21907057861785165,0.24670021539022646,0.19039300337983053,0.21310872264009123,0.23727662185608125,0.10417693250193076,0.24743742527457308
796,0.3708077,0.3566484,0.36058098,0.35079738,0.3729624027662747,0.34254875094769843,0.3560656458490166,0.3625471850446293,0.35658080055799546,0.356902024106755,0.48944483560532986,0.3640664582985843
797,0.6564206,0.65227926,0.6031839,0.8475459,0.7507407505838449,0.7423873118877296,0.7392388882381568,0.8480855981136853,0.8804673445577527,0.857101764818388,0.9547400623076994,0.7492372389839715
798,0.39627558,0.39552376,0.36081117,0.36310282,0.3972074446268438,0.44060419155741554,0.3799343781023033,0.38846356922486985,0.4093681808820415,0.41822771869618186,0.5133067108025277,0.4004346286551401
799,0.60649824,0.60938907,0.58611876,0.8769922,0.7543329721875479,0.7537666976975403,0.7316498796601494,0.8511572096338706,0.8987180489515018,0.8933801722815659,0.9950032827378376,0.7485647793536029
800,0.5887061,0.60285413,0.58011216,0.85267293,0.6835657853053669,0.6854867025101411,0.692784379073616,0.7769111592444908,0.8781958588362324,0.8756503581476401,0.8282500331491264,0.722112813502696
801,0.31505677,0.31430507,0.3091553,0.21998596,0.25239887900473634,0.27798642448286925,0.2500647700271766,0.22030674286584886,0.2180380573845712,0.24063989868974991,0.24401152526229913,0.265282048126101
802,0.30897224,0.28980595,0.31786638,0.27524394,0.28530946424841824,0.29431548083966275,0.3131505568448981,0.29401601140125483,0.33072107751291957,0.33108983701406797,0.2433420665990082,0.3203915634817937
803,0.54876363,0.56261945,0.5369533,0.754388,0.6569689240694385,0.6572554410824335,0.6476363513748866,0.7429479196500823,0.8244719515156532,0.8159033813725671,0.8256040957716826,0.6792296791137917
804,0.3459702,0.33014387,0.35925996,0.35679805,0.3260133251190518,0.36651429708591127,0.3538636635386837,0.33781564923667584,0.35161675601770215,0.34789875567407025,0.2489601117769738,0.3532774131618619
805,0.2570235,0.26007625,0.2984063,0.2371345,0.2222123169729187,0.31667270468866804,0.24400473305346554,0.1847445906531047,0.22371293518390772,0.2523639348613679,0.08118313143300693,0.256901254755343
806,0.3545607,0.37099805,0.3698738,0.3833963,0.3325139725950842,0.32992682047255284,0.3449494463481904,0.3156061888000734,0.2994580899176889,0.3013954717629781,0.20347533463015507,0.33275777492724584
807,0.347599,0.31685275,0.32199603,0.24593401,0.2740951705552148,0.35414493588888396,0.29989158522415715,0.24863469683037023,0.26628120826498775,0.2945307696766187,0.3442675404677807,0.3068823528841248
808,0.5643442,0.591802,0.5724309,0.8594764,0.7493640948259999,0.7465503483927367,0.7043987308617744,0.8404034553038553,0.8441782950665992,0.8401307944189739,0.9621924900435841,0.7147883168459993
809,0.55240357,0.57296866,0.54468703,0.7932272,0.5934906492153255,0.6116681042574431,0.6004272190987617,0.6700141094311285,0.7664732673065534,0.6963356412100458,0.7678390769998596,0.6388785339628127
810,0.5891866,0.6041088,0.5799546,0.85517657,0.7251654889486961,0.7030449239745787,0.7049908693637051,0.8141835462295299,0.8849719208304707,0.8742884143409804,0.9240370136399196,0.7307298503668407
811,0.61596006,0.6040574,0.58351004,0.85635746,0.6768975158406563,0.7026504475233472,0.665455064224717,0.7630874604528802,0.8884624648505206,0.8914498407033692,0.9483782698775306,0.7281794739244991
812,0.5374208,0.55356324,0.53747755,0.76390356,0.6978269645526547,0.6720218569902922,0.673834374067744,0.7699128702111453,0.7558493960780173,0.7273952471830287,0.7726026187690903,0.6519736177733039
813,0.6411172,0.62987906,0.5916434,0.86914825,0.747519054221662,0.7816532668507225,0.7481480433491715,0.8435544382380573,0.8973758421543586,0.8651014446853521,0.9347351821531218,0.7511124875478672
814,0.26396376,0.25328058,0.2836824,0.17184298,0.19350246289604667,0.23035663304614826,0.2194438222220101,0.17023440333367096,0.20053908053990005,0.21302813848597157,0.12932349298483622,0.23200764171533167
815,0.31644085,0.3115186,0.31111887,0.23512486,0.25110075999191617,0.274076387471348,0.2774216347787317,0.22479918057591225,0.228360303779803,0.25007543640916235,0.2115491020443525,0.27149944274771176
816,0.5886942,0.60185796,0.5783169,0.8656454,0.7463060287664287,0.7189896582253119,0.7199079514510005,0.8463859379973282,0.8827854103652838,0.8728527846030694,0.9530575087088866,0.7341721914298869
817,0.27412698,0.26358458,0.29103172,0.16802399,0.21936743180654555,0.24081428673177516,0.21621719728663907,0.18199373419999643,0.19945844177502892,0.22207020300996275,0.11446172224855536,0.23828660287433873
818,0.5584163,0.5683073,0.5422523,0.73895156,0.679996000006554,0.6669785419718355,0.6616481696034141,0.760249991067125,0.7309435463071754,0.6477936763356898,0.8726439588939024,0.6370840764880361
819,0.34627536,0.3354408,0.34308317,0.29825386,0.3458726971147425,0.38862501336306793,0.33185343186692867,0.3429065197417297,0.31161115462166084,0.3093002621397302,0.4022874161864004,0.33144400644516325
820,0.57069284,0.5861123,0.5407797,0.74642664,0.6884266385546902,0.7063213430482619,0.6632494803993965,0.7667309925877562,0.7370098575122472,0.6706715376581595,0.9263364607607546,0.6448988854749669
821,0.349042,0.31080288,0.35037488,0.27403802,0.2255218879719874,0.2871101971601342,0.26682194773530776,0.20787462185751354,0.21865059230989434,0.2970393881451857,0.058279947199560735,0.2886990452183193
822,0.3570215,0.36203322,0.35762182,0.32305837,0.32695658569036345,0.3411654709503442,0.32779797629753626,0.2900949181347946,0.2759516355536865,0.29317103359880353,0.32518584535957323,0.3216836020031072
823,0.6133326,0.6227923,0.5644499,0.7881808,0.6833809997573981,0.6911879597610595,0.6644782748641098,0.728791658403447,0.7864499339944817,0.7075083028530514,0.8901402690178115,0.6708373696458064
824,0.38935274,0.35465282,0.3546673,0.33629185,0.3035475331041296,0.4134107801196919,0.3272597191516097,0.3128125442684987,0.2946418368034328,0.3136831696813012,0.31948938466619997,0.3383568121028385
825,0.3967686,0.39482048,0.3691059,0.29293507,0.3653603547034779,0.3618944354812802,0.39052113675238065,0.36065382585409755,0.3270090121744545,0.35122246932168777,0.516902786481592,0.3663119063661737
826,0.3051103,0.30177274,0.30719757,0.177042,0.22284466097475225,0.205547274029448,0.23809065133706692,0.18562494645602712,0.21105327282569625,0.24317617201344563,0.04380666145190666,0.25519214316859257
827,0.27824855,0.2692088,0.28538173,0.15885626,0.1997993891279371,0.2094931477387251,0.23512947498421152,0.1740482914147679,0.23089068390707634,0.2544697724655466,0.03732590506305267,0.25042934777630876
828,0.33422014,0.313984,0.3281842,0.23028429,0.263061469810992,0.27097387920767035,0.3016054608347749,0.24798224139987654,0.23881622969104557,0.27102681236504605,0.14823312960301196,0.28759825976414105
829,0.2579364,0.26551694,0.28301865,0.13935284,0.20084954481770478,0.24707853639726954,0.21553157396469533,0.16267429597365105,0.1797080165938605,0.19731488517013332,0.13119050228084786,0.22445299069862484
830,0.26336628,0.25346947,0.27227125,0.14712885,0.20602835612303289,0.23676655036301186,0.23296667411418812,0.1664992691292496,0.208321519865129,0.2445699958454405,0.05426174124918913,0.23995361689829814
831,0.28051212,0.2853226,0.3041323,0.20552072,0.2908757910618921,0.2955120648942876,0.2865830829188088,0.269115048678181,0.19310912183546397,0.22204999828505861,0.22346955371848615,0.2574031231856368
832,0.57655674,0.58161396,0.54618126,0.76248425,0.6780296130449168,0.6905143350011803,0.6569813511081442,0.7439906593853196,0.7256765136898665,0.6694686594546428,0.932833434273358,0.6449650428655598
833,0.3409742,0.3367726,0.3532979,0.3507581,0.41724410541265267,0.39520101158324783,0.3824326335198925,0.33664112083887654,0.28974593898088213,0.2859853011916717,0.5207545231418249,0.33310776489508764
834,0.4009799,0.36581278,0.3953796,0.40207487,0.369407778841848,0.36929137471459217,0.39974328132408843,0.3922285664835153,0.4024637384369454,0.3648503290711712,0.3897157151597026,0.39008759686051686
835,0.36591384,0.34095746,0.34964418,0.3098017,0.310039033390966,0.4013698821350761,0.32808481826880564,0.26208089183948946,0.3151518465572776,0.32197151985350725,0.31854470391773376,0.3348023553469859
836,0.38028944,0.39220232,0.38198993,0.40412992,0.4243563695605698,0.4612432917934802,0.42783958293230506,0.42455791937655807,0.35795147431444185,0.32758693852938137,0.649704249968243,0.3822387414496579
837,0.3769384,0.35781026,0.36218166,0.31301096,0.3445157205800543,0.39692886605831246,0.3684948518653723,0.3403181178681261,0.3202772387397614,0.3426235300598039,0.43292395712218257,0.35140572535622694
838,0.2924816,0.29788002,0.32402748,0.22642784,0.23795547424175298,0.2908509236887601,0.28140572518638207,0.23164419044189874,0.23948324691707681,0.27879245937417835,0.07701982136670618,0.2807691520915062
839,0.31467515,0.31811574,0.3235085,0.27350038,0.3201070705312734,0.2729978800036391,0.29326400606345837,0.251591509390702,0.282519357735651,0.29245564379770456,0.3647927806184582,0.2994880457014484
840,0.3696649,0.3527197,0.35813394,0.33860257,0.3763805659303517,0.33955132350301315,0.34968965759066084,0.34567285715031243,0.3390967729371377,0.3326320876345194,0.5014426251555071,0.35232764873136185
841,0.33993846,0.32611516,0.363151,0.24779527,0.24316735892859417,0.3199856348357032,0.27139014440698206,0.22465568089349847,0.1669451809130512,0.2151525935214737,0.07962489351604338,0.2637862858058472
842,0.27204603,0.2671768,0.28235132,0.1643209,0.20331247584373982,0.34591302327185636,0.22329530246718807,0.1510506598489704,0.15717115099737106,0.1868803852885891,0.010459907632446242,0.2241279498939675
843,0.57767075,0.60455,0.57434636,0.8601597,0.7334365212251284,0.6931028845008715,0.7142491147070372,0.8296032878695814,0.8547337224359908,0.8519551667234841,0.9376121297709794,0.7180631217887558
844,0.3922199,0.39176458,0.37143713,0.39045352,0.334146592911446,0.3723227861273145,0.3457208777157602,0.332593763829813,0.3510738768071472,0.36500411078536965,0.27687572532201477,0.36476877215881004
845,0.44890657,0.39951843,0.42415667,0.46879643,0.4547332086374343,0.47375852785762235,0.44881019357573537,0.4738400766257633,0.4136571206510767,0.46227313327234754,0.6662221015581152,0.4400382442985148
846,0.32161453,0.31004548,0.3241256,0.21835276,0.3070578719094944,0.3589262913113141,0.3157132366489157,0.3175220786114255,0.19490498461094113,0.22610651037198082,0.3333883934989219,0.27901668001745983
847,0.5916455,0.6022556,0.5656827,0.7918091,0.7058781485143384,0.6993258906734489,0.6755447870962243,0.7805468684811163,0.7488436260012505,0.6617624832032591,0.9225096614040831,0.6591240396628233
848,0.30895513,0.31689355,0.32177168,0.2539948,0.3012004849770348,0.33261405149006806,0.28446044523547004,0.2824098644691408,0.24296764201264476,0.2635694648496634,0.29800028638216636,0.28823688315295576
849,0.29224044,0.25997195,0.28974164,0.16365024,0.20253687260089986,0.26741660506860526,0.24667010579733034,0.17698344137438687,0.23122107639709027,0.24707004033343066,0.07273092817094134,0.2562388024781848
850,0.32421276,0.32988688,0.32786655,0.30385542,0.27706353480433654,0.36582215696675113,0.2793478512597033,0.22764471477277057,0.23469853101167876,0.2612434367652023,0.24241024778447934,0.2863875239362209
851,0.30963165,0.29617813,0.3148602,0.23769231,0.2966193433787031,0.3088918563955499,0.31283215820945004,0.28315577641657147,0.3017660740814899,0.28663759479006334,0.34745844154342187,0.30897406888753126
852,0.28789905,0.26909,0.291607,0.20293221,0.23790292114956602,0.24801467053971732,0.2669750608746121,0.2015553674739466,0.26076643158203316,0.2798006638775196,0.13883701746032331,0.2705082688926081
853,0.5882409,0.5956165,0.57504785,0.84173566,0.733804443794911,0.7172079746405158,0.7022299642390795,0.8242887727453976,0.8688281480913485,0.8699782779330281,0.968305882317182,0.7240695974560307
854,0.34181622,0.34080166,0.32458827,0.28252524,0.3054056439819159,0.2933229937100276,0.2853281803775836,0.2698101991313123,0.24675768625558728,0.27776277569850155,0.3272343392037821,0.29758304887768244
855,0.27234268,0.25875264,0.29664826,0.18538682,0.21443177028829746,0.25108603172284577,0.22662424976102885,0.17898599697959358,0.2023677939430745,0.21165153558411767,0.24486901071880635,0.23996405899919432
856,0.35076034,0.3251253,0.34554294,0.24693103,0.26468003150276853,0.3174229008376754,0.2916261074991103,0.24509820674888427,0.27077621658848566,0.3065988356655224,0.14186855160897666,0.30935203341716594
857,0.24998502,0.25595605,0.27220115,0.15830228,0.19721149360783252,0.26079928101378924,0.22557687212129487,0.16988118844318198,0.16497390672767298,0.17760950099913617,0.02568307956058232,0.21772013578971147
858,0.2857929,0.26785147,0.29202372,0.16055611,0.23171370083532167,0.28804916304386274,0.23180328284981594,0.18155716519178358,0.16888910983724376,0.2048716147416468,0.0897449729979744,0.23564346774971354
859,0.6027947,0.6220992,0.5874417,0.87835884,0.7554380124531106,0.7508834753541003,0.7269636727547859,0.8570399352572311,0.8969713916509832,0.8969037219776543,0.9722207342865274,0.7482524808006413
860,0.30164087,0.2781235,0.29962778,0.21152227,0.2012957049722691,0.2620076088428732,0.22397852249114916,0.15519602268669966,0.1495462008395951,0.21071035121756004,0.033122154798604905,0.2353962816290885
861,0.33450496,0.34000874,0.33375096,0.24132809,0.2922654691122674,0.3390588119480368,0.2909964320435022,0.26856939359268517,0.24903407206762784,0.27704523438536505,0.18665262259419188,0.2972435900108423
862,0.26545867,0.2616988,0.27690786,0.13442111,0.15904547917561468,0.14324583471009517,0.19269002900473936,0.11691143605877323,0.17037737977010653,0.183008075321563,0.04551544198389755,0.2104220262273747
863,0.28631207,0.28361535,0.29740342,0.19478273,0.2274508454010662,0.2439475734988145,0.25552740654987866,0.1892920349688835,0.20173846656549282,0.23228514595847094,0.0725115103566358,0.24805191516225186
864,0.27011704,0.26988894,0.2856291,0.15079048,0.2035319477003979,0.25307230201345327,0.21987021416089755,0.16476167592427002,0.21449512077527394,0.23502367093107876,0.06393171239861019,0.24340790746889834
865,0.25228074,0.24891928,0.27153474,0.14148471,0.19256277324037616,0.2119955862442628,0.21073883167007718,0.15154017072349837,0.1963602370266521,0.2156718105259729,0.05183687605033814,0.2240255945793963
866,0.24575023,0.25019518,0.27007586,0.14382702,0.1832223601418533,0.18587437522867156,0.18876201538956008,0.13839164833571688,0.15393656667483785,0.19063923890745288,0.03447730699676418,0.207063977426154
867,0.31760246,0.29987723,0.31907886,0.15340368,0.2277636070538028,0.24697601242949055,0.24907401617143546,0.18348441374574254,0.17613969816808991,0.18924408735372814,0.028107743947873232,0.2443515559742815
868,0.31211767,0.29569107,0.31924504,0.24579296,0.2766911938010158,0.31403257970155385,0.27463051369350444,0.2420057203070583,0.253087477459629,0.2708344809339349,0.2144957923178402,0.28806646678695885
869,0.3107865,0.30439505,0.33434623,0.2497727,0.2472334464999822,0.2526757817772999,0.2799055730772905,0.2414481341875571,0.26308628990696725,0.26572684444059014,0.1629433472386312,0.28476802122597356
870,0.6217275,0.63224185,0.58621246,0.8792041,0.7614573120650012,0.7651225726290312,0.7365774534163837,0.8686649898825308,0.8895195414391589,0.8754507441040996,0.9814130897419844,0.7495753493730252
871,0.6341225,0.63549805,0.59932476,0.88031805,0.7572154211267075,0.764107846659372,0.7520741119154163,0.8585762411140617,0.9046612263358675,0.8793199243799859,0.976594475414544,0.7565991719909684
872,0.46007538,0.5282945,0.45522672,0.5968122,0.6284307632715007,0.6671651550098324,0.5151242154387305,0.6439394529863856,0.6459738841727264,0.5581980212268572,0.8481292244992572,0.5520619376320643
873,0.31154418,0.3082598,0.31088918,0.1978457,0.21816659278034284,0.24283301420435924,0.24419838762733986,0.20424626135236695,0.2172659970218868,0.23076482858039102,0.050084152136776874,0.25732723844342675
874,0.32013488,0.3201056,0.32579166,0.24038255,0.29071363174414067,0.3176836148180767,0.2890528966100413,0.28720710341661115,0.2804783666252819,0.2914328046771397,0.29120006152471367,0.3030351282407181
875,0.30901712,0.3042996,0.31636342,0.22104535,0.21231879044436303,0.34470563684168687,0.23210676938523073,0.1889404274389896,0.1978156385145768,0.22063133441978167,0.07459747675220446,0.2543364065159417
876,0.3135795,0.2806667,0.31913304,0.23156409,0.24791816867013622,0.33610500841399105,0.2748131550753105,0.2174386718958033,0.24297051772866393,0.268963853960018,0.20764608654195102,0.28409295897941617
877,0.3815283,0.39327747,0.3776827,0.32030433,0.38538664277628154,0.38956035783433457,0.36040626146911237,0.3765729013119935,0.30339324132793993,0.3022526157746075,0.3286034466279264,0.34286416072223397
878,0.44546533,0.5188034,0.4391222,0.5893983,0.6520164573383133,0.6570994139561963,0.5137217578416269,0.6416724173182836,0.5718876287745396,0.5244425738527335,0.8848470570753412,0.5228437244801616
879,0.63194513,0.6323019,0.60093,0.8729576,0.7615737169978163,0.7457511059731187,0.750200622551602,0.8601653231559994,0.8968864096258479,0.9011223453948624,0.9812943192582868,0.7574397970143287
880,0.57882315,0.59274685,0.5541841,0.8080176,0.6980243970440845,0.6595512178605678,0.6712980202379979,0.7813356277722241,0.7913501375487723,0.738901425626611,0.9025762327085853,0.6737903032539114
881,0.36109957,0.36409166,0.36582968,0.2947428,0.4078191031516861,0.4347814591271444,0.37774191924094336,0.37233807794349477,0.307403363621917,0.30444654446110747,0.395527273892667,0.3450464769112993
882,0.6238482,0.6158002,0.60062456,0.84689283,0.7285107889905933,0.7344104284190475,0.7197409326243307,0.8121033344304276,0.8701332645045575,0.8598216805249728,0.962118899355054,0.7348355400128551
883,0.3050315,0.28758922,0.30631357,0.20292525,0.19606808477941212,0.2309647904805907,0.23695095325667967,0.16781206731492748,0.20204777494739484,0.21638347030807462,0.11534576693409637,0.24592515431560327
884,0.6068267,0.5934386,0.57724786,0.7922307,0.6344602234899598,0.6878297447455162,0.6061413066947755,0.6902080251463085,0.8451799834996571,0.8306111037504952,0.9156460250339429,0.6896782686249926
885,0.3084078,0.3012197,0.30335954,0.20756817,0.25852124939214977,0.2325816147737252,0.2586107414144067,0.21652998579186153,0.22068463273173133,0.26263981134375547,0.08972264316304736,0.26809436432314876
886,0.34655824,0.34931642,0.35866326,0.34666604,0.32405037750705773,0.2404321116747389,0.32846658216735775,0.3310004312722049,0.2841349435590176,0.278057454386915,0.5843694285469055,0.31490454075638763
887,0.6195842,0.6215731,0.5967412,0.86776483,0.7529083729479026,0.7562781933173462,0.723026136767075,0.8465928655302486,0.8925641678321791,0.905884233493539,0.9719073602952284,0.7520204149435601
888,0.5847521,0.612578,0.57993495,0.8715275,0.7564563271856168,0.7224049525605275,0.7250544994464361,0.8595907865557184,0.904635084704174,0.888114666289517,0.9894693405158884,0.7426826138882181
889,0.583324,0.60865295,0.56099707,0.81797105,0.7121338399136302,0.6790899619796955,0.6834029689676311,0.7880382163521853,0.779479347451588,0.7231243404094327,0.9350000514793718,0.6793364791413631
890,0.3253688,0.31373167,0.32138532,0.2359316,0.251797949129541,0.31392186220648355,0.26808250124652633,0.21549262958340237,0.23483393160375812,0.2646571124547512,0.1183159177155674,0.2800801745413984
891,0.44103536,0.41870117,0.42571282,0.4173439,0.40490509250662426,0.4237752285730448,0.4087394514177333,0.39406897854220535,0.40890774593786905,0.4238798418687516,0.38749719412591344,0.41542684417744236
892,0.5853396,0.58456856,0.54222107,0.793874,0.7029165305419129,0.6966333278751873,0.6656334102118745,0.7615725964979887,0.7423728476960214,0.6913754065640555,0.9274419219235652,0.6538561916141769
893,0.3070871,0.28965446,0.3178158,0.23423472,0.25668332152874035,0.22528022457553193,0.27638342803896576,0.22775998907827127,0.24879271192329816,0.27322881357122497,0.08585268480721828,0.27941607097195664
894,0.31223217,0.32230163,0.318587,0.21240778,0.26968961938982217,0.29717249322791145,0.2903617282929916,0.24150043549656158,0.25930324613723443,0.2716278506343706,0.16473268229779361,0.28781718786362614
895,0.28903526,0.28238857,0.30414805,0.18864149,0.19952108288242773,0.19467229895745858,0.23229565190528484,0.18737336821477718,0.29394362037079574,0.2658269033254969,0.08445463526658722,0.26934945179576997
896,0.3403706,0.3417416,0.32404536,0.2737449,0.3232920246679063,0.33021207850557766,0.3112525663762207,0.2872083877078852,0.22893617773348546,0.2554917763396734,0.46353713619544623,0.29332913570596986
897,0.32673997,0.32942683,0.33831328,0.23581262,0.30088333380851406,0.2787883508684614,0.2967209528915345,0.3103909903731218,0.27798986537688475,0.3081425320029211,0.35567094646579267,0.31005976859168544
898,0.3289438,0.33654028,0.34059164,0.28319192,0.3126794222442414,0.32540576537766774,0.30138033864230995,0.284968107775743,0.26059992178964303,0.2942392431774557,0.23783099096174753,0.3055480882433651
899,0.61871326,0.61099786,0.59068465,0.8909171,0.7605917125284716,0.7718050528136509,0.745255701155959,0.8546363787710393,0.8908024879642301,0.8692758869563768,0.941791234756016,0.7476729824691128
900,0.3447352,0.3435561,0.3682124,0.30879673,0.3011085140699074,0.31458747040202456,0.3083397492720289,0.28324964153232257,0.2696110177207749,0.30085342102102935,0.2650368380428939,0.3118694786758537
901,0.2636373,0.26518634,0.2838039,0.15198043,0.19268105969261837,0.20754148289345223,0.2024483421711753,0.1526139528639646,0.18887804932057742,0.20787017596428484,0.09644530118001546,0.22977276605953456
902,0.34743956,0.3360567,0.34134167,0.28580803,0.3163530942815937,0.33888264467577967,0.3298960669481292,0.3102874332744767,0.29419893615639875,0.31415812195972126,0.19676712150204492,0.32119258374566095
903,0.3317033,0.32683474,0.3289661,0.2946093,0.30420706362402844,0.3534318011935628,0.3145388674210229,0.28250940085827797,0.31167414632394086,0.3288715209624418,0.3032501505994805,0.3241305570188196
904,0.34554297,0.34848613,0.34835634,0.3311196,0.30472910281471993,0.3081497616827414,0.3057526937422096,0.2850834726019932,0.2822734082235695,0.28715591424432974,0.20690666758136622,0.3153487036129289
905,0.33751994,0.31851375,0.32118145,0.25089908,0.25899699388108777,0.34981268883939576,0.28560757402590964,0.25392213439353045,0.2680087958580043,0.28625567954871267,0.18269628273985256,0.2983647349892653
906,0.3795874,0.39746606,0.3925144,0.4571918,0.4822167975971407,0.4457754036361713,0.45929399699440127,0.5251523745775585,0.4492037750452781,0.4607332550487041,0.753482072111457,0.43816848155851273
907,0.60490793,0.6241815,0.59511554,0.88749564,0.759000229979469,0.7673457787021117,0.7291667248750311,0.8600945435586989,0.8838580380651091,0.8759953103331736,0.9790113288500335,0.7463059661101347
908,0.24367198,0.24573395,0.26872772,0.13137744,0.20359603783388983,0.30925089619475193,0.2320761931723126,0.16442205546940653,0.1653331086457932,0.17753980388175933,0.10693527843714716,0.2206502708487524
909,0.33529624,0.32172078,0.33048028,0.25363857,0.2721665731590165,0.3243453940616656,0.28935775499352956,0.26023475642122945,0.2709227346775721,0.27534815171413946,0.2053972790823332,0.29865823410520076
910,0.28769264,0.27711105,0.2907018,0.14305493,0.2095301129144426,0.2190453170619376,0.23982107783124867,0.16371131192928995,0.2154517233478753,0.24604840667332967,0.04745817640237959,0.24956357452587413
911,0.34454006,0.3459828,0.3392495,0.3203648,0.298584267956669,0.3472388589728048,0.3339820841060964,0.31177744890570647,0.30849665374667984,0.2941548851409762,0.1317512087081656,0.32145738458596385
912,0.36484617,0.35828653,0.3424757,0.28443483,0.3372773578282189,0.3315922862646271,0.31341311639636277,0.31416343846668704,0.27344393763236224,0.3053038144772284,0.27465090058112546,0.3216497937629241
913,0.28345776,0.26676515,0.29448324,0.1792626,0.1749030866449825,0.1826197418468766,0.1981360304056595,0.13605346014539366,0.18144166081836124,0.21113639932828124,0.02814582223842549,0.22203474866709577
914,0.5801235,0.5893742,0.5695064,0.85508174,0.7117213083089377,0.6865412530519683,0.6593295735343118,0.7934391528473353,0.8834006745013101,0.85952477990314,0.9453163898455778,0.717587639222062
915,0.25703618,0.28351086,0.30786696,0.20648572,0.22879834928641268,0.18930513289370754,0.20305540046725962,0.1885183918764573,0.17325252957656315,0.1868529530843867,0.11896721690184206,0.22197699283012304
916,0.6302916,0.6343697,0.59358686,0.84356606,0.7262432242897998,0.7436762195188779,0.730740181493679,0.8296699790945292,0.876623680201486,0.8630753719146702,0.927551010267124,0.7428200935130863
917,0.30430737,0.30242667,0.3241237,0.2414604,0.27560679353587403,0.30229947169849875,0.26677080149491916,0.23944177473964573,0.2441997253167203,0.28082311867929105,0.23148827107344921,0.2828003064564759
918,0.3259895,0.30961496,0.31957272,0.24559847,0.2693280276121189,0.29779953549415866,0.2905824136633296,0.2505838223234412,0.26473311114610637,0.27359254197734423,0.256529962117405,0.29186745342305603
919,0.32346958,0.29175314,0.32030162,0.22285314,0.2129096580234915,0.27633651519268243,0.24356887313219144,0.18600622987087156,0.2271088688479595,0.24905208222686967,0.051361063377662185,0.2671160860121272
920,0.29178697,0.28528205,0.29710075,0.20056419,0.2206567159374159,0.23009168069823766,0.25052083711837514,0.19480913164832603,0.20947822188699128,0.2318754552264879,0.10721328013830562,0.24992290333508196
921,0.32859105,0.33282194,0.3476561,0.3384992,0.29336236255640175,0.3141739866624073,0.31447477786893235,0.27383100247314707,0.281800859330893,0.27164156207059975,0.4007436177573068,0.30846645974715325
922,0.28085762,0.2755651,0.30106628,0.18082525,0.2324360151048662,0.27162087722927086,0.2374732321202199,0.1948317278870058,0.16474046119148816,0.19015008734022248,0.08995570292561639,0.23057713511841182
923,0.3408687,0.34278908,0.33345377,0.307185,0.34587342015178757,0.3449552306457243,0.3146532122579505,0.31971087948858085,0.27872756768747975,0.29491665914629916,0.2664048932232773,0.3141334583802039
924,0.34343356,0.32628274,0.3397921,0.30717972,0.2734981028057571,0.2450162815065326,0.31435610301328953,0.29555167550324446,0.279208422071814,0.28861599167526614,0.16750701474702762,0.30843617946482277
925,0.34858328,0.366512,0.3486662,0.30847284,0.3222556828760426,0.3190968343054291,0.3342092854484152,0.3010655956641656,0.2639175533880036,0.27166825210014883,0.20710625666985877,0.3135754460578556
926,0.37415954,0.34729755,0.36952946,0.3613824,0.3329949430355624,0.3054998623386208,0.34089766040767644,0.309214735361673,0.30353680622139356,0.32768548429907784,0.44890549213632774,0.338213386282672
927,0.33955714,0.3312835,0.33715218,0.24413088,0.2633774904505307,0.30847866535546725,0.2868761109861394,0.24290575923252686,0.26738746676787206,0.2702080112738364,0.17129429170847232,0.29770011942038466
928,0.3172874,0.31825027,0.33513126,0.23124635,0.2658706373825246,0.2693404307582949,0.2680830927200557,0.22626721514422207,0.25049774283019804,0.2779877548143478,0.17005116534936918,0.28537471150241184
929,0.5725186,0.5846323,0.55073404,0.7614011,0.6956915874097485,0.6727770243530052,0.6596582623143721,0.7540278289857523,0.7409404801085083,0.6162739302059338,0.8641424407563265,0.6393863659427825
930,0.28451163,0.26386967,0.28158063,0.17524806,0.22508121775638115,0.26284962814479684,0.2635622551173469,0.19535860522629148,0.24176787603978758,0.2735443360474604,0.10272310914230423,0.26423457548594526
931,0.32105002,0.32408658,0.33107632,0.25522354,0.27454303080134934,0.29695620044230975,0.28257546070465167,0.23815632350607335,0.24609154426456512,0.2494381336485499,0.1411637069443194,0.2854428695961343
932,0.42158586,0.41774768,0.3698216,0.3196388,0.35984323806513835,0.35801400038809617,0.37230593022063513,0.36733596540940266,0.301500714130806,0.30442814612994107,0.3403617134641762,0.35296608959584497
933,0.27441287,0.27908018,0.3016476,0.18405588,0.23293444771544078,0.2916717922529882,0.25618712776647423,0.1841913721740819,0.2171845229299482,0.24150914692108852,0.07519058267651982,0.2570736255406417
934,0.4004604,0.48283687,0.41242546,0.44274902,0.43059758559603994,0.4299257217436849,0.4120525241164943,0.43803819506829,0.36827087520145335,0.34947094706112597,0.6580139469422664,0.39935991836796325
935,0.6148046,0.61350566,0.56913537,0.81854886,0.7470863357768274,0.7137252619687473,0.7189211226575819,0.8457957813231062,0.8146074336927663,0.7315449433646904,0.9620270587949925,0.6998544642987831
936,0.39084387,0.42005587,0.39782032,0.3955366,0.3992877409295521,0.39737041809458945,0.38936882422142816,0.4035001117620537,0.35419115997833567,0.35481163507784863,0.5326541815018879,0.3787903097515164
937,0.2926876,0.28880414,0.30855137,0.21516769,0.24563486031063325,0.23434570299908244,0.26687256773244145,0.22503771752249113,0.2388972955631748,0.24645442084842095,0.1310103103590444,0.2669621909146783
938,0.3466691,0.3334663,0.34096318,0.26377344,0.3015230714314246,0.2904051885302987,0.32773672909102786,0.2666684517783417,0.33960286498724035,0.29291068853763047,0.3484000701529602,0.3232691164296448
939,0.5704358,0.5822602,0.54919404,0.7834338,0.671269584125385,0.6682230744197895,0.663602577722097,0.7461385946043892,0.8228320646086885,0.8401374507194805,0.8774416032546416,0.6915451745918418
940,0.6210359,0.6300007,0.5888681,0.8675548,0.7576545104079148,0.7869999062157571,0.7422371567166965,0.8600843730923632,0.9076262121606821,0.8888535303119485,0.9611585227093007,0.7548447605272967
941,0.59389454,0.5890964,0.56391656,0.8088482,0.6062846963099466,0.6804685440940422,0.6419767876012376,0.6803796387190387,0.8720130690655375,0.8522561437847251,0.8412757424085019,0.7032824024246812
942,0.3571265,0.3652133,0.35816127,0.3308177,0.3572446557238953,0.3799568309216451,0.3522332695287232,0.35867077258933744,0.30003094588070317,0.2972437658887651,0.46910414437163056,0.3386113074208032
943,0.2844132,0.28132647,0.30940023,0.20665054,0.2225938504812582,0.24410290612768723,0.23855577859660437,0.19438832800615996,0.23075446536354582,0.22207371254810396,0.0677651502555238,0.25593571942635496
944,0.30942547,0.31568107,0.31778246,0.2218099,0.273400358884567,0.2777009879858114,0.29525674221737297,0.2551884650912353,0.28445442455274816,0.27839614026714227,0.12593959010968053,0.294647131257432
945,0.29343703,0.3040251,0.30660203,0.22720608,0.22391382554222092,0.303630200769968,0.24068959488965663,0.20172483531784016,0.24590144930885413,0.2333770295311476,0.22194289295859848,0.2670270359977055
946,0.36005452,0.35577205,0.35431767,0.33828017,0.3927924427197794,0.42262418370595894,0.3717913094403861,0.3665614163248184,0.3037773647318506,0.31068931419165624,0.43566173108016415,0.3438737024490844
947,0.5721339,0.58427477,0.56260425,0.82820064,0.7289759763991094,0.7045233826797758,0.6964702934061916,0.8192824372423839,0.8734669286968343,0.8492374568425316,0.9664042098063735,0.7169798094225809
948,0.33992466,0.3390178,0.33559793,0.2511401,0.27450060179755803,0.3488107222982695,0.2942400285888624,0.274007276268,0.277886482285037,0.29077595050710603,0.19899041114730048,0.3059451701582716
949,0.26314777,0.26972634,0.28912657,0.19835344,0.22635672343430344,0.22093647345258544,0.23803782160847858,0.20083864664159412,0.22149598633970258,0.2484667355848787,0.107927917638541,0.2505516136047247
950,0.3266032,0.31303608,0.33269897,0.29497,0.2717248702188897,0.26868152209492147,0.2891139492649064,0.23158978258024948,0.289689179471312,0.28882802096910937,0.14399725004561253,0.3037447538615994
951,0.3181216,0.29424754,0.3224881,0.21881399,0.29057852371096465,0.3578310768894545,0.2920842754814113,0.24508566490345923,0.24212546703451637,0.26996456777492106,0.20859974351730387,0.28738460921050296
952,0.32468343,0.3343869,0.3248485,0.25400105,0.27747898367236745,0.35562249905997945,0.2698093149498025,0.26064008393965477,0.26651577509761604,0.268328732865695,0.3273626277464429,0.29267112648151994
953,0.31845844,0.31983134,0.3318162,0.26352978,0.29015933339102207,0.2810325103581218,0.28770288698442376,0.27317052542292886,0.2774019789793386,0.2914804600492661,0.215909000437268,0.3024623101202625
954,0.31623214,0.3006759,0.3194299,0.23153207,0.24272585579185613,0.2792396618279235,0.26690265723000245,0.2065632169127994,0.24402549002137847,0.2532839662896218,0.17903149913506572,0.2759515085967222
955,0.32022113,0.2906549,0.32310688,0.23739102,0.27397291726574363,0.3960025140663598,0.31161715742214185,0.24460926633208252,0.254851327189063,0.2816934404061693,0.19425698750121506,0.29496600436849346
956,0.338079,0.32281125,0.33364323,0.27110213,0.3100038180490714,0.36940060331385893,0.29962540698011064,0.29018441737407064,0.2691980682516318,0.3034928414424162,0.2744791374617984,0.3101764169112251
957,0.2863756,0.29006296,0.31961742,0.2737491,0.2532240860804776,0.2666993268386714,0.2812723664618744,0.23478097302480122,0.24159176705621074,0.26139378696320303,0.15782844486974526,0.27510342810595373
958,0.26374358,0.26398775,0.2958379,0.17351124,0.23032405212954377,0.23402092097621052,0.23578985681515405,0.2103898616129337,0.19612554440401495,0.2126708576336091,0.07567954204922092,0.240630632459281
959,0.28533942,0.30650336,0.32029393,0.21632966,0.2518732365337376,0.2327798333544357,0.2585511585445809,0.23260114731473291,0.19599138581684394,0.21212863587570094,0.1087478181495469,0.24988929971915388
960,0.5214504,0.5578325,0.52917516,0.73704994,0.6348932109220866,0.6429242347243911,0.5835449388054192,0.683316100960593,0.7988166202772494,0.7734799708382704,0.8667682156020866,0.6512308893284378
961,0.27583787,0.29628134,0.3024873,0.20589013,0.2344527668323852,0.2590749632056367,0.23768060086725265,0.201987849377209,0.20319867000059771,0.2476723353583913,0.09213359097776685,0.2530517394949137
962,0.5590629,0.5588775,0.522547,0.7381057,0.6619813625609166,0.6769506475202502,0.6670907657601629,0.7288954269657167,0.7128059280646571,0.6790885772835936,0.8338671852300117,0.6382966344258786
963,0.30920044,0.30180326,0.32626072,0.27607194,0.2869160269948722,0.276331583645698,0.30079161658174625,0.26706150439603127,0.2962775770341299,0.29088905001989473,0.17486933115795528,0.3022534299906706
964,0.33456445,0.31129646,0.33060077,0.26577902,0.28642348960593295,0.30426550284195153,0.3144820441973502,0.2621070093108875,0.2846666744146159,0.2969717831345168,0.2177346359466517,0.30598513983672676
965,0.33238965,0.3346403,0.3354668,0.2686107,0.3143100228753002,0.353649002137719,0.309445787316565,0.29810068237167336,0.26402918614889676,0.2870304797126631,0.2530243009054367,0.305513506562186
966,0.5912001,0.6031256,0.5599359,0.7892481,0.7429846945792201,0.7274482304383174,0.7272733814128169,0.8317935260252465,0.8100250537917357,0.7291433005818673,0.9320409283571311,0.6951043557701914
967,0.24804458,0.2630821,0.28065294,0.16853331,0.2497040671662874,0.26763802800606257,0.2231311428839724,0.1953037274410925,0.16132702687806696,0.19453936520227272,0.03133006351777813,0.22434478410182526
968,0.30725986,0.28741807,0.31194335,0.19507833,0.2403454276501173,0.3059872595423479,0.2575868050267654,0.20369931741982455,0.18206358365820524,0.2284638817815602,0.1108930124586407,0.25396946031853185
969,0.62267685,0.63113153,0.60285515,0.8907894,0.7672616015766967,0.7606673651700108,0.7432785051976554,0.8665616994989136,0.8975510876335079,0.9026771737627453,0.9845069950513547,0.7578328921564023
970,0.3169379,0.30706745,0.316248,0.23419483,0.2568293840928245,0.2675838241278401,0.28365255830946434,0.23838973354441045,0.2603432324861622,0.2578786645945605,0.1410150132467241,0.28290196106676596
971,0.3788799,0.37025166,0.35952222,0.31937158,0.3382138163176635,0.3369453737804918,0.3404861735007432,0.30860851290837604,0.2982286952275717,0.31174065166297643,0.21864372869230211,0.33661552430377195
972,0.57174605,0.5962118,0.54722154,0.7749361,0.7142538975786782,0.6756588248157436,0.6817698482347162,0.7884484437633635,0.7543648101805176,0.6747678167187287,0.8745957444654918,0.6557756899617001
973,0.26185971,0.2498618,0.2758845,0.15600453,0.19454915034268355,0.19085626182541512,0.22516137125900978,0.1716404000715661,0.21562469685131508,0.21684480343567952,0.12278556489857846,0.2344761280974242
974,0.35255876,0.3362673,0.35375413,0.32184318,0.3088956761282512,0.38488760272303113,0.3187856421738802,0.2822008105799582,0.29513375200415565,0.3250520961747381,0.30504607995237004,0.33007442619878646
975,0.6562582,0.65227926,0.6031839,0.84667176,0.7484004761567332,0.7339986101498825,0.736950549589041,0.8454248117465223,0.8800050562190759,0.8560390293756599,0.9375120434965405,0.7480516946151261
976,0.28977668,0.28910196,0.29122767,0.18397495,0.23715346131854456,0.3463794376649025,0.2399143172735128,0.2093956573073235,0.212832019255541,0.2426337803310142,0.2004616855135548,0.25718510525152205
977,0.28348973,0.27453095,0.30418068,0.2041276,0.24433266436932577,0.3052932604920477,0.24442410419885646,0.2123646340572088,0.20311958766594654,0.24534750096739125,0.13202636772157214,0.26076284885876555
978,0.32796264,0.3152313,0.3369878,0.2836215,0.27930266952246463,0.28720562331444544,0.32808832073107846,0.28497818544456427,0.34530355551515546,0.33584730452933603,0.18486144474322913,0.3271459572133756
979,0.327749,0.33220363,0.3308372,0.26821864,0.2800974904306551,0.32893251045781335,0.2911253979948114,0.26079479416731643,0.27409621509597365,0.3058096988573989,0.18914686545869652,0.3044398631350516
980,0.29233462,0.28923005,0.31318194,0.2103589,0.30936219805354115,0.3017655108443663,0.2713274266087362,0.2566398710525695,0.18815885354597833,0.2119649975912763,0.17428132279530795,0.2573837247346721
981,0.35647315,0.36088434,0.3645269,0.32095462,0.3385059589156181,0.3560222528819012,0.31299959057326127,0.3196281084671718,0.305011668672022,0.27747212598748494,0.410400695367198,0.3295519350409785
982,0.35266566,0.34813777,0.35306245,0.29319176,0.32305809672183927,0.37491760950258357,0.34741546322764716,0.3239509090686778,0.3111200426479659,0.3262239247691495,0.33447066788772195,0.3385824038290007
983,0.34618062,0.33583954,0.34590328,0.28810364,0.284178009654707,0.2840546548072997,0.2959423365737098,0.27414291898140714,0.2879183103933582,0.29921224579940553,0.1335402698122654,0.30895712236637246
984,0.36231467,0.35843483,0.3508881,0.32313746,0.33154461233439436,0.3546035357203809,0.335474116624708,0.3031724301354085,0.29221685530946623,0.29732345535308463,0.46237621490158587,0.3300585711894969
985,0.36487514,0.37194884,0.37065795,0.39708704,0.3676879461004517,0.35380747959125525,0.367152314447697,0.3570546320194846,0.3480415907130704,0.34496353062985985,0.31940818314805186,0.3557649384255594
986,0.55627286,0.52032924,0.5085929,0.70192856,0.6763982398639252,0.6770044961005717,0.645238019029071,0.7376211294668107,0.7301406304491026,0.7257141023880508,0.8758116242837612,0.6398440154776234
987,0.3543219,0.3458484,0.35868663,0.32980302,0.37336135632459166,0.3623935376262375,0.3470771368842947,0.3682597418208843,0.29271665159538474,0.304314756267497,0.46588861868392717,0.3298598683776016
988,0.5590892,0.577494,0.55511194,0.8222135,0.7185854432732972,0.7041225441924471,0.6983182129713954,0.8164854327966518,0.8290516569965108,0.8191630393459889,0.9506978355544119,0.6985721287429529
989,0.31179821,0.29820278,0.31251496,0.22350535,0.2589447326949498,0.2466144365043248,0.2743479400034387,0.23443043054587917,0.24139469870180824,0.26991317174635865,0.2182664028473448,0.2782176794156159
990,0.22468317,0.23111863,0.26451534,0.116830274,0.17203417276018648,0.12755748416589943,0.16040853334252173,0.13025510862409168,0.13230423057152613,0.16094037892090898,0.03646823594288604,0.1834941139988566
991,0.34671786,0.33841553,0.34889787,0.31387952,0.26105280546968046,0.3209169252815335,0.27953510661516257,0.22473720548899445,0.2676292740756122,0.2790124174336143,0.11817625643071747,0.2983797896074161
992,0.6264235,0.62685347,0.596238,0.8581432,0.7538131998773279,0.7554065879412978,0.7210942235349295,0.8536280730088908,0.9056950715363193,0.8939662342425441,0.9857121154858495,0.7547418935729379
993,0.57266796,0.59305775,0.5697085,0.8571619,0.7422887014583512,0.7365992403309718,0.7020770522546533,0.8401484927162578,0.8482256715825471,0.866250964505484,0.9610821371416602,0.7184647264614774
994,0.32089168,0.3195319,0.31803307,0.25047955,0.2683170733073525,0.2741041966015587,0.2930442730857672,0.23963255829421232,0.27055383700163665,0.28680792633092256,0.15709911167372276,0.2932702704310591
995,0.33313385,0.32472938,0.34081006,0.22820339,0.26217088963121066,0.3006199299852641,0.27944802272968766,0.22679588225513828,0.24311114004784767,0.2678990790821545,0.19456004310207262,0.2886894588673897
996,0.5727342,0.58821374,0.5391073,0.76259804,0.6493340380431893,0.6417466094529193,0.6542910833369903,0.7169608912611409,0.752526618606722,0.701444306898191,0.8870810256854507,0.6479146506366636
997,0.32692742,0.31878024,0.3206372,0.2359372,0.271536849515845,0.29830752213200046,0.2946183489788502,0.25244262512583043,0.2581971930333977,0.27304244274711154,0.25163289791255317,0.29050974383051176
998,0.337439,0.31648022,0.35227996,0.31811306,0.30647305539859326,0.3948042595455582,0.31554916625808704,0.2858075830054285,0.2535684562487685,0.2785065878218703,0.17663785548113514,0.3087255996908939
999,0.3042914,0.28305942,0.33967036,0.25580263,0.21049812028264508,0.21314183511840296,0.2324346363080368,0.18927342854541745,0.21647785457097118,0.2203698034352967,0.08626041549242164,0.2555235761837587
1000,0.5941721,0.60886157,0.57511646,0.8563064,0.7461705136228282,0.779539308182225,0.7078498149287789,0.8331523596790215,0.8710246761098558,0.8807705579584184,0.9477383262801625,0.7300050135744275
1001,0.30970973,0.28492615,0.3102719,0.22873703,0.21216517593597178,0.37868371865775574,0.2230106271086692,0.15289104887737942,0.1741712725885965,0.1954785505798003,0.02094794958886199,0.23937428600989152
1002,0.23798612,0.23551078,0.2650724,0.13561955,0.18395872767496613,0.18421430793158372,0.19817516614323716,0.1438231916316886,0.18957497300580206,0.21625937596350173,0.0497325348083867,0.21886743233984718
1003,0.36592072,0.36554033,0.3555345,0.30057678,0.36986248744472017,0.42234335649903787,0.3622175543674843,0.340253991078174,0.3221252107923772,0.3363871660545006,0.4111957279564562,0.34990617635354737
1004,0.3312739,0.33064795,0.32258186,0.21499124,0.2399791270166871,0.2858391971247899,0.2587077341452558,0.20673244285673467,0.21690829150322127,0.2836243929567737,0.08087270896658616,0.28042942816494076
1005,0.2939855,0.29803997,0.2924427,0.15677902,0.21587698969666133,0.2581951193082436,0.2198560208081431,0.16587261372830117,0.2582530413867422,0.2686777796857457,0.098542335912043,0.2613552304918597
1006,0.556252,0.57200646,0.5613968,0.8360566,0.7171161206472844,0.695833106319711,0.6772994853348232,0.8154777436101532,0.8315838472279351,0.8198533559866231,0.9274975704963199,0.696881121423074
1007,0.5602799,0.557981,0.56118286,0.76560247,0.6060502907926859,0.6980398357361728,0.5947893363685107,0.6459582836436487,0.8420535365709547,0.8306806110475004,0.5456678011991825,0.6768768545132235
1008,0.33684015,0.34241235,0.34737596,0.3348325,0.2938831992924891,0.3008063898438058,0.30416202903118256,0.28990646596584346,0.28094511169397585,0.29171799762268646,0.18166596462855017,0.31240443972081583
1009,0.3032566,0.3164299,0.31787515,0.2475545,0.26971525997938917,0.27542316293018076,0.27328790634449385,0.2589451040659464,0.2631599436798714,0.28347154883696896,0.12143415587015123,0.2858555191110336
1010,0.57472265,0.6028902,0.5771789,0.8820716,0.7582478826587759,0.717480606286137,0.7253408042663682,0.8596076826361483,0.8853810688543075,0.8806938223276871,0.9865044126401432,0.7354128019181052
1011,0.6014861,0.6125857,0.58153117,0.8591488,0.7419926450650195,0.7662263852487455,0.7281495028648136,0.8435505181237242,0.9111295566899142,0.8882933244266636,0.9781481799685947,0.7483979173331698
1012,0.3672576,0.37174746,0.35969824,0.35084853,0.36044493810105405,0.3728733227978738,0.3630891227028942,0.37556931438344077,0.3054167569779008,0.2986777842175757,0.4458849340181577,0.34443828185152764
1013,0.5591828,0.5741871,0.5463328,0.71138287,0.6469511158513865,0.6448570710894664,0.62970663119931,0.707340716265167,0.7457634277880831,0.660845404836502,0.6415697290028616,0.6375091497553733
1014,0.32775506,0.31763488,0.3250845,0.23616938,0.3085230061054844,0.3025491672722374,0.2846500879261101,0.2581815963464248,0.2367151210763569,0.2693127470256947,0.18795500230947532,0.2851210848722495
1015,0.2889267,0.28678232,0.30946144,0.1822973,0.2138124207085954,0.21302026985763406,0.23952870978721758,0.18641119147216284,0.18597763182040677,0.2078515183628189,0.07280293571051152,0.23936268362642732
1016,0.31809083,0.2993555,0.3066238,0.24624741,0.27112131110589605,0.3140188733316879,0.28626311535260607,0.250111453895597,0.28537033808772605,0.3244499232477217,0.2344527029132873,0.3037860546910768
1017,0.35559312,0.33814317,0.3484283,0.26261944,0.3320347899077475,0.39421487278531503,0.3298402922322824,0.3496523936710978,0.3310305330904681,0.3423985899533144,0.15701953667678176,0.33992115837530223
1018,0.3502601,0.31489372,0.35073322,0.3061326,0.23984956481131342,0.3268975335672021,0.28112880266076995,0.23611725313087817,0.24302858040182143,0.2721805654465543,0.12850607961393443,0.29704393182557964
1019,0.33567312,0.330192,0.32889104,0.25379634,0.2699766727420787,0.31110734504946436,0.28245869195113005,0.2683254230577844,0.26931168265247274,0.29191400759944885,0.1950643881868151,0.2991398690777093
1020,0.38551238,0.39329064,0.37823454,0.3962217,0.40609194114522157,0.4200794467376146,0.3688527256951096,0.3752888961933712,0.3198493719905607,0.34280945024004084,0.3769373165754023,0.36533599911015996
1021,0.570697,0.5686549,0.5414489,0.7896876,0.6925805267973472,0.7180843041659255,0.6848582719994839,0.7817994940674554,0.8591182704777273,0.8661094940978709,0.8879202329869207,0.7079337734441736
1022,0.34545964,0.34868014,0.35278672,0.30988327,0.30655775970012333,0.3184300310111494,0.3084839530210817,0.3014429914505948,0.27310076981755627,0.3009397186261654,0.31961182578940805,0.3154457007614135
1023,0.21343705,0.21142223,0.25773263,0.10097134,0.14930661501778916,0.15446065498333306,0.15705215561996785,0.09155718312861343,0.11590305147725859,0.1356259871907418,0.007317887669944312,0.17149068154358987
1024,0.5531179,0.57809526,0.57340497,0.86926,0.7407119975508895,0.7277347039746059,0.690499573526287,0.8366669094124146,0.8640003515474497,0.8759570491050322,0.9477418639486,0.7199213665151448
1025,0.33077985,0.32426548,0.3461667,0.27298236,0.28251813735897074,0.34328944143641876,0.29270023236190307,0.29478195243495986,0.31299392200869375,0.3343155093136648,0.39692402067705607,0.3240850517501684
1026,0.567067,0.5865619,0.5709155,0.83082104,0.7312346171921161,0.7368884361480696,0.6990536249476003,0.8215783138215584,0.8684723726531045,0.8684024724371282,0.9255701288252112,0.7203708112591116
1027,0.58066833,0.6023003,0.5531375,0.7499076,0.7051556682381546,0.6883796790431104,0.6724727891942954,0.7813795930532196,0.7626217921770673,0.6609786193099703,0.8415036069445634,0.6552517165946066
1028,0.62169594,0.6124956,0.5869737,0.8817612,0.7633767202570595,0.7863964316529499,0.7335103592423078,0.8637614423542279,0.9167436592135498,0.9048340986734911,0.9855364877886297,0.7610744045460721
1029,0.2888679,0.30155745,0.32024923,0.25424808,0.30343225923184325,0.3323920414321667,0.3175836258311906,0.3051029566833122,0.26302547996658643,0.2780134398895847,0.2678386196201153,0.2942860097081005
1030,0.3181001,0.3230676,0.31173643,0.25979495,0.3022091182557605,0.3066100184706628,0.2820932886111346,0.2729126064066813,0.23931446400677397,0.23632578816277036,0.4341823576680971,0.2870222017045422
1031,0.29436293,0.2812242,0.30790707,0.2096303,0.19825289838120735,0.1944715885960659,0.23066250077287392,0.17901573502772788,0.19949633993483906,0.24906599785299366,0.04605472454635395,0.24631903136366334
1032,0.32180652,0.33903927,0.33663312,0.26145574,0.361499777418104,0.3868866257495157,0.3219136397870488,0.3326114298217816,0.26132948541518186,0.2747744423182964,0.30987593475216874,0.307577550587658
1033,0.59897554,0.64459103,0.5799407,0.78737414,0.716039990640384,0.6922293922432793,0.6920691877124756,0.8236766268932433,0.8199019485052302,0.8222600688910523,0.7306947812152671,0.7040778294248307
1034,0.34920806,0.367105,0.3577758,0.35167152,0.3340919224307536,0.30529451735002266,0.32967017199449117,0.3398794161707389,0.3445537432869016,0.3172939621287991,0.34911520699539816,0.3426077523058562
1035,0.31356874,0.31188098,0.32310185,0.20897391,0.21695758256628556,0.2533792357791508,0.22816223655238188,0.18624708369954254,0.22083040478398597,0.25024593907546877,0.0689162387738318,0.25935630088294703
1036,0.31473657,0.3110725,0.32792366,0.2288625,0.26231569127544685,0.2718830764889356,0.2648811799014082,0.22780828247388016,0.2496637369989803,0.26619758984265907,0.20254831803428197,0.2819242498324122
1037,0.60324305,0.59931856,0.56576806,0.8383624,0.6892624133567077,0.7210627499749809,0.6692246866255716,0.7760302668227415,0.7916945536524296,0.7569525509680214,0.9243244128319328,0.686085815565558
1038,0.33595228,0.3413133,0.3506549,0.2883947,0.30680374852284464,0.22711717235088935,0.29351404982417584,0.2899416702557055,0.2466218367107232,0.2677014127731805,0.2523734127256091,0.29579949340126455
1039,0.38684,0.39160743,0.3635055,0.25932345,0.3294638914153024,0.35109148710648264,0.3505072262421853,0.3407582586875331,0.23514364970671536,0.256114273031856,0.23650915969979494,0.313857788730542
1040,0.51541173,0.48710546,0.48232573,0.55752474,0.42238956484201673,0.48834883017720704,0.48623424026395484,0.4714532748922064,0.5809208176736311,0.5884845632309317,0.494223281959528,0.5239723891404505
1041,0.288422,0.29209203,0.30280718,0.20759769,0.24060890661155732,0.24544707984833347,0.25724855508428324,0.21419556236992934,0.22250106011498888,0.24424625539239558,0.11845331116199227,0.26129793218656266
1042,0.29969054,0.2819016,0.30472785,0.18674365,0.2318798353131863,0.26440919318942646,0.2470611187132671,0.2054326513600328,0.23254004629091235,0.24358043475938168,0.11023320397321897,0.2623711022906841
1043,0.569208,0.58859265,0.5478296,0.81055784,0.7153163019056545,0.7197324061479181,0.6837793802061972,0.7954041313683736,0.7631196765980899,0.7411698351213307,0.95289680693118,0.6713864558851899
1044,0.32371804,0.31152976,0.31221086,0.213449,0.27934738402183196,0.30170871411850836,0.2719336774946453,0.23851844012817555,0.2378921853111434,0.23079453369028463,0.17138554505062728,0.27497225452825375
1045,0.33347994,0.34172082,0.34300178,0.31505945,0.30893688031941025,0.3454213073751299,0.320532404821095,0.2737065429276325,0.303255746516831,0.30645691042442397,0.26418641152399075,0.32132301236925265
1046,0.35296744,0.3321399,0.34275776,0.32149133,0.3306050473690295,0.32958874046748987,0.3467122288002542,0.3110602686775396,0.29882880463382405,0.321856686751007,0.3007947240572295,0.32667011352342973
1047,0.5583681,0.5776378,0.5632162,0.84474933,0.7096230817736339,0.731517643702049,0.6802963681791125,0.7847052364124089,0.8661618752366307,0.8584492454420569,0.9337233632817215,0.7126555703557251
1048,0.31431088,0.31805906,0.3136676,0.26157174,0.2887683474338485,0.39508852086375856,0.29015054640265725,0.28248025567684615,0.22998588855020116,0.2609405764718761,0.2782762114418787,0.2886775085561534
1049,0.5883304,0.6004206,0.55243504,0.70404494,0.5325737831788929,0.5877797879095095,0.5372391139689315,0.6068688459054115,0.7839984354011402,0.7793305791310979,0.4417533519053394,0.6419221364508773
1050,0.30614728,0.29862973,0.315437,0.21773405,0.25414456153303466,0.23359750741030458,0.26290155370386603,0.21026173839525023,0.21323381452365667,0.2356102720793467,0.14287734644215055,0.2610979296683215
1051,0.26214042,0.26564398,0.29252005,0.18161812,0.21973356090273422,0.2172299132339135,0.24851614627134108,0.20025980008075533,0.23305569305606247,0.25393472592971766,0.08853441559588911,0.2542700936177534
1052,0.2780897,0.28166384,0.2883436,0.14836144,0.19591829283205864,0.2380037205477251,0.20620781489623,0.16903593524298569,0.2252524442740335,0.22533755613701914,0.06132271571290898,0.24505566140206425
1053,0.3189602,0.30820256,0.31854075,0.24926624,0.2729656984783418,0.3148347646823758,0.29392619779064894,0.25636632851900626,0.2604331846431575,0.2738532924858061,0.09281030854331292,0.2895734597770042
1054,0.30981794,0.30845955,0.31790593,0.20839462,0.24373114737052487,0.31870436494654525,0.28330751793398223,0.22330025620314173,0.24803141008590018,0.2572479700966599,0.18634442935608359,0.28057808984286925
1055,0.32422668,0.30923223,0.32929352,0.27963075,0.2840916018131206,0.3551387247874511,0.2975034802601185,0.2658231597409403,0.28357435515022783,0.287388893501347,0.2429023675167003,0.3050255437868087
1056,0.38737994,0.37404987,0.38260132,0.3495257,0.4543846328037192,0.37524918653609485,0.4048388269183688,0.43189928067170236,0.47417510425898957,0.4095333041426292,0.7620638826437505,0.4146861680579962
1057,0.61036,0.601967,0.59587723,0.8111167,0.7157146089821002,0.7123913512958224,0.6754793264683178,0.7788847133603027,0.840197954594774,0.8323754634359595,0.8417062920239466,0.7134731414589632
1058,0.60877866,0.61527157,0.57613695,0.84421384,0.7493879802522707,0.7413643474061147,0.7164049932436859,0.8448819426325281,0.8788654555055366,0.8666249267180351,0.9596160049002957,0.7366485354391578
1059,0.6600706,0.6647986,0.5986925,0.8620303,0.7727303530825792,0.7687192131498426,0.762464081783754,0.859075520861613,0.9058215107302562,0.8984110932914555,0.9897656354256117,0.768871889629477
1060,0.31704977,0.2966921,0.3009606,0.1690939,0.219705677803953,0.2630065226027586,0.25239958082120767,0.18022849147449244,0.23262535627331277,0.25096416848596875,0.12802314745075757,0.2688702298493849
1061,0.33804044,0.3235025,0.32044366,0.2332774,0.28090670991476396,0.31347785518652044,0.28816200883410426,0.2611205010495765,0.255497253338945,0.2631529979793977,0.21433188893888158,0.29215020137123937
1062,0.31952927,0.2968382,0.32388645,0.22362967,0.22889145586538656,0.2676820532411255,0.26197160004320336,0.20216174697650277,0.24256808492288676,0.26555149999342065,0.06959114875091352,0.2768525393881046
1063,0.25807136,0.2597208,0.29240888,0.200007,0.21545551969179028,0.21937903832110583,0.2277486174113809,0.1631200767583251,0.17131608091914083,0.20656091953710992,0.04662401831709025,0.22798108054767924
1064,0.33011034,0.3192492,0.33488652,0.27849746,0.31728392436540453,0.3693866600778709,0.3188465324855284,0.2912955501258546,0.2574977206867536,0.2784728112051003,0.3194921290949444,0.3065716361996328
1065,0.3002975,0.28720525,0.2993086,0.18744734,0.225874292656359,0.26308207853082094,0.25460113861507205,0.1994808800245043,0.21007329863407218,0.22775770063416195,0.09385108186804039,0.25140991760886905
1066,0.2747268,0.27427825,0.29023224,0.20769052,0.2308656211348783,0.23734176907700194,0.2444425027346301,0.20633300873715504,0.20615118667936447,0.23739137835885496,0.15102857637515357,0.2469983758277119
1067,0.6092657,0.6234664,0.5859104,0.8650438,0.75419210920587,0.7479527198278786,0.7291478786470078,0.8544645766442824,0.8860676346829909,0.8775659003455349,0.9762359147256527,0.7441028233000002
1068,0.31822973,0.31144288,0.30719572,0.21345186,0.2590007401279833,0.26293421754386104,0.25965757908536885,0.21969745797535425,0.23535890069599613,0.23990316259756286,0.2003042715534598,0.26837486955870304
1069,0.2633492,0.27126402,0.2969119,0.17425327,0.22184838761377348,0.36025885067835983,0.22979095944295452,0.19196706387662105,0.18945633135687795,0.21146768350954495,0.055707396593954114,0.2411621921602017
1070,0.31487116,0.29989043,0.32353726,0.23408528,0.21523977466811148,0.2358350719115275,0.2646191008765303,0.20101045173856713,0.26282494921154526,0.25408475431337035,0.08223534041754729,0.2737784765162507
1071,0.25142956,0.25634193,0.2901866,0.18242542,0.20396570221733662,0.27738137134547797,0.2073376473177358,0.16433371583741813,0.18312426536539878,0.23169821069706797,0.02281845441929544,0.2331256868929515
1072,0.34042436,0.33401245,0.3311724,0.26544803,0.3046327448121877,0.33814728863649807,0.30596063649282396,0.27749944323911424,0.2763291784238643,0.2845207241797897,0.3009260877055038,0.3059505097506808
1073,0.3193131,0.3068505,0.32535988,0.32351986,0.2832121947230314,0.2887632214161945,0.3141404197623223,0.2581910726572065,0.2875496144481719,0.2926359608763148,0.25976018350349117,0.30481869719839116
1074,0.32659492,0.3193137,0.31613192,0.2391387,0.27294059028254597,0.2874229181384609,0.34696005035914884,0.29084883773892983,0.2548103976186621,0.2523017080037211,0.13331596229487253,0.29611593889184445
1075,0.38984668,0.38551936,0.36973387,0.33640978,0.37565967749419593,0.39587737670026446,0.38329486125999523,0.363786309853502,0.3460272512884461,0.34362905769543406,0.3761810122598571,0.3646097728061615
1076,0.37601998,0.3787501,0.37435877,0.34574395,0.3888513450858738,0.44319014699252063,0.3463363997167049,0.38277194582540813,0.355940414140693,0.3758034059453959,0.547177410060812,0.37686514377873204
1077,0.25058615,0.27333957,0.28414696,0.17158894,0.18726591279282384,0.21916317397545568,0.19757611797205415,0.15148714727024643,0.17422640043416632,0.19315338387320105,0.026524911673807838,0.22271559463951446
1078,0.30800635,0.32291692,0.32670933,0.260981,0.25805454207862166,0.19008350363404802,0.25095593493105284,0.22563827839060724,0.2161852321191792,0.23034818957950282,0.23358354013106447,0.2619889050285168
1079,0.30484658,0.31858942,0.32547837,0.22863388,0.26792266493294437,0.2605050682559558,0.25030644381416756,0.239131805260239,0.20459627611890485,0.2334681551125128,0.1798333253563387,0.2624386760143683
1080,0.36915922,0.3497983,0.35841063,0.32604966,0.3515299248455318,0.3961422358469962,0.3537046597647939,0.34465668618520073,0.31402520026161873,0.32432520968455825,0.34622641049144065,0.3447673020186146
1081,0.5696508,0.58930206,0.57911384,0.8744165,0.7580966894294356,0.7167369096378972,0.7123615067529702,0.8521137006240806,0.8925893553113038,0.9022756392726455,0.96306095946117,0.7368083856470677
1082,0.28845626,0.27418768,0.29089582,0.15923965,0.21722217982991526,0.26466160334160166,0.23966893720842547,0.17573691717183687,0.1963991990372022,0.23055303061463936,0.10380609826525626,0.24314276255842215
1083,0.30151394,0.29031092,0.3118713,0.19301677,0.2361148388549091,0.23546168877163617,0.2534389672592082,0.20549924872387013,0.22463625875208457,0.245758940409632,0.1277881990851229,0.2603261704769321
1084,0.29168594,0.29843956,0.29621047,0.17906103,0.40224730355949195,0.3232564973516795,0.37822532984896967,0.4064587309392159,0.2164592056702684,0.2249503367020312,0.18686093314900015,0.28677565274969385
1085,0.27259246,0.26529416,0.28826421,0.16631596,0.1816678872122067,0.22117177814002212,0.19830947614305622,0.1359817347110291,0.15229576426504926,0.18046874821954845,0.014919720264025927,0.21423399274087487
1086,0.22816344,0.22545032,0.26910365,0.14529493,0.1814445189353795,0.20076855258890602,0.18636006184898807,0.13365767161735487,0.1448757679037292,0.1793421400342103,0.02289380391388952,0.19851418163968945
1087,0.55533624,0.5658535,0.542323,0.7562293,0.6311348403403804,0.6548284646204616,0.6450178755867597,0.7281137508828295,0.8315312072918062,0.8129038275911812,0.7387537967517815,0.6777625732917218
1088,0.37151575,0.3580797,0.35034814,0.33952546,0.32348038890651437,0.35222582349006337,0.34697923758741467,0.3347269471736477,0.33110139150115686,0.31653352225202963,0.31064007360128565,0.3428142753756445
1089,0.32828793,0.3510066,0.35440165,0.3083799,0.3309958170813241,0.27930238893911896,0.31127440219266295,0.3038448729819994,0.2653176225073006,0.2906977529210492,0.37196248273817345,0.30929241431519233
1090,0.5402819,0.54864275,0.5242629,0.6769464,0.6359087097012132,0.6066038236507783,0.6035808074200493,0.6894473403625033,0.6523936424258479,0.5658622317711417,0.6099181160487241,0.585625547678829
1091,0.32632264,0.31741068,0.32632446,0.25072417,0.2673820392417575,0.27446248612615654,0.2774812463613645,0.2408400851843684,0.2885017750115057,0.30003598526997505,0.13882737884732785,0.29990959516733284
1092,0.3347005,0.3167811,0.33219868,0.2786617,0.24946513451035698,0.31254438471881274,0.29098367830574695,0.2456802035812502,0.3021554422591313,0.3210723756103663,0.09616294126751065,0.3119593880484624
1093,0.59911096,0.5996076,0.56740355,0.7524442,0.6817585853119013,0.6542764654941366,0.6914995039099718,0.7726873198946744,0.7490248415500053,0.683352853859869,0.7106306666107954,0.6589988081573948
1094,0.55335754,0.57948023,0.5323367,0.7791889,0.6619984555211751,0.6691358870185009,0.6665681793737206,0.7525171326564267,0.7886011494883657,0.7589730620725408,0.9123615730998997,0.6666905137719668
1095,0.5907483,0.6049329,0.58369637,0.8778219,0.7583531966118112,0.7365496689402355,0.7231650997595229,0.8574447780850593,0.8901570437772927,0.8880361486963408,0.9635964232224012,0.7411101140774237
1096,0.35279077,0.32977432,0.34987074,0.33925816,0.3091304941762648,0.3344122885186111,0.3462003704482186,0.3243362597717946,0.3076855639877639,0.33927915828887856,0.23766100561907547,0.3353785343669033
1097,0.33982253,0.35209304,0.34085384,0.33253273,0.36347961218802116,0.3127058189140722,0.3159818712544587,0.33428091542935234,0.2567651818340853,0.26821323214495607,0.3740749642817651,0.3115177675845558
1098,0.3906637,0.39840424,0.37750086,0.36090678,0.4459266624343131,0.43522390427129565,0.4010012839889412,0.4422162579483954,0.32575881418438113,0.34718173671442354,0.5104494982280648,0.3750715449021717
1099,0.5990349,0.6113664,0.5799588,0.83666545,0.7313026952870503,0.7366704329121158,0.7211874825320997,0.8344358501856446,0.8841759086493356,0.8740750221251987,0.9043771284097664,0.7376891883644235
1100,0.31977695,0.33491552,0.33859864,0.28379574,0.3321683263244886,0.3406393457217596,0.3054810302141495,0.3042877133600891,0.28673626431641097,0.30929683903882754,0.32177154804516706,0.3128747665610065
1101,0.6000868,0.60302037,0.57621896,0.82793045,0.6968871970084314,0.6994951192612534,0.7049797284750798,0.7891040928058007,0.8780510487412556,0.8649777726534958,0.8472726016443254,0.7260315860341464
1102,0.6282278,0.6273944,0.59511065,0.88469124,0.7777654885232375,0.7680247090108707,0.7458684811463636,0.871502205796736,0.9073790081758653,0.9105078279481222,0.9923254743562516,0.7615063997238163
1103,0.3278467,0.33518144,0.34150416,0.24271302,0.2776392202141586,0.28172866337215896,0.2675469599435274,0.22505859774462023,0.24300497449678535,0.272658494620452,0.07390450004763358,0.2869346205401796
1104,0.31646928,0.29858392,0.31131837,0.21591306,0.29314218092097466,0.39831267803723047,0.31362562891800566,0.251147434270474,0.2504347222467655,0.295455314406821,0.11479245238631974,0.29881858103249087
1105,0.30236557,0.27057457,0.31813607,0.26663,0.20400038014737332,0.30497105943541486,0.22616810258104741,0.1589792792961353,0.19639360385038024,0.20193050800241313,0.05689357150622572,0.24693983385705506
1106,0.35983628,0.3619967,0.35115445,0.3751767,0.3976687614931032,0.315563523033184,0.3555646693464746,0.37635814213459395,0.3219652008071161,0.3288043430035329,0.604771497698105,0.3469693646776678
1107,0.356159,0.33625808,0.3469324,0.30108246,0.28679298115680163,0.3345972256944139,0.34436300295481004,0.3113111813183987,0.3385563723786851,0.3291955363041193,0.23586549717024705,0.3391130471478476
1108,0.32611513,0.315171,0.3158538,0.2846371,0.24436485072347133,0.3546553135137407,0.2695065801237301,0.23345385663355223,0.22814833115552227,0.21882848069668634,0.26970999047752076,0.2739465530101356
1109,0.31238374,0.3000504,0.3085644,0.21043257,0.21265323224221705,0.24853926383901692,0.24898138631852537,0.19363445834686926,0.24574179221792533,0.24760687584415336,0.12841569533101418,0.2690319822321892
1110,0.37162837,0.36866927,0.37692827,0.3171285,0.29318246002674514,0.3277773344255559,0.30556294329830913,0.2939635598872568,0.27361803996482703,0.30227771683511745,0.1425701064608239,0.321969906655774
1111,0.42582655,0.37188846,0.3925139,0.34846964,0.3413379339725573,0.43002818421793865,0.35319050778945116,0.31654505178924675,0.30150286061188786,0.31126807715212634,0.419584731206663,0.3540628681690675
1112,0.286235,0.2846027,0.3190976,0.24915692,0.24229826896527298,0.27184758403439846,0.27304675139449897,0.22676548763589363,0.2608086180466754,0.2718503707092559,0.19161808155540488,0.2847235610134263
1113,0.28177792,0.29902494,0.31262702,0.22539134,0.2767426763686304,0.28048833676213725,0.24943255812217746,0.23775643155449955,0.22773718317448535,0.26662338969643035,0.16084723860275274,0.27267720969140863
1114,0.37313062,0.37878558,0.3904123,0.40337533,0.40143169592772854,0.4409931639731899,0.406155985928898,0.4063929856935717,0.435823329581751,0.46226040826430603,0.5082230221040519,0.41905020816854355
1115,0.3055213,0.3093921,0.31411546,0.24651094,0.21250185376892117,0.32107019611131843,0.22829785567666178,0.19286356183615633,0.20497975035250357,0.23307102625939588,0.173370910930434,0.25778465445297727
1116,0.36418062,0.34031647,0.3755127,0.30835545,0.2535429834270685,0.3260601164940301,0.3051197297784308,0.28944431382499225,0.2532672896184608,0.29745739759633505,0.11660005513003928,0.31196872907063383
1117,0.32169908,0.3271683,0.32370105,0.30039424,0.3146852766584244,0.2597025130082809,0.31437842028076224,0.3155612465946068,0.3053531912284257,0.29639364814135116,0.35214451866433427,0.31367317788652416
1118,0.2173605,0.22377062,0.25207165,0.09586318,0.1353771621530658,0.13880124880417982,0.14207476687581824,0.07898952786473944,0.11851406731730436,0.12966514760515538,0.0247123580169889,0.16852215810608284
1119,0.6044258,0.61584795,0.58487296,0.86781055,0.7665712552040438,0.7753860715760752,0.7266052568956235,0.8533913366294097,0.8659717125683042,0.8660163766688493,0.9770396635694581,0.7370002973540162
1120,0.2964164,0.30511168,0.31404367,0.24280174,0.2617020314565721,0.4481727924137126,0.23845192067521412,0.18370745314491105,0.15082105386207595,0.20211568561600096,0.051366565100883964,0.24816241670338987
1121,0.3512951,0.34980682,0.35505992,0.3104132,0.3333940431012778,0.3523974980245145,0.3211090790206632,0.3214890998863019,0.2920123520503489,0.3018068607464772,0.4247597767005623,0.32386020847879643
1122,0.34822986,0.34393767,0.33689946,0.28504422,0.33343279925245,0.3697030007046392,0.33008279184511347,0.3188534501393588,0.26597125822102213,0.3012507132237884,0.37370676348518106,0.3181879058703939
1123,0.3422858,0.34995893,0.34593815,0.24643144,0.3175823020347185,0.34685115923514964,0.3243395464663002,0.29575850619240224,0.33549949798959616,0.3537105420285255,0.24859891676862483,0.3397747442676553
1124,0.30019325,0.309199,0.3159628,0.27542824,0.24396042949647923,0.27853943384325863,0.2708878169268827,0.22595910559705468,0.2441283386026578,0.29293675606454606,0.14407329966546595,0.28424100690205745
1125,0.3401085,0.33871156,0.34982914,0.31296358,0.34210377478808635,0.3712008700617233,0.3157210783708858,0.29843462028453727,0.2797821549819183,0.2883172003088649,0.32450190007491125,0.317175711714971
1126,0.3163124,0.31904072,0.3326661,0.27308255,0.3226058688366359,0.30802255648932275,0.2796994971097343,0.2793977414088763,0.23835577860905346,0.27912462118490267,0.24050597184664232,0.29487726073355874
1127,0.6114353,0.6216093,0.5859088,0.8733978,0.7603126342291648,0.7820866337803791,0.7462224339576896,0.8534964298067322,0.8854324997042109,0.8889910926914206,0.9857778075619855,0.7497073136407274
1128,0.28132877,0.27466527,0.2952965,0.1859248,0.23322397410659032,0.3009098235315056,0.25847358343237503,0.21301752487294384,0.1932510160522944,0.22248606222308437,0.09913154055920637,0.24797290873970898
1129,0.38695994,0.39153978,0.3882201,0.4186646,0.3669287307839663,0.42587804401401314,0.3831191611110159,0.38077906444640375,0.3971822596634856,0.37829924431815826,0.45020278251790324,0.388544817231713
1130,0.5518562,0.57675296,0.5361647,0.74348366,0.6753707254720632,0.609466052396801,0.6504751827153037,0.724372019580057,0.7294431963747956,0.6847772600961689,0.9188384817018138,0.6330416048376183
1131,0.3073053,0.2964588,0.321836,0.23935294,0.2770039115731026,0.2487691065456835,0.2970501231996033,0.2623745475897397,0.28424332903689054,0.28868163887156806,0.1736880795803934,0.29442809473005765
1132,0.37221447,0.3683001,0.37474096,0.4064215,0.37125008080767435,0.4340550284582507,0.38033101639815337,0.37954781696146467,0.365255040785016,0.3922095661282242,0.5210280086955932,0.3811467355523498
1133,0.56681746,0.58706176,0.57003945,0.8595007,0.7068061020116593,0.760074389058118,0.6739299566319776,0.8097631551349537,0.8614592627936843,0.8644619599806284,0.9457933477940079,0.7164282454752096
1134,0.40055853,0.39926314,0.4004806,0.4606959,0.5327394213425353,0.4659064322154399,0.41367094839022817,0.5389275281981136,0.37712440819011156,0.37050924742345914,0.7171691272756814,0.40895903835772873
1135,0.36995274,0.35392824,0.3738181,0.40667963,0.4123858253090315,0.3787702032942843,0.37667455320022913,0.35640448985934403,0.34609818277207977,0.36702312839873735,0.5327157801689766,0.37175532730358374
1136,0.3382929,0.32860702,0.3351236,0.26208228,0.2576646636746117,0.3400736980577168,0.2803988792679576,0.2398020433873765,0.25877376204086094,0.2820135081582048,0.21040918098251615,0.29595722891972676
1137,0.5153931,0.5301695,0.52468985,0.71288913,0.65747484446225,0.6080969128894428,0.608828273583201,0.7362486800320822,0.6561047512445238,0.5713558287532747,0.7695048612525524,0.5870134125872218
1138,0.29411048,0.3254779,0.32906777,0.33630508,0.2614942453554574,0.3312857909916823,0.28101747649074293,0.22347482992025505,0.2671984301556787,0.2691527900460361,0.08130778899528578,0.291059036018414
1139,0.22055581,0.22724776,0.258684,0.118803024,0.16482388560367936,0.16751132074629677,0.1541371582228021,0.11151337076670856,0.11370962470708404,0.12804908776881596,0.04814861967958902,0.1734718748058619
1140,0.3719274,0.39447135,0.36740297,0.34096718,0.3454905298088674,0.38380266497734467,0.3467941774978482,0.3237253820909767,0.2898516229997095,0.30133889008515824,0.3090219657689846,0.3375979393491227
1141,0.3243447,0.36192876,0.33595276,0.30289334,0.2945402960651262,0.34885968676827067,0.3264566631998828,0.29540623232088103,0.26999891149730193,0.27794174676493116,0.47193357462034075,0.30778543609502984
1142,0.22048464,0.21803987,0.2674943,0.119458914,0.17437148913765044,0.18408417721599013,0.17257025284898703,0.1253524800671503,0.1528790168218131,0.1881277008399501,0.03232301697935491,0.19690003143687318
1143,0.6036245,0.6207455,0.59302175,0.89014703,0.7587456921430427,0.7669477340886284,0.7319758134841658,0.8620905850852303,0.884770700770494,0.8810209564357387,0.9801689900404579,0.7470005501513122
1144,0.29325303,0.2943645,0.3110761,0.2274467,0.24400498317242256,0.2678676306457176,0.24019703617455548,0.20161151312723602,0.2209061953934198,0.2234802626507705,0.16140947256481591,0.25590208746849474
1145,0.59727085,0.6145491,0.57554734,0.8727086,0.7569429093959397,0.7316716809001698,0.728018993343833,0.8458220168327626,0.8662713647409992,0.8504974395065295,0.984306240339319,0.7289347929766878
1146,0.35416988,0.33871663,0.38190788,0.31734735,0.2648671435202687,0.3968342626686671,0.29025094863056367,0.24859493764569568,0.2731301401241627,0.30367233107910147,0.1540148107863974,0.3169835676464329
1147,0.26673332,0.26533696,0.28799883,0.1623604,0.18473180466650455,0.18297509111811766,0.21384146464526518,0.14728867351366087,0.20902275591434857,0.2278623576229267,0.039530133137754844,0.2342829122991546
1148,0.37687102,0.37561092,0.3645547,0.34789914,0.36867998996554485,0.35798890445301534,0.3617510012959974,0.34499812819769654,0.271024849319598,0.2892463111072348,0.3624447541049658,0.33361802873872687
1149,0.39939535,0.37376887,0.35527748,0.2862194,0.32137144369977905,0.35831680466294447,0.3275200046962314,0.3015693476239978,0.2592441874869872,0.2794095955833603,0.22830591181567056,0.32141849658658
1150,0.2907437,0.27470767,0.33808202,0.28342944,0.21806724216141582,0.2051168407211914,0.2425777018025966,0.20309558977227513,0.23978738755582701,0.27557990752820033,0.2008909573846264,0.2723466608811219
1151,0.27128446,0.27803713,0.2776638,0.18212938,0.20727353796295267,0.32807582191334456,0.23195906199349148,0.15899885874805628,0.1900016343004272,0.22112283817550935,0.0060820776206236046,0.24167899044960933
1152,0.4191014,0.3986307,0.3751963,0.40127653,0.4299837664087264,0.4602717077704959,0.41748689150457974,0.4169263326085142,0.3552891988845386,0.34950469840990106,0.59217584796791,0.3899367602748096
1153,0.3477676,0.344423,0.34652632,0.27972984,0.28837178483827797,0.31497352477344037,0.3183966123160716,0.30640364372988504,0.2968527080232177,0.3027816598054872,0.295660435925085,0.31941776851513953
1154,0.5995805,0.62040675,0.5792843,0.8591962,0.7491523393020756,0.726242923773741,0.7128705071918445,0.8426169249127451,0.8831776400423245,0.8759524573487021,0.9697760553939643,0.7360547809120337
1155,0.30768955,0.30562222,0.31815213,0.26286277,0.28021257713817266,0.2519413924399152,0.26827102673941494,0.24316152207279348,0.24439204496506478,0.25448714585422755,0.2058944057284613,0.279165591278951
1156,0.57357085,0.58151877,0.54954433,0.7506225,0.6405912956119522,0.6620379770138076,0.6655840578843719,0.742595198203861,0.8466206091467756,0.8246607526043388,0.8186352197674193,0.6898940715778026
1157,0.5708293,0.58508223,0.5565108,0.8359063,0.7320597885293955,0.7180032258502026,0.6921938877986216,0.8140578549578423,0.8651606770360128,0.8562044581082452,0.9270077131655355,0.7167817554390946
1158,0.3331664,0.31905153,0.32221055,0.20057431,0.24742289974346968,0.28411662512892644,0.29291069257900915,0.23380353016971966,0.2571074984141823,0.26894427777403646,0.09682764031941972,0.2888259330607862
1159,0.30262923,0.29870373,0.3204001,0.24799876,0.27683229766554296,0.25772497398226657,0.2548395615374466,0.23883461593618072,0.22405004245934954,0.24010857447294645,0.19265919390412478,0.266780620799923
1160,0.6013155,0.61260396,0.5811461,0.84918463,0.7294377693377612,0.7299921701757836,0.7013966416345957,0.8131548331763641,0.874871470139243,0.8614764533018912,0.9229497143471983,0.7290715436700512
1161,0.36329442,0.34863406,0.3488059,0.2825604,0.3055171882284164,0.38801156730517644,0.31596176483696586,0.2771198754509211,0.3058482504458181,0.3284383148906646,0.232835991414489,0.3326049523233558
1162,0.2530546,0.2416337,0.28527918,0.17528613,0.19552384820332935,0.24145546004639992,0.20711617270752095,0.15978370487460616,0.17954460981852444,0.1903983132948075,0.08510753335800922,0.22011327417893972
1163,0.5954685,0.5953954,0.56328833,0.7571732,0.7085914127454962,0.6752992027668814,0.6753358944169628,0.7825605381286442,0.7190034727534624,0.649687066500929,0.6496105752338444,0.6454832250056114
1164,0.32197046,0.30408487,0.33511657,0.27131432,0.23959780645803566,0.2551186424093405,0.29503547686850035,0.2515123277139392,0.24965226444302818,0.26778512394828907,0.0770692489217544,0.28189933583843985
1165,0.30632627,0.3010563,0.324014,0.26166216,0.29039226467935575,0.3164308250958552,0.3018056040663503,0.2635464500486598,0.3053404525808182,0.29559368705029543,0.2744774110594242,0.3084325645047945
1166,0.3603518,0.3557492,0.3421215,0.33741745,0.34442333293864336,0.3435539924810094,0.35975963978875314,0.332310007995977,0.36802535667938335,0.36073582951702426,0.48228816921269,0.3558790711833127
1167,0.3476405,0.34124118,0.35129693,0.29327875,0.28205161856528765,0.31108669593228466,0.3176045657447803,0.26225440029300395,0.30630945800703885,0.30306621521785176,0.19935973799160123,0.3207918280206632
1168,0.32496554,0.3266616,0.3283139,0.26751056,0.31354447913320616,0.3086139364554895,0.3102654160958833,0.29023559598588367,0.27595831772157725,0.27533270343175054,0.26621938908353726,0.30179870280524046
1169,0.27806395,0.2811066,0.29287732,0.1741865,0.20845776778256497,0.2448559864078439,0.24154662064009283,0.18743319063435923,0.20852573021573595,0.24573295690135394,0.05287237399708422,0.24773282494829568
1170,0.2859245,0.29196295,0.3108906,0.28630868,0.3413029574685159,0.33356816519490584,0.3402013090406478,0.3446280928095276,0.29392370823738784,0.31187724835128716,0.4268566773466273,0.3145599840882623
1171,0.638579,0.63781977,0.59894663,0.88013756,0.7486759482720078,0.7688419745367505,0.7437895179730782,0.8398431726596325,0.9090808212847584,0.8922559737705689,0.9928383504806068,0.7586080261300332
1172,0.21180435,0.20344481,0.25203085,0.10879624,0.1335834320709517,0.1057715365629334,0.14146660895611968,0.07413403044047967,0.12767765956695115,0.12714440506284283,0.009130114221664676,0.16692597851523322
1173,0.27960262,0.26928574,0.28780195,0.16546375,0.20329083576444199,0.2006404193233362,0.24507725858684531,0.17622680087846634,0.2065746345510348,0.23027986021232866,0.10066155065478055,0.24151924029738298
1174,0.34741506,0.34744453,0.33706155,0.3137023,0.41218832046370724,0.37120771773373296,0.3894574458055357,0.4318703361076697,0.3017776535921707,0.28027765584987474,0.5954283214151228,0.3388980736450698
1175,0.59663284,0.6015595,0.5588614,0.8003994,0.7003485952927925,0.7156536783316103,0.7047755934138904,0.7987296616321993,0.870328540026357,0.8451444246675208,0.8385758037852276,0.7176001181064335
1176,0.2500776,0.2570197,0.27250656,0.17688866,0.20446989257916065,0.18884639944174914,0.2240282827729016,0.16863363462039058,0.22287248727067302,0.2288317034918356,0.08421584149786199,0.23605232176044208
1177,0.57878053,0.595322,0.5854151,0.86985266,0.7372845016468467,0.6903812229461762,0.705127054161035,0.8305212809322695,0.8977227181645994,0.8778315252240922,0.9661586996981895,0.7323494184648193
1178,0.28651148,0.29097825,0.30850554,0.18431334,0.23266754980134915,0.29582242466819036,0.2328680493205038,0.2008972075865608,0.18664079339117973,0.24487535683895656,0.05461896624642556,0.25232427246449024
1179,0.2837185,0.27153158,0.28158927,0.14623186,0.17660612623503216,0.20667242882347375,0.1931321304173122,0.13514702723515187,0.1626529114148762,0.20131903424562286,0.04298673831170249,0.22029203697080404
1180,0.3094581,0.3054653,0.3046257,0.20721781,0.2676456060472679,0.29758938207578745,0.2874319370475392,0.24931007267965608,0.259323659559582,0.2579029889281239,0.19047336867361592,0.28494283423437905
1181,0.3337235,0.31339625,0.3305425,0.2708302,0.30172159855564795,0.32175540780464973,0.2998753403086473,0.27024696815910126,0.2985590716168424,0.30756830681073083,0.4045956357963905,0.31769728243890427
1182,0.358289,0.35810265,0.34913084,0.29133764,0.3280560892857197,0.35180471881050557,0.33004429383526535,0.30832235321871077,0.26715824230898305,0.28161441325881764,0.30402307065744283,0.3167364123559134
1183,0.6506586,0.67153156,0.6094545,0.86859095,0.7686535572010631,0.7456668818794003,0.7514504869690354,0.8677148768366336,0.8950292778796985,0.9082034017828505,0.9622677820071692,0.7659459222415584
1184,0.29431105,0.30357563,0.31577265,0.24501543,0.2838812752275096,0.34646311076138203,0.2700092305930724,0.25350205588025054,0.2554694764546201,0.28741188729547335,0.09701961691869264,0.28834896813174965
1185,0.33198208,0.32230768,0.32144865,0.2470779,0.2619682055036286,0.30846990370535876,0.27888177090414723,0.2270530485129883,0.29257385556694204,0.2841117525755652,0.12924673427934352,0.2985313873477901
1186,0.31907803,0.3097336,0.32754907,0.2654063,0.27435917986418024,0.26848539477559996,0.3083354416837456,0.28233245807283597,0.3222262549989757,0.3001415765723713,0.3314850530912082,0.31372551819529104
1187,0.33599234,0.3279231,0.33000308,0.2719354,0.2751842472078172,0.4004715547353121,0.2821854664093853,0.2412556042078339,0.27971867420659746,0.27023539435916294,0.20027606539916148,0.3014238883515673
1188,0.32939744,0.3094701,0.3410322,0.28649324,0.2708172180050786,0.2743274579962768,0.3094778289243717,0.27519169273833555,0.3037052999483499,0.30413182818744594,0.20039107651742388,0.31071919430372025
1189,0.25140196,0.26357594,0.2782908,0.16687901,0.19160138915065486,0.21376684822381004,0.20408536177374792,0.16080670456726592,0.18321255909566708,0.2079318638266953,0.08875607897183985,0.22274773260807015
1190,0.3403811,0.32864448,0.33557177,0.32567397,0.31870671183073346,0.3350260460558701,0.321123668966162,0.2999686545673611,0.2734894466112041,0.3015840727629945,0.35325880398838294,0.31847522131421974
1191,0.3726433,0.37503743,0.37530002,0.41429335,0.4028620900307696,0.42275119472484207,0.3968494858151729,0.39323442528450925,0.4513871373170505,0.45262077551370383,0.7118950329356534,0.41638140963026943
1192,0.32623267,0.32136288,0.32487375,0.26949728,0.2997876965368042,0.32598361191983516,0.34959028862263863,0.27901786558596997,0.3275366300564227,0.29847460482681976,0.1750186262581363,0.3243375019386886
1193,0.21926677,0.21749239,0.2590917,0.11747579,0.1441104351635007,0.19495001735682266,0.1565058730300879,0.08432779516722888,0.1216076266204836,0.15178026955102544,0.005291549558761021,0.17649910406016342
1194,0.34182495,0.31837082,0.3313936,0.28640765,0.27112403189464657,0.30260988377522013,0.3221941232635501,0.27809250917942924,0.32860832819295754,0.3205444854135436,0.18535835265851147,0.3268864776879109
1195,0.3542274,0.34824806,0.34573528,0.30108684,0.326507025470665,0.3423856726177202,0.31747008821599476,0.30760346321444115,0.2822157482354769,0.2898259897403931,0.26234497073151103,0.3192292410486682
1196,0.36747628,0.36264074,0.361236,0.3266848,0.3584782020387331,0.35868308977480057,0.3274271766889788,0.32527106805170475,0.3310679204080504,0.37733126211841334,0.4198174611141692,0.3531736794746922
1197,0.6409488,0.65933394,0.5944751,0.8165943,0.6899760258107511,0.7436647189897927,0.6897160602874786,0.7171383886599749,0.8776837595421678,0.8679354361082554,0.7913336208045504,0.7308135752256957
1198,0.355107,0.34558043,0.33971128,0.30856028,0.33072279320154635,0.4159599952668104,0.33029564627011,0.32844277105488656,0.27885035314951284,0.2926910237562315,0.36210596041289256,0.3277951657815002
1199,0.26883134,0.2590705,0.29808453,0.19994901,0.23406334104027066,0.2376258776008969,0.23475708134152926,0.19532807339138167,0.1909848781251507,0.20658469759786371,0.20674823952502583,0.24034109625058026
1200,0.31765804,0.30493844,0.30687147,0.21220069,0.2372558911535866,0.27357205110567523,0.26783346215016746,0.21619118730269454,0.2334342310457941,0.2587662103444169,0.14126625396302303,0.2700393942707263
1201,0.54670596,0.56623113,0.5297952,0.7723098,0.6732889256954082,0.6857834120597238,0.6397918330635572,0.7242144718856729,0.7379040693295413,0.7116642029943328,0.8933389070146456,0.6447625807247099
1202,0.4200038,0.41292056,0.40099993,0.41076976,0.4740277095850929,0.44890154852664904,0.3952691983640154,0.4709889928892788,0.38969759755715205,0.38860639181689466,0.5755954572152672,0.41033271256704695
1203,0.3163249,0.31337222,0.31807622,0.2633925,0.2584662743389655,0.23321427968888692,0.28002766260438283,0.258547177917872,0.28177020570481204,0.27215949641798376,0.22594274754974872,0.2928446353988132
1204,0.32574216,0.3435206,0.34216586,0.27436185,0.2764213351773669,0.26498199123941346,0.2968549826829749,0.25607804144739044,0.24154585649109234,0.26872165975028295,0.10208983144515822,0.29426216196462207
1205,0.30366346,0.27475756,0.2947484,0.17821515,0.22296949831154472,0.22639916995372195,0.25492667379683837,0.2008436843942479,0.24628818190164284,0.25872192218092704,0.08571099904919817,0.26884063022528387
1206,0.55994654,0.5777109,0.56136763,0.83320343,0.7234951712064144,0.6751154211698343,0.6994745032360146,0.8344114979315066,0.8582467412764722,0.849782097846432,0.9427362853040495,0.7120702559847574
1207,0.27376232,0.27307704,0.2958361,0.195761,0.21982726464860708,0.22573105497797127,0.21861851221915587,0.1861410928993825,0.20643680669727024,0.21373632196702008,0.09782672254591081,0.23942665712755548
1208,0.35998458,0.36489415,0.35715216,0.3202928,0.30375238227678575,0.326634383000029,0.3260031879978687,0.27961945793986015,0.29048789369364153,0.30132053932417435,0.29783119537769337,0.324581178555687
1209,0.32596427,0.31516904,0.32890004,0.22518925,0.28363540385032554,0.3403579795737554,0.28985526057152927,0.2665867340798449,0.2426586777903749,0.25712725399843234,0.2390619483258,0.28600081930666776
1210,0.54734075,0.5661368,0.53425676,0.75652677,0.6468783146093238,0.6186627531083733,0.6355457266799951,0.7300630131713965,0.7358505717271011,0.7099526021768341,0.8497800956523855,0.6361342512670561
1211,0.5747463,0.57409686,0.55276376,0.7449781,0.6512192249692063,0.6906210849677022,0.6424000747333077,0.7218480327291631,0.8092602980220386,0.7817771688338303,0.9047578784117203,0.6753737039710531
1212,0.5319272,0.56282556,0.5271946,0.71955013,0.6181724883323101,0.6708531738363319,0.5666066714106659,0.659435937399768,0.6647570577169146,0.6448196125314493,0.7160363394947391,0.593403415224711
1213,0.35386473,0.35441738,0.33801445,0.30460054,0.32589409278765524,0.4504033795426278,0.3400918691600285,0.3219124919781403,0.30003163223933094,0.30975688800237666,0.42271591479160886,0.33334314090750666
1214,0.31468683,0.31596157,0.31674704,0.2372338,0.27252585463392487,0.27464104173734494,0.2814586974314719,0.267197538671075,0.23354162841608214,0.25558885183339786,0.20428585486652073,0.2794817195266316
1215,0.27513412,0.2838374,0.30469427,0.19150537,0.23532480539705433,0.27390625743271585,0.22834681503216941,0.19039574883134902,0.20623089448680706,0.21459144103924427,0.15571644483116115,0.2440539990803206
1216,0.35258564,0.35203105,0.34542325,0.3042204,0.31434521994210296,0.3826775914570128,0.3032535340270444,0.2868353164057978,0.28909420044321643,0.28979014271696274,0.3089934507432522,0.31956081927593777
1217,0.26921207,0.25989577,0.289524,0.16805978,0.17946670361299266,0.2134520404211427,0.20466994415453482,0.13319740977699115,0.17716932404256497,0.192467790368815,0.024026488570594008,0.2209521516686467
1218,0.5910323,0.6029945,0.57616925,0.8267956,0.7128179120154254,0.7350966731994711,0.6911022233136174,0.8099531318589255,0.8295895902891168,0.8226242646592867,0.9342960858831422,0.7067076445324837
1219,0.57766885,0.5962307,0.55280006,0.76154035,0.7187686502135731,0.7097104899468704,0.6752732666748132,0.8065343065133554,0.7575746198658171,0.6820239206395342,0.9665370602282263,0.6614221260575938
1220,0.36980957,0.40348738,0.37781292,0.4356807,0.46599398636912603,0.5105073650888607,0.41839088667472135,0.46047875605825617,0.4340317330923146,0.37345992513088677,0.7247104945003842,0.4098797196006325
1221,0.3099663,0.3026287,0.2983754,0.17920041,0.23944707134109758,0.2430938296948662,0.24302736420280385,0.2032162148911379,0.20533726752143783,0.22135221582633324,0.1506802681769927,0.25098836811250985
1222,0.27803808,0.2725866,0.2918639,0.1816695,0.19793052870084998,0.2382528843789255,0.22884763399911012,0.16035902918578762,0.19047631977957175,0.2104141825478596,0.05596276171442775,0.23512594973723094
1223,0.33455238,0.32469544,0.33120614,0.24005255,0.2679854523476912,0.2670848399921372,0.2718869391114486,0.2243838147596789,0.21602441556094293,0.23955539832911743,0.1745734385907438,0.2747547359324624
1224,0.2828365,0.2787958,0.30620405,0.20594087,0.247334564224297,0.32731665835818646,0.25187889957670395,0.2050146937514397,0.21892465980848308,0.23529986163506805,0.06371096941579728,0.26141927299549444
1225,0.589271,0.6163811,0.59029555,0.86758775,0.751330633315197,0.7462309551315258,0.7186726864549506,0.8458409975672818,0.8912707795615262,0.8931287406340287,0.9431622513184141,0.7434163529018034
1226,0.2571512,0.24415192,0.2767196,0.15048721,0.21534719789482915,0.29549396319436383,0.24010510131191726,0.19040120485685835,0.18622154599955634,0.20890213232147628,0.07004818157596479,0.23326650281162845
1227,0.27116418,0.2649849,0.2892869,0.1988276,0.21332947406685104,0.2622884597988091,0.23050770925237915,0.1787692087348121,0.1894219758597772,0.21194682815646998,0.04091311394909526,0.2407017265718087
1228,0.29443166,0.29458988,0.31759232,0.22755,0.2466108439069135,0.24871096084963354,0.2676204625177335,0.2357161753505143,0.23229168234290615,0.2520728212324754,0.13181365003133877,0.26982552492615686
1229,0.54452294,0.5814652,0.568896,0.8743245,0.7462692318120135,0.6905109528210481,0.7077808096539593,0.8394724426956726,0.8610660542721307,0.8823021947213128,0.9521564722209244,0.7204724615120315
1230,0.31170368,0.2999479,0.3157541,0.24546584,0.26740585892759494,0.2868905161556558,0.28332985900010915,0.24970444264951946,0.27938232163026216,0.29902611360889675,0.21050074027255006,0.295022263907181
1231,0.3057964,0.30490226,0.30757907,0.22164568,0.25617086404652933,0.21176583841047733,0.2772652875068305,0.23171708105332983,0.2231696841771833,0.24321235738334787,0.26846845754113036,0.26643239305020366
1232,0.63302135,0.6326047,0.5963502,0.8976594,0.764755553190289,0.7965379193219667,0.737851452163502,0.8681521752994825,0.907518764456858,0.9080777740589004,0.9911554378298844,0.7621956876140381
1233,0.3180016,0.3080808,0.32920977,0.2409271,0.258407407730592,0.25543110371442485,0.28876450742574805,0.22284519656038454,0.24356174922714025,0.2735573327409181,0.11419819250784524,0.28186951426496076
1234,0.3613109,0.37049422,0.35905072,0.32939714,0.3779650185236128,0.38699648880425663,0.35410841772609375,0.3558307429327326,0.27374204476669695,0.28010928508440963,0.4816495965457153,0.3296298910554166
1235,0.3122496,0.3099022,0.32126504,0.2485131,0.28701675916327407,0.28021983094465697,0.27510354320506675,0.25556366683370707,0.24037830563834645,0.26030732205636375,0.25916910362986567,0.2819901003534913
1236,0.6033095,0.6073379,0.56454813,0.78834903,0.7394687958774815,0.7003935413615507,0.7118777580509984,0.8391721295063098,0.8019893839922764,0.733025466934832,0.9460915691522664,0.6940426340822972
1237,0.33100858,0.32818514,0.33403605,0.25764722,0.2828963564112833,0.28512258134181356,0.28887787093091954,0.2640832845299805,0.25042966041172204,0.2739327793772641,0.16002437873923742,0.2903814664303802
1238,0.34807917,0.35058784,0.35086805,0.33077475,0.34080848658425245,0.427837331502153,0.3208001644807917,0.34589444918378554,0.2774508158218473,0.27237531160582734,0.31975955103930065,0.323677744537585
1239,0.35651278,0.42339492,0.37147853,0.36608583,0.43896819942172904,0.4308347451496025,0.42716890218031417,0.4399248535042557,0.42417402681300037,0.41431474231072807,0.6951902706311094,0.4094809256497718
1240,0.3518247,0.3490695,0.33868164,0.2721297,0.3068569804266793,0.31241861927900616,0.311190752630685,0.28130627822824605,0.25528228279899506,0.2664171419457092,0.2841057685944649,0.30277268954084485
1241,0.30133447,0.28785938,0.31152225,0.20350897,0.2256146533436291,0.3112546422261544,0.2578461387636144,0.19668043479489933,0.22800254485959548,0.2598738165389885,0.11011306109410243,0.2674308603574965
1242,0.36893004,0.33783454,0.37316227,0.3464185,0.33365768546543384,0.32512871997656784,0.36403026107827124,0.3214734741651791,0.29058808351939924,0.3050178837101162,0.18802752693738878,0.33470892559596155
1243,0.3532643,0.44144782,0.36189118,0.30968305,0.30575110217290663,0.3365985037099016,0.32446219793562103,0.277990571952325,0.2454524501745654,0.2894756908884085,0.23187060450012176,0.31681511256800493
1244,0.29050314,0.2855324,0.29551268,0.19508545,0.23690228162214438,0.24649674516544953,0.25041831285718696,0.20500030081241044,0.23632842668468618,0.24426875693382238,0.19886514045108297,0.26040031394429286
1245,0.33607492,0.33544463,0.34719306,0.34447998,0.34348042325681327,0.40551692868026723,0.3386948742982087,0.3694154344810584,0.25609631908423086,0.28405876760163123,0.30478601887291534,0.31428728768788655
1246,0.32953724,0.31894702,0.33580875,0.3683239,0.37294205520361057,0.4017655208979738,0.4455746032531917,0.42427280659483113,0.3588620494420104,0.2803554425225127,0.39173797400526306,0.35120599677688424
1247,0.34145907,0.33553237,0.34953544,0.2654736,0.28274870206026204,0.3020466296635408,0.2839554178395335,0.253637126559079,0.2691801391734945,0.2863906382661962,0.13024920818299351,0.30077453424615863
1248,0.3377766,0.32909265,0.33887413,0.29425582,0.29093794054890226,0.2862208773027235,0.2969296092735505,0.27291027643255145,0.26742681397201984,0.28176337940593743,0.20621896256425556,0.2983766587048514
1249,0.58146584,0.5970782,0.5505392,0.775448,0.6845994040033758,0.6574717989033095,0.6534638607354242,0.7653385029660409,0.7494028961437946,0.6568451450683068,0.8074871079710011,0.6477713843526466
1250,0.32785708,0.33675644,0.34254342,0.32195148,0.3537184203062233,0.37809896955114203,0.33769507354147527,0.3384023359600535,0.246526100486074,0.2725977482411355,0.2314065000215777,0.3117452053912416
1251,0.28204378,0.27894485,0.30217165,0.20362592,0.23798040286311323,0.34464070384207524,0.24911028076858419,0.21329874540154217,0.20978246717759058,0.23223664971676766,0.06338600620945796,0.2585442374182176
1252,0.34181595,0.34261775,0.3597129,0.31602606,0.3422223765607116,0.3634496028212876,0.34402032446293224,0.32136402960024524,0.34372635089967146,0.36827736163044955,0.28973794577461465,0.3513433859518447
1253,0.32526213,0.325988,0.32724214,0.27445537,0.28971757320283886,0.3196981855198948,0.3113401631604219,0.28811791975788925,0.290135138853989,0.29071726890987365,0.305598436667721,0.30666812105115726
1254,0.30474332,0.3057657,0.3096997,0.16740504,0.25056023360824575,0.3417816567151935,0.24802676846678443,0.20166827729456,0.1950162033716086,0.2167017980942481,0.20504259870748856,0.25661018853701045
1255,0.27053854,0.26757056,0.2882695,0.18511333,0.22838573338536877,0.26018608176820296,0.23471344479636458,0.1862757732189197,0.18401776778284976,0.21685105543138317,0.1317096513158708,0.23884303023618675
1256,0.29582986,0.29899794,0.2992756,0.21915007,0.3477101272494376,0.35225209623729337,0.3041455313610574,0.3127136371913658,0.19843192027956266,0.25311275497971386,0.6625482916813217,0.27721921479107015
1257,0.26709872,0.2662582,0.28693792,0.18220529,0.21283851830587333,0.15252009933188776,0.22625079177080615,0.18237610376605184,0.20860981480529225,0.2196716839468184,0.13763658266427417,0.2367402284242513
1258,0.27855673,0.28774828,0.29660565,0.19265293,0.24099074496891948,0.27266768475975056,0.26167031567151844,0.2229653333040725,0.2239289788559109,0.23305902608646445,0.2222966339952333,0.25926997114270345
1259,0.42857152,0.36000982,0.3893038,0.34191886,0.3119299341245292,0.35549314404461374,0.33986515322747723,0.31340363091929935,0.3025671922943506,0.3318544088498976,0.14246612590698432,0.35303613649978066
1260,0.3671685,0.35105205,0.36030775,0.29049155,0.29081672969480055,0.3542605605519396,0.3110297001529906,0.29243804837594123,0.30414519814337543,0.3251006400390909,0.2052356477232924,0.33152957694699753
1261,0.30459538,0.29330295,0.30147403,0.20410888,0.25639036934936,0.2459541236385121,0.28330508923548814,0.2294249727140089,0.2326486171450229,0.23820897729425386,0.12405399605732641,0.2691481406562692
1262,0.2745696,0.27948952,0.29703224,0.19833751,0.2381708842304723,0.22260932575623804,0.23308364496796274,0.20067691203608012,0.19048703740004908,0.22368381963536388,0.13934153193785598,0.24110837581698177
1263,0.33133465,0.31811795,0.3502882,0.25672683,0.23170321507050767,0.27363626716998074,0.24943907463556667,0.18826441194724475,0.24789167641987087,0.27278374370161773,0.047666216968932106,0.28382762537587053
1264,0.32264328,0.3171646,0.3187287,0.22319663,0.2773118517140126,0.3109970914304666,0.29538020915004115,0.25123708639655373,0.26095742456814425,0.2936421636811817,0.2590078032430445,0.2970348182360305
1265,0.29030654,0.2853911,0.30141023,0.2312546,0.2614801559218061,0.29928673640250514,0.2563366766231404,0.22658222563803304,0.225167257277772,0.23642818295054419,0.10389217233276908,0.26478766683356747
1266,0.41215816,0.41568765,0.40527183,0.49209985,0.42727731603094066,0.3899369153846114,0.424805839181244,0.45233090681284427,0.3508425652291007,0.3662034591869528,0.4743998225219771,0.3937762893088724
1267,0.6060735,0.6168788,0.583473,0.8910696,0.7654632112853637,0.7671418695105607,0.7284047257122246,0.8669280349274388,0.8982297169161619,0.9098617182012034,0.9933472524323209,0.752055407781332
1268,0.2821298,0.28900906,0.30395833,0.2714291,0.4241633140970804,0.35951387081491537,0.4103920279811472,0.4497043050760666,0.2833466363581625,0.2651834629018188,0.47421534223512296,0.31712197772535095
1269,0.32800776,0.33094567,0.33346516,0.27974176,0.2991010912540252,0.3237292303178362,0.29775910196290634,0.28420021000654494,0.24322436104167697,0.2556129289694756,0.20195539630555173,0.2942242114021383
1270,0.27477357,0.28201348,0.2934665,0.20086968,0.2371557000484943,0.21912011504986326,0.23073541374033155,0.20135000311927462,0.20698075027362267,0.24390725543896402,0.11831484549032831,0.2465596344717446
1271,0.2748956,0.27863038,0.2939993,0.18718651,0.2337140942152363,0.2794742270925947,0.2388405728436477,0.19280550634310167,0.19791296974219358,0.22908377996667922,0.14370472192469036,0.24704906166597826
1272,0.5918025,0.5968998,0.5579059,0.8261353,0.7085545901013456,0.6999911278862212,0.6936127909231725,0.8048950731891364,0.8709554543223176,0.8696020042756043,0.942174742655256,0.7205314493144575
1273,0.33828908,0.35003346,0.3493109,0.33325586,0.3358598445083609,0.365130282496712,0.3287442384424451,0.3267813775621392,0.31897190972496786,0.34800216684969565,0.5030534849588935,0.3397752462666578
1274,0.25871944,0.26154402,0.28009757,0.15710482,0.19236019168533341,0.20297963285144632,0.20393246546982252,0.15226614094821547,0.18160198286125817,0.21713301802426646,0.0500616505357757,0.22294982872951485
1275,0.3217466,0.30211022,0.31538445,0.20121923,0.25213044947183844,0.3306999755664783,0.2788523317769724,0.22552872606465374,0.25031016901350794,0.2756912226569309,0.13661060705677935,0.2837639108413772
1276,0.32710683,0.3199668,0.33014098,0.24919143,0.2693423338799909,0.29801104621443814,0.2925000775089587,0.26318251382925484,0.2549711389956917,0.27177316534383894,0.1995015023078215,0.29071648823747387
1277,0.5704402,0.59783566,0.5673358,0.83764803,0.7254367827017055,0.6984141572601742,0.690881280777327,0.8139233980538052,0.8496425453037532,0.8400236207865515,0.9210682496470362,0.7112076998575725
1278,0.3266752,0.3226557,0.3323609,0.23555186,0.23978801197603677,0.2713468469282632,0.27200287235267767,0.24794081908805735,0.23066643858132138,0.23732396895681612,0.10619722403950908,0.27626334815856235
1279,0.30019125,0.2851748,0.31472984,0.21083684,0.2136507506638828,0.26844700747882644,0.2579461575559153,0.20042206811004504,0.23327727960210914,0.26050490235499385,0.0788198446397631,0.2652149609577335
1280,0.6344346,0.6356535,0.5776635,0.8630338,0.7633501820768476,0.77928571738696,0.73883958410589,0.8555309408369242,0.9028179312096946,0.88470513909618,0.9961514183771885,0.7548690003132781
1281,0.34283155,0.34730545,0.35334343,0.3509859,0.332371343890008,0.3092624683502179,0.3062382401662767,0.29011784719109357,0.2590213513511262,0.27267130185521277,0.12989053411833398,0.30810904369894254
1282,0.341021,0.32477552,0.32883364,0.27888972,0.2950401561418585,0.33532464928869316,0.29536065370246467,0.2753357161148897,0.2600454855315161,0.2673619112911974,0.29842942313149184,0.2996595523733029
1283,0.3193954,0.3225705,0.3317642,0.26427603,0.27539710897575825,0.2528011185947511,0.2785021421665726,0.2579046591672813,0.2619242383360675,0.2742328903224589,0.21644918248356543,0.2893147821157525
1284,0.29778588,0.27639604,0.29397443,0.19203326,0.23486794046938503,0.22405791004360537,0.26323097990421124,0.21439940602173077,0.25556451191465535,0.25800968814764286,0.14817226636898342,0.2701451070760022
1285,0.28027123,0.29799768,0.3105811,0.19523498,0.23707374799895797,0.29799594213593517,0.26002313329252014,0.22124013428495637,0.20520922131242586,0.23960102416938342,0.1353073885773763,0.25805771556562196
1286,0.3041665,0.28850907,0.30652982,0.2159489,0.25204846904422645,0.2484556776269487,0.26884720285485175,0.22428591427611852,0.24259229178668554,0.2509489282875268,0.08350908902181316,0.2701530573220351
1287,0.32453337,0.29243538,0.31700596,0.2010794,0.28175937851202926,0.29784053356493806,0.34287773737003696,0.3052941276591497,0.305669884811397,0.30754562164143556,0.44733467217875883,0.31262228431392347
1288,0.3100716,0.30803657,0.32928264,0.24976547,0.241541646816606,0.2763808641347835,0.2700725022986999,0.21975625886163314,0.2537799788716648,0.25300815314712555,0.16472781276870554,0.2836366700931011
1289,0.5850689,0.59299445,0.5548986,0.8119639,0.6955935416017035,0.6969425023146343,0.6870966652568861,0.7833819696321285,0.7961823994916851,0.7519685889670586,0.9526196031787946,0.6845767740047648
1290,0.29166263,0.29441935,0.30496138,0.21315673,0.23569125858515946,0.24298270804450023,0.25126019512475267,0.21773260498162794,0.21883074723850277,0.24671438694672548,0.16443980018627663,0.2584702842171965
1291,0.36171108,0.34819636,0.35111144,0.32912302,0.33284222076796377,0.3589067178013114,0.3617230722667558,0.35539342829169074,0.3221160023864673,0.30249825761539867,0.3401466057714022,0.3361237550511461
1292,0.21954402,0.22569378,0.2537926,0.11869045,0.1722214015205096,0.1589059749921244,0.16893788466276285,0.1277753412235893,0.15807665074834568,0.16565977069796034,0.05869576429690837,0.19212833160413792
1293,0.33508348,0.3326855,0.3319946,0.26433632,0.29781714152561556,0.2877297062638217,0.2957557060739711,0.26895524473887195,0.24060301658015124,0.2607460969370098,0.2514027686002257,0.2927224978336366
1294,0.5855594,0.61781764,0.5782491,0.8445107,0.7431528371592984,0.7285500934059097,0.7103392901160761,0.8336389638044285,0.8557260711627528,0.8403304055555767,0.9578874785545723,0.7203317715096733
1295,0.34759563,0.31461853,0.33517528,0.2273173,0.23332174447521448,0.27259420626311237,0.28740727171149044,0.23178791637604945,0.25447480278809,0.2913124148999532,0.06930344718771468,0.29273008734235173
1296,0.33645105,0.31666437,0.31176895,0.26268944,0.265694337516886,0.3185410014392091,0.30726247149163993,0.24682707291447614,0.29131642179964473,0.28866817340188655,0.36872418392407114,0.30682671648875487
1297,0.55521625,0.5871941,0.57442534,0.85797465,0.7348070407215836,0.6987831253643605,0.7029829089888918,0.8294685554877017,0.870020887597079,0.858407639964956,0.9381899487703155,0.7204013568448557
1298,0.35550183,0.32646215,0.34253877,0.30394226,0.35669647082312145,0.31214411093413297,0.34576943694418094,0.36230670117084685,0.33918712321486066,0.3125831254372435,0.4069099066023073,0.33995778108368235
1299,0.27803248,0.28530475,0.3016972,0.17040403,0.23224841387709816,0.2210305066522415,0.2360767525998293,0.18817191855330478,0.1814148216915031,0.20521150122266416,0.06421839353359082,0.23619986001312582
1300,0.29711255,0.28589377,0.294406,0.18644759,0.254311470900398,0.2623718243711917,0.27673336185448716,0.2343880097520476,0.25348382612456566,0.27905376986648783,0.0972920187859663,0.2772224426132117
1301,0.50894034,0.4944133,0.4833456,0.63359785,0.6714439030542707,0.5843355889508224,0.6090234970607773,0.7209980567730137,0.7068116399336979,0.6641153582350479,0.7168049336814301,0.600236344842395
1302,0.35160476,0.33622554,0.36190343,0.32802162,0.3712222940480901,0.42019878431041124,0.3703740769888171,0.33349633274196694,0.3376332439463549,0.3510077851784447,0.4535800782156649,0.35295101279373764
1303,0.49668804,0.51992947,0.510712,0.7147662,0.6002235937840102,0.5588302974232551,0.5404244241931991,0.6379314871432898,0.5989849411392681,0.5837669954814977,0.5563414405200809,0.553741838533989
1304,0.5808323,0.5988126,0.5664448,0.79645854,0.6880304763223771,0.7341688069906525,0.6708522313395495,0.7831234248553633,0.8686163078487399,0.8638522074103332,0.8261307727280869,0.7161271149582689
1305,0.55734915,0.5291662,0.516401,0.68376887,0.6481152963476245,0.5981808031857778,0.6256553761776634,0.7178087212552602,0.684547829866775,0.6346657675376156,0.7194908508633363,0.6060468437911914
1306,0.308335,0.30850774,0.31299585,0.22287288,0.24449784894688245,0.2580211271345685,0.27451573225106457,0.2205413767567676,0.2352948869358364,0.2660631191885724,0.18962156735930985,0.2735075562468955
1307,0.31046763,0.32043535,0.32319897,0.24591336,0.30203467178770016,0.2959151575229629,0.26988005807170545,0.25035919342999985,0.27752473009019996,0.28432582255136596,0.2694356754242321,0.29698467195277367
1308,0.24031086,0.24022117,0.26781684,0.14526784,0.18738984835582362,0.1588755930612317,0.20498711648928997,0.1543781825542292,0.17477689390417797,0.20399186226111002,0.07818708598951309,0.2130857076370146
1309,0.34495562,0.33607548,0.32522315,0.3033987,0.35098104890697884,0.36233788533163136,0.3288647244956704,0.3824786723179978,0.22334778656443652,0.31095761836525065,0.18310595859932283,0.3088014227046092
1310,0.30874535,0.30158073,0.31226578,0.19275667,0.21862507287548497,0.23771574782815597,0.23745018216845257,0.19849750316529477,0.2273151347638825,0.24438123701176906,0.11636351825340072,0.2609917059652854
1311,0.37561452,0.37198415,0.37643608,0.3408586,0.3027314780090709,0.38176418681412494,0.29837992976484956,0.25755554417493187,0.2900100329649308,0.30819406794849324,0.21293768454714046,0.3293172813992217
1312,0.2854561,0.28747985,0.3037506,0.2321595,0.2512257632835674,0.2392557593286206,0.2702558568430494,0.22586791894089023,0.24038641700949875,0.25308880039035886,0.1863031053131843,0.2672210445752895
1313,0.3243273,0.32837072,0.32273033,0.27125803,0.3106154286595485,0.30782839420371505,0.31684360445803744,0.29164961922924004,0.26664421334432226,0.2792306427713834,0.373616413673372,0.30243887648570433
1314,0.17863008,0.18892723,0.23259282,0.080314405,0.13377279973937073,0.12436816479838593,0.13385475656028256,0.07536578150244946,0.10448448368099841,0.12157966485805309,0.001991776932019662,0.15140298953346007
1315,0.36062485,0.33711052,0.33721486,0.2664256,0.2755998197401138,0.380570695677437,0.3059441070867857,0.2705307402936673,0.272358121239517,0.2874030031656045,0.28843597757970085,0.3112548010320364
1316,0.3440155,0.355402,0.36680365,0.3791128,0.38286860125544303,0.4300052583670945,0.3854752611711178,0.38666032220415636,0.3076608392245013,0.3671884026017302,0.3787660398572197,0.3557194743117055
1317,0.29315856,0.2871143,0.3022563,0.19397819,0.21415366822796456,0.23325801029477028,0.24855648666868024,0.19692038162726905,0.22320373453319045,0.23746836400069746,0.07583579186596752,0.25463661820566347
1318,0.35465926,0.35031232,0.34915435,0.30957583,0.3295094692009357,0.3438130561992935,0.3257980348067394,0.31131483111850433,0.2775222933715468,0.29423549758686346,0.2317529213289741,0.3227993467641659
1319,0.25259858,0.24570307,0.2816093,0.16660146,0.20162336316722054,0.1810500169609885,0.22177843052749613,0.18209148457231872,0.18713535065513823,0.23684267930915087,0.07197731659137571,0.23041272770384524
1320,0.6026513,0.6182542,0.5804307,0.8452567,0.760020881908782,0.7491162994583824,0.7506062923944357,0.8611420089263697,0.8812582360063838,0.8545602379029564,0.9659599170843169,0.7419497405400218
1321,0.28789002,0.29336116,0.3140351,0.30256099,0.2667554715841287,0.2991109349774414,0.29596472269035096,0.25946570193446583,0.28621223817655606,0.29253991679980806,0.11376599756868415,0.29375373599705357
1322,0.29708445,0.32445276,0.3233311,0.2636899,0.3034314796931666,0.3389938741852379,0.2651785124506237,0.2728821032738592,0.22526648786966744,0.28702401055840754,0.3411568674724461,0.2874135117501387
1323,0.25171536,0.25488544,0.2818068,0.16154814,0.19270661240022982,0.2168142167834312,0.18048856708109492,0.1386928627551704,0.15627877067297502,0.17631880737441913,0.040636072851762337,0.20977752381493495
1324,0.29944724,0.30084544,0.32688513,0.22662047,0.2261746024645083,0.34022435057920714,0.25271281579915045,0.22835326455935445,0.23234318855625627,0.23563640505763503,0.08594889362759751,0.2727276838825365
1325,0.2664033,0.28303823,0.29843682,0.22996473,0.26058473064260407,0.24665377578176403,0.24793117053173477,0.21201900479067834,0.19877132820764248,0.2350772346862467,0.2222529992890975,0.2508976094823907
1326,0.55378973,0.5632626,0.540885,0.76795936,0.7106993502094116,0.6652405381509204,0.6600197965335306,0.7687894507909545,0.7296326026301313,0.7048788412650622,0.9127373559115493,0.6438450126896222
1327,0.5861801,0.55310476,0.5286898,0.6868813,0.704983311578743,0.6889320434854008,0.6767839712730471,0.762218432467298,0.7480420362332805,0.7009680438999641,0.8826451771707255,0.6520609378419808
1328,0.5037967,0.5190026,0.5140182,0.71694,0.6154460684737113,0.6004359664207362,0.564243508253541,0.648614677625063,0.7442760353741924,0.7612677101099271,0.8968409920975352,0.6218667504762003
1329,0.26426545,0.25990635,0.27671194,0.13740197,0.19510926964226832,0.27571219281006165,0.23169230562518095,0.1581243826393616,0.18673275303111728,0.21414720882418256,0.04396986152246276,0.23173134521147168
1330,0.66452354,0.680537,0.6131183,0.8874838,0.7840373864482777,0.7648828397077272,0.7657612086608305,0.8867635893672574,0.8960464726075422,0.8914292708821844,0.9923955263164432,0.7711554745987766
1331,0.3014473,0.2968659,0.3179212,0.24858038,0.2861755212328961,0.26824998237563974,0.2992359739701686,0.2508741064049387,0.25834756776229567,0.2638126489894545,0.16523656702104755,0.28987742424693386
1332,0.55255115,0.5861962,0.544036,0.751474,0.6852114586204341,0.6661461254651015,0.6125977201494289,0.7393045586531608,0.7392930254937154,0.7218735690624357,0.8735990064569779,0.6434315520934589
1333,0.34493414,0.34755954,0.35255146,0.3272822,0.3155918197431031,0.34858585972771394,0.33413791417446553,0.36010933817693813,0.32491770069726256,0.2882653659120573,0.4396801158830409,0.3345117463977836
1334,0.3480858,0.3367545,0.33467895,0.25034925,0.2849397983019063,0.2922263811667344,0.29173780372254365,0.2556782738360088,0.24405139328371978,0.24754603149282284,0.15569526156990854,0.29267800575487
1335,0.2673114,0.27798966,0.29301783,0.17664929,0.2184297148369952,0.26334828311927094,0.20377983873817263,0.16271808524579626,0.1830579452156552,0.19679603008736693,0.07591980461855047,0.23052105750596613
1336,0.35472736,0.34826115,0.34403506,0.25707895,0.2902703212194339,0.3245649180577132,0.28865154444402713,0.2537703117972084,0.25114611514254476,0.26941345239112324,0.265608481357906,0.2992551251693034
1337,0.26619372,0.26320252,0.29339358,0.17494644,0.20337105209592576,0.22030339288646808,0.21181872573515026,0.1395522189514022,0.18385311362174403,0.22839006318859062,0.04145286252402077,0.2322997538880145
1338,0.36314082,0.35910934,0.34193322,0.31492797,0.32215254677032734,0.3985861194283019,0.3224928057373164,0.3100285576450687,0.28657779617419477,0.2944125986468972,0.4079517432983601,0.3295154806074323
1339,0.34320757,0.33275956,0.3438176,0.2668832,0.2691676052672999,0.2813072251131183,0.28474107080742506,0.24338715710687925,0.2527004732090326,0.27101248565218317,0.22295563506105082,0.29209728167677473
1340,0.3770716,0.3512331,0.36084813,0.30404082,0.3348137919085937,0.30754038485730334,0.3237241225747126,0.3262321068360873,0.3251666156498064,0.330523430404166,0.3875991990159144,0.3418237890743655
1341,0.42756122,0.4841484,0.4110457,0.49517685,0.5368269162340279,0.5779387423769563,0.4811214455812016,0.534436876302105,0.609994368240321,0.5179834672212316,0.639261003608362,0.5085693704489651
1342,0.34512258,0.33725423,0.35152283,0.31639913,0.2993513850562163,0.30432032850106616,0.309499451448482,0.2843521564879603,0.26973564540048134,0.2771086313578864,0.2599859158561531,0.30857299205884037
1343,0.3584116,0.36687973,0.36768335,0.35815123,0.36167224548123494,0.3713931911909757,0.37522674551212976,0.3748005242878437,0.3627101227763686,0.3377155192289169,0.39270902672573527,0.36047835848081833
1344,0.6476012,0.6560379,0.6103502,0.8998107,0.7737137251070525,0.7898964175512504,0.7517708842126725,0.8730948614140269,0.9001185628255955,0.9013147055914692,0.9869386044874563,0.7655794098140205
1345,0.32902795,0.32784545,0.33606592,0.26995668,0.27664758484485935,0.2800164140159808,0.30252174062563864,0.26875217752008956,0.2904299783838008,0.29079055134960474,0.13523913867610254,0.30383173703388766
1346,0.2888751,0.28000602,0.30180374,0.2069777,0.24486209783905105,0.22424080432928312,0.2551391534189246,0.22152349215253692,0.22929810638437811,0.2489444855704456,0.11806216887167201,0.2614588339023237
1347,0.33167788,0.3148585,0.32281515,0.24884887,0.28682011091707665,0.2892424785623896,0.30125642034445244,0.26200328273802365,0.264604734841967,0.2763807915777398,0.19832069139944025,0.29656090401826096
1348,0.26663002,0.26577607,0.28792596,0.19340144,0.20432131723956384,0.2214656066586329,0.2174113031913369,0.18320874750649743,0.23081207341499402,0.24325103072192483,0.13461534794538105,0.24636673558697772
1349,0.3019852,0.28667137,0.3088662,0.21870978,0.2824279495219242,0.26496591902764444,0.28476000733563456,0.25648022049260677,0.22821544516801912,0.22593059700562682,0.13854164090362442,0.26998057655574853
1350,0.30240276,0.30756682,0.32068288,0.24582252,0.27230590921917874,0.32729250861786624,0.26655106785865185,0.25988473689249203,0.23039392712263762,0.2442870533978084,0.2173964469222373,0.27384074728004926
1351,0.39295658,0.45622772,0.3698203,0.38300318,0.4381912599440283,0.42425860405621396,0.40969266816441363,0.41283368769681517,0.4811909530770704,0.4094250670437104,0.697191046432377,0.4240104920738414
1352,0.59253377,0.6082295,0.5632016,0.85097694,0.7529084819648423,0.7139189991415784,0.7238882856404267,0.844126143002265,0.8586055668622248,0.8434251023692928,0.9776185831556201,0.7218363865451222
1353,0.3965113,0.47381872,0.39381117,0.45549592,0.5656052147073427,0.6114837836067215,0.49734541859254155,0.5843236238767282,0.5483849013311908,0.5102209088976735,0.7636323603954769,0.48834491536791075
1354,0.35813767,0.3478611,0.34593433,0.29713935,0.33051680410247275,0.3925277745590422,0.3351013853049104,0.3064421282858348,0.28160413896925596,0.30547318315518834,0.329060235594817,0.32753513487792935
1355,0.62055653,0.6322287,0.5999934,0.8859806,0.7646260235596417,0.7562691612190324,0.742947400028639,0.865565789379732,0.8930563581856132,0.8906486357970153,0.9706412139368721,0.7520812156972477
1356,0.29704085,0.29567444,0.32357088,0.28471312,0.32003784926583817,0.3380703781373978,0.3035335377511165,0.29908834173976806,0.2232268955995981,0.2507116718946055,0.21837414967845997,0.282507385742271
1357,0.30777422,0.29319954,0.30417845,0.22418626,0.2478194957160512,0.28446394249417295,0.2825174380015678,0.21734428489274182,0.24152830093033315,0.26100877031154224,0.1527013860181888,0.2768544980529441
1358,0.33894646,0.34260565,0.346745,0.26907673,0.2887347835906388,0.38791658175302046,0.29405740068130765,0.25716696791745125,0.24952166955181515,0.2901791242285483,0.3375092812815838,0.3007040473329231
1359,0.51738465,0.52328,0.52168596,0.7069081,0.4870563417430597,0.6496440949458497,0.5081255692051767,0.5606724668410518,0.7300941918605266,0.7512851192344119,0.5564027099480584,0.6054280610734544
1360,0.54489267,0.5656767,0.5549003,0.84377414,0.7303283983101307,0.6990742703725775,0.6892823521443074,0.8182976756476925,0.8770068831011322,0.8767701926897583,0.9752815420642907,0.7160643704696853
1361,0.33874798,0.337965,0.34028602,0.2659176,0.3376230645156103,0.3596119919094494,0.29653515864828006,0.2947829401374925,0.23093468135513523,0.27488165472652015,0.17708443759264855,0.2977441548119081
1362,0.5911212,0.60545576,0.57322025,0.8439789,0.7366650546821052,0.7548609013668011,0.6873663478253735,0.8100152633663205,0.8697905088703584,0.8766584993045663,0.9648642378420135,0.7237399432866117
1363,0.34053248,0.3334767,0.33300966,0.24820594,0.3213114733863818,0.36216354596500255,0.3327284948169972,0.2989490516123535,0.298028616553475,0.2847390813779401,0.3454049427483317,0.32009357317342413
1364,0.30747038,0.29980934,0.31729752,0.22517614,0.27918209403405847,0.3530686611888876,0.3100254601827247,0.25667025378619196,0.2655565337025354,0.29399695602591736,0.1971698565354553,0.2979934345490104
1365,0.29449946,0.28574458,0.29813215,0.21535611,0.22490808266254136,0.3683494765591726,0.26128861663195824,0.19254380512535288,0.22166775857934945,0.22459564229975876,0.0964453962654635,0.2612446128984278
1366,0.26319426,0.25098008,0.27441892,0.15286194,0.20001216851780254,0.2734735810374994,0.2004839448516586,0.14862192280828146,0.19888456986660646,0.19877107788008033,0.025233537297267395,0.22794312644072243
1367,0.30145502,0.29663786,0.30972406,0.2705201,0.26150720391021826,0.23340089799201175,0.2649699218746806,0.24341642182409434,0.2582379788589805,0.25731769536603655,0.17153245924345578,0.2789980443312639
1368,0.6008284,0.61621153,0.5780697,0.84339255,0.7319679810213264,0.7298632901867598,0.7126872793376512,0.8299035076649727,0.8503484894906752,0.831469271405123,0.9227920314738522,0.7196061881435915
1369,0.38524988,0.393372,0.3667969,0.34185478,0.4091163483732919,0.4429058282495853,0.37819833172196893,0.3835018396347537,0.30279306496988306,0.32158853903500784,0.4429623423334593,0.3604005078063506
1370,0.6314661,0.63232535,0.5713854,0.7705579,0.6339035715008857,0.6338529744378044,0.6588157625816313,0.7090398269080567,0.7508481733927316,0.6809303508359311,0.733986730063782,0.6582518678370676
1371,0.36055797,0.35600024,0.37055,0.3510633,0.3261434961805246,0.31638546009319646,0.3638961329616524,0.3319076112102529,0.31226146444639935,0.30203826502088404,0.3494251257720459,0.3374208136298073
1372,0.38642782,0.38468987,0.37582928,0.34038076,0.3924684171620666,0.34591557858277155,0.3576287522078359,0.3886597574492897,0.30594783191469554,0.3525975895204765,0.2188952104785508,0.35179241920751475
1373,0.5715312,0.57589716,0.54420674,0.7531633,0.6847817780174605,0.6737806748062405,0.6687739619432302,0.7360629539853503,0.7134174805822735,0.6144254479460973,0.7960402503090338,0.6322937573263825
1374,0.38912955,0.3652176,0.3629795,0.42041367,0.43421247307113264,0.392405535336051,0.41905115428817413,0.45727505260269224,0.3948518771976234,0.4003973221481111,0.5918844960679749,0.3938420055467604
1375,0.62487787,0.6356979,0.60102934,0.89412344,0.766307308229332,0.7702383995394311,0.741257659845206,0.8690550590349184,0.8793856268043475,0.8646222465027933,0.9836144329815604,0.747984148097465
1376,0.23325968,0.22734842,0.26602846,0.1524702,0.18210632246442918,0.2303357330902991,0.19292792656565627,0.148522699985871,0.17058175361712152,0.21126378542748553,0.06500414034092786,0.21449444750869656
1377,0.28249955,0.27599275,0.28446245,0.1702325,0.2165925559209141,0.20613349381013507,0.256224312843967,0.19122750849610054,0.21855201376533445,0.2287250055594075,0.10189271981246809,0.24679632581529054
1378,0.3626827,0.3773471,0.38320354,0.3679152,0.3543543231018938,0.34517943064388235,0.3200926418400982,0.2911532137955362,0.32544558869152107,0.3667186942680891,0.11950398083068443,0.3506263214393627
1379,0.31626636,0.31740627,0.32220647,0.2596287,0.38255546284073066,0.30385611919314737,0.31972608806128566,0.3053277623224394,0.2241008655610524,0.23695803889457281,0.4573052055113993,0.2873806286847903
1380,0.59692925,0.61230594,0.58573955,0.89013445,0.7616478052601694,0.7509294527477375,0.7308376727507866,0.8683566663500016,0.8927849265303813,0.9028489212962703,0.9924710899517539,0.7479808176357914
1381,0.4599246,0.53438747,0.45559034,0.6150522,0.6208269328072634,0.6193618107833376,0.5772924834877615,0.6768059123218109,0.7132586759968388,0.633431248163903,0.9205987875714028,0.5848635338811891
1382,0.5319174,0.5504578,0.52122927,0.6786761,0.6378414107875405,0.6116576242197282,0.6078657960544174,0.6928697996909465,0.6539311712434329,0.5719913828010543,0.6489749737522243,0.5870580139058221
1383,0.29166788,0.32471246,0.32218406,0.28510636,0.32714931854116386,0.37650725924212464,0.2825968465720248,0.28296230760546703,0.2492955696367436,0.26606239883217303,0.14089377592759048,0.2942526459512977
1384,0.2934076,0.30708194,0.31323504,0.1938871,0.24793117154110506,0.2504323182854723,0.25286538685820004,0.22698213633008998,0.21826018721508506,0.23157930958670042,0.16302840765817153,0.26152475106716866
1385,0.359605,0.34808028,0.34551823,0.32219514,0.32364855122970637,0.36481888280852354,0.33326433535553457,0.32425635000690123,0.3047546666049953,0.3196090936188485,0.4473812511999908,0.3317952053316032
1386,0.24830568,0.25762498,0.28115195,0.1453518,0.19274774478209217,0.19033346283126285,0.20596573256741996,0.15558785641266057,0.1668606057117386,0.17229543026534294,0.03584118522948944,0.21260723867154147
1387,0.28875434,0.3047067,0.3251925,0.25652975,0.30067908629114354,0.3080171086839337,0.28023364059086936,0.2726048918920811,0.23091439234816075,0.259477119024632,0.22616513127244736,0.2814390347912728
1388,0.5641154,0.5718168,0.5619184,0.79899603,0.6525915896838173,0.6661534794078529,0.6230854064161506,0.7212640711761088,0.8222596350027788,0.8344483247047061,0.6787415797543881,0.6802797466834016
1389,0.30319184,0.30947837,0.31487358,0.2245079,0.27401223056740037,0.293511119792538,0.26011742011514893,0.24588448019747527,0.21228191029026103,0.2514781213734706,0.11874556526965194,0.268281524827677
1390,0.3235795,0.34407526,0.33468205,0.26452848,0.3112201381990848,0.34037468677985744,0.3080478876151178,0.2853953883110413,0.23468981941619318,0.2646833677102107,0.3191924634612883,0.2932527532709776
1391,0.3539934,0.342664,0.34158796,0.29917797,0.2992715489120551,0.3235901808022217,0.3342696496885326,0.3007863763181503,0.30470657185858474,0.31783882519742207,0.22819140504139818,0.3277255234681645
1392,0.37298676,0.40071392,0.39136901,0.44012108,0.4365711335734438,0.5072239850305131,0.4124253632492496,0.40853876273680073,0.4067000358977732,0.3962529799539894,0.5171558775685245,0.4008504128396321
1393,0.3145636,0.30798525,0.3355433,0.2757124,0.25466172077824634,0.292443877717966,0.2725905169595048,0.24417045747109167,0.25109888573248884,0.26794314371632966,0.12509567784635497,0.2893802339858532
1394,0.3140006,0.32382312,0.32746047,0.2581383,0.3755883650885826,0.2874761381311542,0.38499371815701366,0.3961626874594455,0.330360839936046,0.27177061851653583,0.8263234184193884,0.32827416121501474
1395,0.6431019,0.67320454,0.6062319,0.87234706,0.7795227634248874,0.7742940780317629,0.7715007967711126,0.8824307952627741,0.8988623633895045,0.8915341131794611,0.985572068774875,0.7653449680126883
1396,0.29898,0.31221205,0.31537503,0.19055068,0.2475612657573047,0.28817023898481736,0.253738460410046,0.1929121376020551,0.23820859679542225,0.2677427789930399,0.11846496762190402,0.2743987964793388
1397,0.24411511,0.24042425,0.26659042,0.12379064,0.16885277433274445,0.1808398788585331,0.20711240549468207,0.1367076728323453,0.16565682166550144,0.18882419562258285,0.03563441583656672,0.20899789040076086
1398,0.25250715,0.26038018,0.27836823,0.15512939,0.19973920334749531,0.21910429193159042,0.22430889873532286,0.16772877164056252,0.19991989998403562,0.21756755459632943,0.14388223298949038,0.23208558490477582
1399,0.5372291,0.5513482,0.5277729,0.7635299,0.6487390112325184,0.6938461971552388,0.6219680000474838,0.7175518816634191,0.7566514586662442,0.7855926511577773,0.8204044178033296,0.6526722822156248
1400,0.6183435,0.6309566,0.5830544,0.87582684,0.7626154191647694,0.7594297989160012,0.7321740329274933,0.8603593038802397,0.883772539309404,0.8862067600158994,0.972155944476822,0.7477510000738959
1401,0.299302,0.29910648,0.30732298,0.2212385,0.24978600643366383,0.32668421826175836,0.26029721662911337,0.24412098797796075,0.21843457217157886,0.24344038592893433,0.2549729460198099,0.26782314540672775
1402,0.32198104,0.31664124,0.33129445,0.23454133,0.2564525164485563,0.267848296104837,0.2764608390655038,0.23876418545834222,0.24749388044672313,0.2613457697035179,0.11473015909060517,0.2823897612571601
1403,0.36522523,0.3826005,0.369714,0.3729102,0.3335453712238197,0.4051956675395439,0.3443742785012129,0.33232760041617626,0.32422413033443565,0.3548929661991689,0.39083442585495887,0.3566921141037166
1404,0.3431432,0.34748116,0.34189838,0.30409926,0.3176240738381694,0.35281938562890075,0.3151159164116644,0.28254380090672326,0.29447796379709945,0.25625088441024113,0.210262116249833,0.31272224470846854
1405,0.5922078,0.60517627,0.5688807,0.7911917,0.7211972915754654,0.7073034585061653,0.6761018122200897,0.8090721984887491,0.7970447364375285,0.71333534820471,0.9629163477391881,0.6800870225175493
1406,0.37846106,0.34617057,0.3627147,0.28841057,0.2456168591541441,0.3378457795374177,0.34121811578834677,0.2475589215217128,0.31488988136076107,0.31953157813558236,0.09578179023513854,0.3313303083587876
1407,0.23302822,0.23411135,0.26148218,0.17739482,0.19028137909020967,0.1748620290284324,0.21099303001819267,0.15532333979454852,0.20492686807896496,0.2121026767910011,0.11482153859646334,0.22175380560981814
1408,0.2898565,0.29029697,0.30053747,0.23363987,0.27848629271544245,0.27021264866721445,0.2714229740456421,0.23705850098428966,0.22383026837641523,0.2263258736503931,0.2156921021684178,0.2614923733539035
1409,0.28013635,0.29946828,0.30926627,0.20248783,0.22225065048954784,0.24299406607841095,0.22456565095220155,0.1878428198220426,0.20237195731898625,0.22430282445915223,0.17491471628101976,0.24521619167885172
1410,0.30611366,0.3152102,0.31408173,0.2210058,0.25230630483137306,0.2970820157599984,0.25922024316138736,0.21922392134547214,0.22868562120815197,0.2606149968957324,0.101558429289393,0.2712904477160281
1411,0.57045984,0.5934743,0.5750753,0.8671729,0.7527019293734614,0.7181702488537076,0.7158839037838538,0.8551716008975896,0.8845916766647981,0.8849601405302536,0.9630072299869289,0.7345078800674563
1412,0.34928808,0.32610205,0.3411712,0.31339818,0.30947712373583663,0.3341764355758997,0.3091250722505489,0.2805114150987059,0.28971306345265,0.3154889708993814,0.3166667168223329,0.3182093468181786
1413,0.33212987,0.33455592,0.3579808,0.3710289,0.2621642423454415,0.33329129337077706,0.311981952114778,0.2787300453138618,0.30710164827602804,0.3094172253252788,0.2157452406109305,0.3245350704747581
1414,0.63651705,0.64708114,0.59250915,0.82558936,0.7191298311168701,0.6862008504926224,0.7168666163228452,0.8187769473630478,0.8564317645428515,0.8623173897469381,0.8330473049511713,0.7335510741818266
1415,0.34822538,0.34228492,0.33140016,0.32210153,0.27291887564251155,0.3350261660761503,0.288279454039043,0.27669077392637004,0.2883272545902547,0.3408467305353438,0.18520860531926947,0.3211245108361521
1416,0.33170143,0.3445956,0.35418797,0.31335446,0.31575724338169525,0.31601986866087245,0.3220513968912916,0.3154786051563434,0.2869838047764974,0.3129419697743463,0.236265956246694,0.3191979448915407
1417,0.38733962,0.36975926,0.37436494,0.37893528,0.3270947435398964,0.3585283541001262,0.34541611841876485,0.31224921631384195,0.32294484846866495,0.3428884122510389,0.3766553755224524,0.35506975444684036
1418,0.35311407,0.34813505,0.35185975,0.28514394,0.3251176823020553,0.3720838721881857,0.3258791930486465,0.30424811477372327,0.27713425462750363,0.3075129940087923,0.30941376371424856,0.3206874976709226
1419,0.3356908,0.32019535,0.34081823,0.29767123,0.2937833666490929,0.34378107124769774,0.3065366759574002,0.2734168360554713,0.29985861873444664,0.30744703590456485,0.20958334808125273,0.3130836688772685
1420,0.28499672,0.31077105,0.31505314,0.24740195,0.30659878954101255,0.35378561277119946,0.29664201226936526,0.2805251720572651,0.2294706228531216,0.2508513110082021,0.12805756251456546,0.27584976162980623
1421,0.59951603,0.60673076,0.57014287,0.84933406,0.7490448765153325,0.7417951978376675,0.72743898681567,0.8458824088739132,0.8995537107627133,0.8762979229642273,0.965541440148187,0.7402742303661675
1422,0.21561632,0.21777885,0.25651225,0.12157898,0.1643834323923426,0.14219010109792882,0.15380819240061874,0.11326424387886243,0.1156330652927251,0.13800468082362802,0.029747285606182183,0.17221965179746088
1423,0.3966039,0.36721104,0.35768312,0.34121227,0.3632271211897856,0.4031522033054961,0.3494454451355911,0.3648313656240926,0.3475554989781645,0.34757799473710854,0.3233520236976689,0.3592133940625093
1424,0.3118484,0.3083834,0.32592875,0.2580704,0.2839877104572677,0.32765820197342793,0.2587061893538317,0.2687669243486936,0.24192289977171377,0.24318704556657716,0.17383477419201754,0.2796726961504361
1425,0.6120442,0.6134297,0.590144,0.8728404,0.755207963429187,0.7545432651323773,0.7330304756383211,0.8495524529086763,0.8922645701229935,0.8822191666559533,0.9519276285244697,0.7437073187058647
1426,0.58164966,0.5868185,0.5521251,0.7681329,0.6913499538188409,0.7080514594145815,0.677022839912577,0.7855365491665415,0.790353540945406,0.6838743154282406,0.8485790058751961,0.6643546167809113
1427,0.35601428,0.3503608,0.34756365,0.30676103,0.30161773750015514,0.3064955040296657,0.3267193735960763,0.2868423702048015,0.2872093041780542,0.30931373630936304,0.22544438015485188,0.3219039087002705
1428,0.59704375,0.60992444,0.5638322,0.80138046,0.6911704434776095,0.6937417598865543,0.684558856191454,0.7758547454307074,0.7794009185326326,0.6792414074448005,0.8924628042934947,0.6678455623649923
1429,0.231458,0.22076964,0.26585642,0.118965864,0.17964884800754777,0.2219698136269453,0.1808577041488506,0.11962108570402116,0.166046260821,0.1918844296392938,0.03197001820779836,0.20539980132229835
1430,0.36640984,0.3747379,0.3822291,0.4584853,0.48948251280387123,0.5052598714583757,0.4474273465072633,0.5124279679829727,0.35186326664560647,0.3606074935767548,0.533208724351789,0.3937575939070429
1431,0.35080013,0.36055058,0.3638727,0.3353475,0.3515776491678241,0.3679071634861238,0.3390203781244497,0.33121019929988493,0.3238012914620922,0.33217341105291365,0.3374689024196501,0.343841165280408
1432,0.24261312,0.24392161,0.26876208,0.16084304,0.23313791683484836,0.2708191885615797,0.22743968831321779,0.19467967347743556,0.15293492787709054,0.16861959387198833,0.05511116672353772,0.21366074346474812
1433,0.3326606,0.3353087,0.33336678,0.24459067,0.30677000666982834,0.30061737503600294,0.29343273922969465,0.2604726638394933,0.2266575433527605,0.2549971665077803,0.22999068162148503,0.2885562746439536
1434,0.5579665,0.57291067,0.53642887,0.75552154,0.666171419626331,0.6113852121194492,0.6407386889675887,0.7530700381105024,0.756388103137911,0.7157809927017025,0.8083743264994926,0.646189156368399
1435,0.37734717,0.36587253,0.36683273,0.33024108,0.39493210199066014,0.33962857672813396,0.3609188579937868,0.32880586059165723,0.3037237215973477,0.3033642075400557,0.38019212877099384,0.33760767127528324
1436,0.57610846,0.58418363,0.5626536,0.80958,0.717337287498957,0.7124948902995424,0.6888709788427081,0.8065161368690317,0.766923116670919,0.7299167654759616,0.914573653850425,0.6723164362695887
1437,0.30796924,0.31357008,0.3195247,0.23774604,0.2545766490881917,0.19887220439505587,0.23970186206844937,0.2297918130516705,0.26399724836970034,0.2713723643927263,0.14031507491315684,0.2799721057986964
1438,0.3522444,0.34872204,0.35037008,0.27449736,0.27698699245090064,0.3132394273118627,0.29629877334417837,0.25931078612457303,0.2573976601736036,0.28419724693093357,0.2051185723726407,0.3042952956658387
1439,0.59171104,0.59722555,0.55911434,0.7804238,0.667521679295241,0.7156036755653814,0.6680905103766189,0.7482733184135296,0.7708547697445914,0.6844145490417326,0.9244138419687271,0.6632150157474255
1440,0.33103245,0.33751494,0.33679372,0.28414252,0.27971955588893793,0.3136000683218767,0.2927462432737978,0.23793294388548913,0.23267050585588883,0.27233560891303066,0.10133843132631984,0.29495648023118604
1441,0.36760357,0.3791055,0.35681772,0.21483883,0.2441867265449913,0.25317718151661783,0.2848659062597657,0.24348093089316722,0.20375291885191,0.21249451293878868,0.1467734866243527,0.27513804352027726
1442,0.35862827,0.37644717,0.35144976,0.33384445,0.37852532945676937,0.41409993521923544,0.36681466828490283,0.3668371468515351,0.3471010468191218,0.3338144846799241,0.36057689982644636,0.3587456476889102
1443,0.31633565,0.30036616,0.31075773,0.22262268,0.26785913716915627,0.3152094785723672,0.287204350646205,0.2345579845188846,0.24739878695563364,0.2785146961183043,0.16363562053058014,0.28457681325574335
1444,0.29746684,0.29350665,0.30722374,0.21014428,0.24350514594764014,0.25703364742363377,0.26038814419399914,0.21927786429897003,0.2364348105983526,0.25201591266632595,0.15129095580736146,0.26627990399616436
1445,0.33242327,0.3113245,0.32571742,0.2519104,0.28624596403401503,0.2881778745790956,0.27240587278529615,0.2481148547185971,0.24700153890441362,0.2708567628943962,0.18802122122844564,0.2882436413026056
1446,0.3406396,0.34731597,0.33880174,0.30081552,0.34463657167485545,0.3568297979368567,0.3015431808965042,0.2966456421560813,0.24820375596537664,0.25737033438390317,0.31027117446731545,0.3065488046595233
1447,0.25263584,0.2496202,0.28046376,0.17285378,0.2084082555492281,0.2719208101222897,0.20736709860728703,0.1693044887828389,0.1839097279954396,0.22885367003327134,0.03889489732440408,0.23095214380849063
1448,0.360287,0.3465932,0.34501308,0.34020087,0.3725677303507312,0.34687009413468217,0.3420308995404848,0.34342187567303173,0.2506444942316415,0.2731829487160473,0.33353807941985036,0.3170842425849811
1449,0.58622354,0.59342825,0.56190217,0.81186706,0.6227306080857654,0.652864845931087,0.6455765842060502,0.7200655044648953,0.7655456584658444,0.7047211848062988,0.8527149629192637,0.6525064252103465
1450,0.67268026,0.67956436,0.5963144,0.8272786,0.7592648819227338,0.7695550978788932,0.760726808517177,0.8443530994294136,0.7973290893049553,0.7035386661661478,0.9708923036028839,0.7123043267185329
1451,0.32572645,0.3243597,0.3295049,0.2971562,0.2965249960416738,0.31445842706611804,0.35504753137380984,0.33607518423769667,0.31736764660179595,0.3262552821699699,0.38677679713441726,0.32593143145075393
1452,0.59435195,0.6022955,0.57714635,0.85955715,0.7303255016316067,0.7316518014673595,0.7168768190096679,0.8374021027890878,0.8784173977026599,0.8715707693305355,0.9035756477427906,0.7316580040124496
1453,0.32801136,0.32464218,0.33203474,0.3147093,0.3291386141344512,0.35573326954255846,0.31702125157363387,0.31173965536732395,0.29698220423765215,0.29328711013874675,0.24691776944453997,0.3180471407079142
1454,0.35846215,0.34749275,0.35215235,0.37817603,0.31992707214808636,0.3725358204287793,0.34116648996588583,0.3217119695024329,0.3476822088593182,0.3525861652701789,0.3211790097674852,0.3567234862392164
1455,0.31647372,0.30074286,0.3127062,0.21965113,0.2515785262234306,0.27932401885315683,0.28621797468358573,0.23549709792220522,0.26144900020057843,0.28437370589174094,0.13403468308594985,0.28836745251447776
1456,0.551427,0.54651546,0.5098217,0.67474383,0.6864404702237646,0.6656243696719099,0.6285261064898199,0.7293014228044588,0.7112349447821427,0.6384826073601337,0.9184576134867217,0.6212813408143845
1457,0.27764118,0.25564146,0.28185123,0.17569254,0.22027783256644362,0.2707371426928738,0.22846857739083865,0.17297236486162124,0.20799827383115788,0.2365845693993111,0.07785876278328327,0.2452818617702018
1458,0.5770101,0.6071911,0.57717794,0.86587965,0.7307329068610497,0.7514335523300322,0.6937381140043168,0.8277153172402434,0.8591788356193227,0.854051400662813,0.9365185629408608,0.7191840041296278
1459,0.6415883,0.6635784,0.59397966,0.82858837,0.7521462354393903,0.7468163397874857,0.7379995603512715,0.8530964244094561,0.8815267696233345,0.864799787534049,0.9378433535863111,0.7484096648801836
1460,0.34762278,0.34728575,0.32462826,0.29229742,0.36878114045010774,0.3820262175078019,0.3193454188122028,0.3306688797368026,0.2811083753420568,0.27196390923016456,0.4466571752348131,0.3152691863113057
1461,0.29529077,0.299823,0.314284,0.26289886,0.3302447543524757,0.30576884302332064,0.2866373795524736,0.31068693550259174,0.26054912832289795,0.27448429191397483,0.3558263141829307,0.28967969685331696
1462,0.57175267,0.58824897,0.55311424,0.74855185,0.6427872148382556,0.6298180262731307,0.6225905374676636,0.7186562065726596,0.7410317105522414,0.6303798804492673,0.8621595446713348,0.6304847991842587
1463,0.5424073,0.5697037,0.5163294,0.75395274,0.6872341229567224,0.6670233515623074,0.6553432154162148,0.7549503095088861,0.73582860854597,0.6865714206879568,0.9372251303364134,0.6386884431693447
1464,0.34963205,0.34572464,0.3388936,0.33461925,0.371161289164358,0.3320628340606774,0.33299141419057543,0.3546429992699642,0.2786792092958746,0.2844127203612413,0.42499222349098764,0.32409609653396093
1465,0.34473616,0.35239017,0.3578308,0.34069324,0.3377831800003645,0.37197960027594934,0.30763128236353665,0.30926827177127825,0.29223615530404473,0.2993623419343695,0.3534956932130691,0.32254823328196924
1466,0.6096851,0.6251746,0.58174217,0.85912067,0.744821715551178,0.7576807235895968,0.7209424754976335,0.8393840890955999,0.8749636778046483,0.8647679176218673,0.9407092757225641,0.7372576171090134
1467,0.2763866,0.2882266,0.31234294,0.1994354,0.2973231631083878,0.2480004794095087,0.23361524697957886,0.2351162059882752,0.20828233727429865,0.2179319118222367,0.2062091574596295,0.2522472387812024
1468,0.60206556,0.6168887,0.58370787,0.8865676,0.7607919346669485,0.7174192455134614,0.7246439062656148,0.8628299688113381,0.8910327163283884,0.9029800091811635,0.9831021984243984,0.7461879169573458
1469,0.5996131,0.61020815,0.57520586,0.84178495,0.7371837293887339,0.7299804938110424,0.7163189341234234,0.8346934894335805,0.8861215401157645,0.8700382188370224,0.9495484947976524,0.7359726498645168
1470,0.27406827,0.26056758,0.2927081,0.16475184,0.21758278417523175,0.2633308527567675,0.21248778129004592,0.1812593440039782,0.1631353680671419,0.18764217271015723,0.14356954847599396,0.22660510071165413
1471,0.3195754,0.30438673,0.32397947,0.26326242,0.3423333404189425,0.3403179553977524,0.3040140437530146,0.3240727422190485,0.3044276849303196,0.2686359024209607,0.5285318912361632,0.31298262532670273
1472,0.57346356,0.5950048,0.5704731,0.8456398,0.752515430924236,0.6913202321017649,0.7203286585042527,0.8481756006529112,0.8857548277435905,0.8626720688794032,0.9831648128366004,0.7279375633583037
1473,0.22771442,0.22959395,0.26750183,0.13332632,0.17321491581661802,0.1981318312750545,0.19670299844790975,0.13050029628782034,0.16229910362451355,0.19189276562093888,0.035689714066931146,0.20562482867775325
1474,0.32793003,0.31459585,0.31221086,0.21317665,0.26750125405535397,0.3151594554948315,0.27378465965844356,0.23700535932237504,0.24036250589282812,0.2320736166125943,0.14497934489417594,0.2773486798775646
1475,0.29535145,0.28380308,0.30147046,0.19876966,0.2366555328402165,0.2643390287728392,0.25575037199372475,0.1966855924935798,0.2364060313548094,0.25320398566278185,0.13905441304236538,0.267816411235172
1476,0.19677019,0.2122223,0.24938293,0.10572515,0.15900957856401057,0.1705554116148594,0.14784462251164698,0.09682596883658774,0.10553843051734306,0.11535254220811648,0.011840078210482875,0.16252410458910843
1477,0.33977467,0.3391113,0.33294496,0.30676126,0.37413863011633347,0.35983990480377354,0.3323476054054724,0.3250505108140801,0.3091316041710861,0.2937875390072934,0.5964186728655105,0.3287978832827844
1478,0.40854186,0.45415267,0.3987019,0.49351677,0.5515901167747636,0.5681663654243032,0.5010402750735589,0.5669339585623207,0.6114310275150446,0.5262216231066824,0.5666562826012345,0.5043714115823096
1479,0.3192944,0.31563783,0.31038642,0.26274115,0.2776524442873812,0.3315593064016366,0.29146701769554445,0.23769222345002428,0.24817389742568077,0.24482135521647957,0.23813554485286179,0.28317263999097764
1480,0.60762215,0.61346936,0.57811517,0.87014866,0.7542490688376663,0.7652437091941113,0.725348272530745,0.8526772840308221,0.9099694301761658,0.90264924213244,0.989829736397969,0.7504672979838476
1481,0.63328946,0.6360066,0.5997465,0.9003374,0.7689567651552096,0.8037312402477192,0.7346011556774054,0.8681542214439253,0.905756412038369,0.9082473374348028,0.9942615892172795,0.7633314121565393
1482,0.33354694,0.40153894,0.3377724,0.33246976,0.43833174733696234,0.4385625064655973,0.35585879680920834,0.42587346313638424,0.4341695019358796,0.3782343834137913,0.5154503488698644,0.3925618921597236
1483,0.3400073,0.32081532,0.3290844,0.2654377,0.25626173230356014,0.28389290768129305,0.282814540197717,0.21252314016467233,0.2726048226198258,0.28674827288768834,0.1708628538479856,0.29686574971752017
1484,0.264895,0.26567864,0.27061373,0.1500376,0.1878612799259499,0.3058722064679043,0.20862472993216782,0.13364190248485897,0.16000214697828744,0.1946266937895237,0.011608474194078833,0.2207539797528947
1485,0.57897764,0.6047901,0.55939364,0.8348695,0.7266897446878205,0.7347553546172245,0.704337826928963,0.8138014307392376,0.8267331949778812,0.8254376005484216,0.9364997170639621,0.7060888607559612
1486,0.24631135,0.24725017,0.2655471,0.14213176,0.20532154142089012,0.2666478124679089,0.22349810712876078,0.14328921320908253,0.18460304698708213,0.21770986138347767,0.04021439360310083,0.22520898276082177
1487,0.33499804,0.33184585,0.33777735,0.26932177,0.29502105591671834,0.3088015607803063,0.29774147315662763,0.2643316575777376,0.2696262149269641,0.2783539721939949,0.38858201292735123,0.3021118205575054
1488,0.31577533,0.3090529,0.3248144,0.2755842,0.27926478912096386,0.2866885339323081,0.32867364831090723,0.28198587211724996,0.3241077371030854,0.30400930909121293,0.1641328391753353,0.31531203164355803
1489,0.37384564,0.37159613,0.3732372,0.39171514,0.38981672443899384,0.4227469388910833,0.39014159395843884,0.404807296021758,0.39957062131730814,0.4059444461165317,0.4845648033528548,0.3922763298336405
1490,0.6000214,0.6164607,0.5886855,0.867113,0.7405599573431562,0.7075769056243397,0.7223938007277154,0.8367627621077753,0.8824888651364542,0.8736847878914329,0.96165117619556,0.7381630344753661
1491,0.5160249,0.54931426,0.515848,0.6510617,0.5404048688454208,0.6159282108691492,0.5098081483560006,0.5476851712069915,0.62423239187836,0.5561256063960819,0.5589021364270678,0.5532981092261717
1492,0.3366472,0.3271667,0.33792847,0.26200587,0.2707023622411916,0.3095757938742913,0.31141412893699927,0.2437306171017563,0.277295961583431,0.281061842309332,0.22036809441511793,0.30124582147540085
1493,0.2930267,0.28181833,0.30707425,0.22150259,0.23669958662043858,0.24632525047427722,0.2818634331855001,0.2416260784920269,0.2819262324956621,0.2752336735412485,0.15484877890630258,0.28258116590943694
1494,0.35481945,0.35720804,0.35400802,0.3438814,0.29054568380591256,0.2969731535160584,0.3293152495027238,0.3364382749989808,0.31903470083779545,0.3260862419573683,0.3277862380087701,0.3361317040154377
1495,0.3217154,0.32020363,0.3174641,0.22749265,0.2731247808375816,0.278167773986977,0.3157832481105235,0.250337609574687,0.2660763699729837,0.26181301952012487,0.2034966309573428,0.29293432834001193
1496,0.32098928,0.289396,0.34756672,0.30944738,0.3479304305654371,0.2866487284072908,0.31321706436431934,0.3018259537136274,0.28640798191223693,0.3035595053254867,0.279299254807889,0.3115778124294796
1497,0.35116982,0.33081165,0.33185807,0.30452994,0.3145808861820309,0.3764426757005886,0.31231633201120645,0.3078787287356899,0.2938597823293317,0.31121759062205123,0.3290513776537798,0.32311816036505947
1498,0.28681195,0.27920645,0.29569218,0.16678856,0.25018449738729287,0.2192780606047505,0.24625120712130286,0.20949825065911307,0.18787307462231578,0.2176745086167573,0.0679259010136914,0.24468273093693385
1499,0.35406893,0.35426188,0.34689078,0.2663112,0.2840655887071173,0.3151405360531358,0.31955009966592784,0.26365254353094036,0.26458103569268493,0.2635080738417627,0.25112490005617466,0.30864494574733603
1500,0.5802697,0.60742545,0.5797051,0.85455275,0.7291793714277695,0.7182734554792948,0.6774976097216457,0.8091102636087879,0.8486819026135597,0.8636727963762241,0.8873421910005501,0.7142346031434157
1501,0.27442366,0.27971816,0.2869056,0.19607882,0.30292795448790477,0.24836500687209787,0.28192235551731515,0.2927351717905478,0.23974576322299593,0.2523523521972619,0.4195618988626646,0.26951931014579233
1502,0.29044896,0.2817567,0.30714333,0.2057983,0.2358545761467569,0.2708180286372527,0.2557667873070458,0.21194661983395272,0.21187834925368812,0.23913177466621813,0.15693084442033448,0.25646220388431784
1503,0.31939983,0.33100858,0.32193953,0.2308683,0.2725868620279841,0.29787101241507274,0.2724220822358779,0.2245146686511353,0.21883358310995665,0.23266836049459663,0.15678407595363808,0.27374367132072724
1504,0.27906775,0.2926504,0.3064532,0.20506021,0.2507176492524902,0.30298355365023955,0.2414288168496538,0.22195555674188822,0.20159154635988785,0.21890707457337166,0.19227737322768412,0.25214440574894437
1505,0.6186822,0.6116745,0.56353253,0.8165189,0.7294713877291008,0.7531977972113263,0.7190525101597015,0.8255550764651123,0.8629671755565449,0.8347131626441466,0.9130482386174998,0.7259317293213334
1506,0.30984288,0.30807424,0.31914133,0.26955384,0.27866008820517313,0.28207506057377446,0.30332105326792924,0.26218510359131286,0.28303544261940883,0.29645543592273704,0.3110003762651282,0.30041818069064774
1507,0.2818424,0.28182092,0.3115592,0.22233553,0.2251118231375214,0.226860717844905,0.25231405717466404,0.19548826905444985,0.18570069482811494,0.22032587109893922,0.08700376069695395,0.24342880501611627
1508,0.31773335,0.31086573,0.31494734,0.26861516,0.2774155783501608,0.26904594076059685,0.3096034419283479,0.27268398751743556,0.26929843988503926,0.27207115192357106,0.2743545424066432,0.292640253122768
1509,0.3185572,0.31685892,0.32817462,0.2423453,0.2501914030243662,0.34894883164214585,0.25881925741628675,0.22817832380022246,0.22102967632889986,0.2614420486136284,0.14560600170631557,0.28021175378343316
1510,0.26077092,0.26610586,0.28638703,0.18141365,0.21744455528074572,0.23488954350798305,0.23032696807842212,0.1852976586983734,0.18750766210342146,0.21268590329522027,0.1029372674129059,0.23358471434214775
1511,0.23022334,0.23309317,0.27172893,0.12696846,0.18864406532881878,0.22343679664424937,0.19009160322052704,0.1373237019897319,0.1570216983194987,0.1747163355692108,0.05894265677424373,0.20397605471505384
1512,0.2774304,0.2835332,0.29388797,0.17436714,0.208327176642605,0.23427045876129832,0.2556452855631539,0.20024541602489093,0.22730907282585786,0.22934823194910595,0.06612877377289512,0.2545069143150021
1513,0.28739518,0.29277194,0.30267346,0.22113244,0.27305495049922623,0.2762117550057723,0.24760383574372247,0.2035420968686487,0.22509680887646494,0.24158914704936302,0.18215584896927622,0.2639178727180374
1514,0.5681516,0.5805098,0.5496152,0.80222446,0.7369163084413116,0.7358081195608962,0.7062370572291233,0.8080186667251266,0.8576129540820645,0.8606460053977347,0.962101826485094,0.7189367001688383
1515,0.23999675,0.24020955,0.27807325,0.15569961,0.16459242722775702,0.18131929773075767,0.17224278777472685,0.11787411266656193,0.17082803928447113,0.19472277883565445,0.01692395523890896,0.20485077222427356
1516,0.3512581,0.3719694,0.36932305,0.30394164,0.26792262413783596,0.3068601133383107,0.3052946326456187,0.2809628031274192,0.26181500033714106,0.2810764483580085,0.11380313349331272,0.30688004204466207
1517,0.5735594,0.54246825,0.52538437,0.5681148,0.6220001253974692,0.5791246777784078,0.6274417050103775,0.6609332691135286,0.6295813707894855,0.5821333891260612,0.5635033786400167,0.5832613066930687
1518,0.22396643,0.23378181,0.25957888,0.118129216,0.16041046985286594,0.16425679769154916,0.15179526422718403,0.10506614815225439,0.12284558391586545,0.12595331393840087,0.058113789823703785,0.17554264468948433
1519,0.2908531,0.2862366,0.30491173,0.18821153,0.1764989713365733,0.2030157315129178,0.19315098882232376,0.1366638622392335,0.13481725997534827,0.17035495838342707,0.03309944337525163,0.21268335448707515
1520,0.3437005,0.35238236,0.37259752,0.38714546,0.44677098528378156,0.3863242376544466,0.35870255048468425,0.3714769040280129,0.299679383844686,0.33440052815763577,0.5625305233644127,0.35081734195195974
1521,0.6444591,0.65598154,0.5982288,0.8531841,0.7566247666412877,0.7234730588754918,0.7417695721131029,0.8617143436418356,0.8820157969095058,0.8782246468993847,0.9694071788850952,0.752382029593484
1522,0.30655318,0.29668647,0.31407568,0.22401755,0.21725039652562614,0.33371229536830593,0.2391203083101196,0.1675973187408038,0.15952192722847003,0.22518839782577182,0.06608738737263146,0.2501806604831307
1523,0.21389501,0.20742211,0.250218,0.10408511,0.14660914779316384,0.13336572305563255,0.1532660495284269,0.08840604927891729,0.1137035454508312,0.1304998222151625,0.006956454924646782,0.16772298671914876
1524,0.35625413,0.34927583,0.34943035,0.4071161,0.3678676991356986,0.30853411944535514,0.39242801830336566,0.4048383138672695,0.37478750757098817,0.36441559599187456,0.29207917755712753,0.3628652314188893
1525,0.5144142,0.5458659,0.5334776,0.7823795,0.7028042126767525,0.6270647884916581,0.663322013304779,0.7863092098191222,0.8338887084650454,0.8343814505130249,0.9567177389312022,0.6825840555915453
1526,0.35060915,0.32310066,0.32445565,0.23776793,0.26507159677273096,0.31014025234181913,0.32550787326304376,0.26882497159237717,0.27733195521053045,0.3047122696811357,0.13358293232738372,0.3067853698602715
1527,0.27206147,0.2733005,0.2924871,0.21964009,0.20116549836451153,0.23735838931932313,0.22117886017146438,0.156003397634262,0.20566825016824394,0.2350278500432721,0.09373091613192029,0.24577788203922374
1528,0.34362322,0.30750424,0.33613622,0.26597038,0.21977544198127355,0.27157582491351234,0.22770299106761427,0.18831729303825145,0.2106578529982841,0.2257129598524088,0.07747150478466579,0.26389814685832735
1529,0.32407206,0.3107087,0.33420634,0.26852077,0.2742883339363474,0.32821518262496424,0.29034910078664644,0.28815480434149526,0.2514504700444622,0.2657023724637969,0.34498956007820747,0.2935684424720254
1530,0.65402865,0.6608546,0.6002809,0.8633606,0.7685306626794268,0.756155273301881,0.7526207151616338,0.8689725193206395,0.8819792835872388,0.8630210585629131,0.9739146458339487,0.7555165422519735
1531,0.61848694,0.61067146,0.56562865,0.8176138,0.7096031817468231,0.7384814780488127,0.7085466499386738,0.8153662396652204,0.8667458615520314,0.8390091405839059,0.9097891375600644,0.723958789408892
1532,0.36120555,0.34924978,0.35799786,0.3341579,0.3149869856196719,0.2988363243039092,0.33710295985440075,0.2876392662200359,0.3336418426526267,0.3166326462309201,0.31316529867261683,0.3400614222028397
1533,0.62158686,0.599168,0.59634614,0.82778037,0.7160631199694983,0.7124458253468061,0.7177020497397051,0.8033027355272289,0.8452045691095986,0.8312973512181971,0.9225469661986677,0.7191768284518483
1534,0.27149922,0.25460538,0.2827146,0.16001594,0.1876953017158714,0.18896338465070475,0.21626659649718608,0.1524347135119107,0.2199076191395212,0.2035794489776898,0.05888822359192919,0.23196251451922317
1535,0.3518117,0.34123152,0.36365715,0.3485724,0.32136139678956716,0.30860709098344835,0.35757570964990315,0.32247642875627036,0.32946923464996297,0.3329880389790077,0.26054838188560464,0.33888645492391556
1536,0.31568393,0.30781445,0.329425,0.3039073,0.2837120864376352,0.2764068859990491,0.30188622464249454,0.26879481740382866,0.2804138992233325,0.2837617670438545,0.2779431673168141,0.2993874540698075
1537,0.6112963,0.6213172,0.58674324,0.872265,0.7563750288973773,0.746669455213839,0.7354372875441011,0.8524107377475261,0.8989637009116743,0.8682966129139867,0.9735805768418363,0.7465125069451394
1538,0.28553838,0.27525973,0.30180827,0.17158134,0.21257852071258004,0.2110744731883428,0.23063925417144668,0.19104025534120567,0.1717827761522003,0.21152986101066076,0.0446169731862386,0.2351070539305408
1539,0.27302507,0.26999494,0.29414177,0.15725513,0.21897131960237298,0.21043515098425028,0.19983699256010756,0.169544353794337,0.17466449016438623,0.20215109404428225,0.032520048168112534,0.22413028133958401
1540,0.30950618,0.29496628,0.30994433,0.21410339,0.2428645818070128,0.28116778923026126,0.28012910435126426,0.22569824944008648,0.2526345049202289,0.2735770126675549,0.0980158311809345,0.2821395832235634
1541,0.5688618,0.5789628,0.5702299,0.8401513,0.7271128890667994,0.7148680047410718,0.6905199286341778,0.8198994694489385,0.8353530383555133,0.8237015268660535,0.9323060210041241,0.7043768723908018
1542,0.29652214,0.29110834,0.29824373,0.22138691,0.2728881904537262,0.26337344831795895,0.27329610908625446,0.2386153791169753,0.22739582372921405,0.23239933970482043,0.38459486388887665,0.2665775528013475
1543,0.30804223,0.29739633,0.30909616,0.24578007,0.27372076097119047,0.2523479019633449,0.2813756234811921,0.2539657221482384,0.2712574279209832,0.2770872361532986,0.2788172422000047,0.2876925679838519
1544,0.2971912,0.29054922,0.29270932,0.19882879,0.238864722665531,0.2342627114490233,0.2602081201911982,0.2025512872004886,0.2242758560997021,0.24720572016318942,0.17726061488098138,0.25919617504339737
1545,0.508715,0.532102,0.5244978,0.7106706,0.6482609533143854,0.625194371678059,0.5956899058433619,0.7272386565294889,0.6322423259207257,0.5902387576416375,0.7231222974897978,0.5846156522692255
1546,0.3415311,0.33303174,0.32974228,0.25851306,0.29576957320820724,0.339377470261216,0.31675812095946904,0.2772420493330649,0.2551246213462089,0.28207733424544107,0.2410359266315536,0.3034210791619999
1547,0.3166507,0.3008595,0.30761036,0.2340776,0.27836783726310266,0.3471073682267138,0.29038769582031343,0.24817310377627436,0.26299859940648146,0.29206302753745034,0.3377638520933059,0.2942830976537792
1548,0.37940964,0.35973483,0.39719412,0.39851263,0.2778247206462009,0.27380237066226343,0.3500383568027623,0.2938474873801005,0.3502616009940689,0.36781918350788284,0.23444105321390038,0.3554526554474756
1549,0.29538164,0.2878446,0.30954346,0.21791752,0.2324439682229396,0.2148404658977358,0.26174736231554574,0.217084933619429,0.23361768228234894,0.2423332079016321,0.08983838353152948,0.26151606981389885
1550,0.3428302,0.3376202,0.33374786,0.26627022,0.2781819253830745,0.3126447777119072,0.3012703127648879,0.2643334228323778,0.2952733686902217,0.2865885798621429,0.2655614131319207,0.3113340121075009
1551,0.5765765,0.5867575,0.5679609,0.8433515,0.7402601247911572,0.6767861985235678,0.7093790673017846,0.8485971247968924,0.8967491233583518,0.8775671895493241,0.9732677025336998,0.7296131233052133
1552,0.19185372,0.20000803,0.24198437,0.09472187,0.145318879327258,0.1337263518895925,0.13795633293780526,0.09259768624882701,0.10277381685965636,0.1312825712827203,0.015082274960522557,0.15812633548221322
1553,0.22541359,0.23082133,0.2607904,0.107215606,0.17382652538432516,0.14348548740522588,0.16109696330164933,0.12262306582748699,0.12661860644310155,0.15132807952617133,0.062465234585823634,0.18056095372026967
1554,0.35590768,0.37314743,0.3549282,0.3596223,0.3401327179381052,0.4281437594028925,0.35631301852012254,0.3411940599525253,0.3432464648638565,0.3342479360413294,0.22796004801235564,0.3518510629702262
1555,0.23123112,0.23109987,0.27610952,0.14470775,0.21810686373171126,0.23313995434650653,0.22398627157322926,0.18030257741642158,0.1468192954594072,0.19201345569484793,0.04348875087588174,0.2108780077612348
1556,0.25280443,0.25954726,0.27502424,0.13062455,0.16438285909786726,0.20292168794684723,0.1860413706232055,0.11938525279630166,0.18188887737690732,0.2179134627361416,0.02116156209616863,0.2162797426272301
1557,0.268746,0.27573395,0.29183275,0.18755835,0.24416262510110281,0.23951850734052785,0.24866410329104563,0.20952939805478898,0.2226485311314108,0.2467423755200282,0.19837386219225148,0.2548368629079441
1558,0.29154366,0.2943454,0.2933985,0.16219437,0.21754329809403905,0.28131946527117624,0.23842427151474924,0.19118246467502523,0.2486067334431464,0.2519440778696966,0.1405782448678944,0.26192116946979094
1559,0.3142205,0.30371276,0.3116149,0.21110447,0.24872565535305022,0.2621180283328611,0.2631388214218255,0.2212032463472978,0.21941187579412844,0.23672347013536607,0.21191543753921863,0.2640659962500602
1560,0.26808104,0.2618164,0.28074223,0.17561495,0.22976272223506208,0.25579982131088247,0.25345774725319115,0.19866173767981163,0.22113767144761232,0.23318512360209245,0.119397666064773,0.2477311560350583
1561,0.37479636,0.40337515,0.37091964,0.35300317,0.46152451438193165,0.4603617415553982,0.4313476989081608,0.4784158297854174,0.35243884157784516,0.31615866856218305,0.3210501433143477,0.3800250173618406
1562,0.39680672,0.34539357,0.37099916,0.35204273,0.3261456240416999,0.36494996401779695,0.34628556228052504,0.3315052171933696,0.334589343196937,0.3163531830814389,0.32853102841532233,0.3535258650426189
1563,0.28097314,0.29026753,0.30365533,0.1833549,0.2470044479111171,0.2354068255379964,0.24382471212929965,0.19957908763005755,0.18704357420506085,0.2097409968811343,0.12208099850623562,0.24243907195701767
1564,0.41044194,0.40018454,0.38408634,0.33200496,0.418754303299011,0.39020471011175417,0.3815851640155065,0.38663671395789095,0.347732894602621,0.34805844188066903,0.5839508939981675,0.37616295650544596
1565,0.5469847,0.5658047,0.54951924,0.7899197,0.6858189658918687,0.5834864591966237,0.6177391459703179,0.741999951173869,0.7459185064278685,0.6708829777571712,0.8229935122396685,0.6359020051900555
1566,0.32021555,0.3062377,0.32240692,0.25765476,0.27214696529014154,0.26660925996126467,0.2923500110977772,0.2582513329349727,0.2751483684785756,0.282252343955565,0.22063799557745298,0.29535152561122735
1567,0.35147092,0.32913145,0.3584847,0.31753084,0.2592810858818797,0.3353101128849726,0.2794509788802687,0.25101151859596005,0.2528706475667767,0.26527416901242146,0.1299510586496301,0.29564846179513415
1568,0.40302783,0.39715958,0.3744927,0.31474537,0.3432530610693145,0.3839780996152794,0.34656095392708125,0.34028347200405257,0.28328315743054444,0.28234501455552563,0.2750853258500473,0.3365332531388213
1569,0.31954914,0.3020119,0.32714325,0.24055758,0.2525110660404035,0.3009459384773783,0.29050738013242067,0.2255084044662475,0.2617586544814974,0.27860089343167543,0.22380209078247515,0.29109566708353685
1570,0.41282755,0.4647951,0.40444645,0.50423414,0.5253361199871873,0.5449927693682122,0.4993603949328504,0.5632730182789549,0.6106748134891492,0.5375845612526047,0.7301887919972708,0.5090138342939869
1571,0.3395901,0.3152802,0.32997507,0.28523713,0.32314020943398775,0.41659255094248027,0.3234137514712197,0.3058509966006139,0.31604816800736857,0.354347173198891,0.3223032590688555,0.3347121230739245
1572,0.35480243,0.34647465,0.34986192,0.24731386,0.27377907845355415,0.3239822309131832,0.28155168370813816,0.2253772948901851,0.22367916445414854,0.24449211544408955,0.19410446403214437,0.2843683395326723
1573,0.31265524,0.3164027,0.32096162,0.23168418,0.25640294316749956,0.2728905910248332,0.2938524697338469,0.235441584522534,0.24928238914565495,0.2561523919090419,0.18600546999464168,0.2819835604538786
1574,0.3547882,0.3194805,0.3438386,0.2507221,0.2871412155629943,0.33874413014752763,0.332732190923053,0.2924102308996353,0.3257906156683594,0.33752294473599254,0.16417165268116574,0.3281559715191514
1575,0.39827594,0.44685715,0.3733751,0.3195496,0.33127362709125213,0.31787972064624137,0.3341360170949875,0.30913759250165856,0.24601068511513483,0.27012469147211854,0.200244946551354,0.3259803414916471
1576,0.25263253,0.25839266,0.27254382,0.13644546,0.18596987707280582,0.20271916932108908,0.1988191523994256,0.14595174053452736,0.1667883767552319,0.1871907836609396,0.06041684586426136,0.2130512615369396
1577,0.31164688,0.31334302,0.31781253,0.24808607,0.22509017556922842,0.3028378629772091,0.2313381041706432,0.17605032088955772,0.1482311748846355,0.20981390910209421,0.03152150899889189,0.24317909817282132
1578,0.3506928,0.3289171,0.33532494,0.2750519,0.24909312716912368,0.28324571806327475,0.25943076236268614,0.23953518933940013,0.3184502535238578,0.37467930971346225,0.08333248603567532,0.3176316031605293
1579,0.2877772,0.2699033,0.2942164,0.18877754,0.21578472942246543,0.28184723358060515,0.23417281379699642,0.17888619812412532,0.23332504807109516,0.24121494117836625,0.1387079737555914,0.2546315139729837
1580,0.31683794,0.300088,0.31047168,0.26415336,0.2540709679680789,0.31531765108840415,0.29756424893743744,0.2398378080302333,0.23271532342008902,0.2372068467208266,0.11215981048704708,0.2743761321130444
1581,0.30259028,0.2979669,0.31064352,0.2016109,0.2525115989709608,0.26263725457103454,0.24991850160038656,0.21669204077483814,0.2410510687072486,0.2512262648393704,0.18566356176237214,0.269876024901931
1582,0.34085745,0.3485078,0.35847798,0.35162058,0.32046807719081066,0.3159344778314193,0.32581012532858944,0.29594139836239053,0.29474348110065196,0.2841552972131063,0.5530416453586746,0.3220613230550611
1583,0.58455265,0.60048324,0.5755738,0.86491203,0.7474387706841115,0.7102395245417437,0.7058584496747611,0.8461810340313549,0.8863543844149879,0.8844023826631261,0.9624869832280536,0.7348218776904663
1584,0.58572483,0.5969833,0.5738498,0.8565663,0.7404816567540213,0.7061284147587615,0.7103000903790668,0.8432177585787523,0.8805143975370863,0.8697533178442459,0.9731581156407263,0.7282584548093762
1585,0.29000816,0.28051737,0.29781693,0.18452823,0.23509559133577537,0.24204067744083138,0.2576472728037233,0.2084358872628306,0.23074166718100506,0.25605592464421323,0.082089494165955,0.2566485071033745
1586,0.46819526,0.54892474,0.4494362,0.54104656,0.6338429003629653,0.6478960059824079,0.590112010827899,0.7006817235257825,0.5919542941766677,0.5413232438314232,0.8420347405529729,0.5466390017392386
1587,0.5778004,0.5801101,0.54179466,0.7628115,0.7103005412842023,0.7098466628231682,0.6698708563946824,0.7847537828928681,0.6920965105364185,0.6147437802740241,0.8597679888638068,0.6316506693640052
1588,0.28698587,0.29056033,0.29642087,0.16682968,0.22891427626966343,0.28411616202342765,0.2175138953011805,0.17630102591591687,0.18896990367508376,0.21121385630466688,0.07632974950539187,0.23699680658892186
1589,0.6282615,0.6549048,0.58993447,0.82775354,0.7379055497571951,0.7002041068610037,0.7284494430098951,0.8444906994361947,0.8683766787416725,0.8581228377603376,0.8439963350689949,0.7364056517713365
1590,0.27970704,0.2731374,0.29412526,0.16221306,0.2360424958602382,0.23316587800072158,0.24906598742274091,0.2003455776565764,0.22151809667374578,0.242672563595906,0.13922808319845045,0.2524816964105937
1591,0.573589,0.58244693,0.5505079,0.7647563,0.6437778925790641,0.667616247685092,0.6625638204320957,0.7373088863267789,0.8430883210823099,0.8257683354617864,0.7972703450669506,0.6905015825346312
1592,0.33103555,0.31295937,0.32015002,0.23443206,0.2747782586790469,0.3042736274945843,0.28406216001666734,0.24515473255651155,0.26148941482911836,0.26715297295742035,0.2783166542371368,0.29084424507291434
1593,0.24659994,0.24618745,0.2695598,0.13526519,0.2212567790753223,0.2997243317597251,0.22212655598853565,0.19354322130377136,0.1808625450362507,0.22751831379053264,0.06732371932691499,0.22743439460200637
1594,0.26921207,0.26308212,0.28483817,0.16762212,0.19945069494196116,0.24168740952543918,0.2121438207433211,0.14340170698791774,0.20970066657640252,0.21840862924429608,0.058359809863035295,0.23733581182882743
1595,0.33706227,0.32189348,0.32597324,0.25250107,0.3385958816754871,0.3635299820221566,0.3194008472533788,0.2909966414007051,0.2279850969276646,0.22555721626838937,0.4221873282094625,0.29332889146520336
1596,0.2731014,0.23974244,0.27823132,0.15802918,0.1838701179459874,0.20682312819932586,0.23035836301245977,0.1556320631887536,0.20019102448693898,0.22001898560163605,0.011005213064862162,0.22961393737014543
1597,0.27572942,0.27307606,0.28725153,0.16853854,0.21038601299266366,0.2668500118864786,0.22948360576509996,0.18087644339434514,0.2187787680360179,0.23095486635517476,0.05344782187375731,0.24419085511085278
1598,0.57295316,0.5733442,0.5487913,0.7724102,0.6273421722812318,0.6310656517384088,0.6403743865403538,0.6994771090417282,0.8051266110775428,0.6883767263595921,0.8887453691429528,0.6548719569377387
1599,0.51867384,0.55168855,0.5355093,0.7266908,0.5875150509802507,0.58460729313339,0.5386613641754613,0.6280618983280002,0.7742999975486405,0.7884091128824974,0.5896438381702847,0.6337838894631302
1600,0.61512524,0.6130611,0.5696993,0.77057225,0.7043059758135086,0.6954143418163503,0.6865956886478537,0.7887491778194344,0.7472323918667042,0.6805691700296925,0.846048820615844,0.669280380884651
1601,0.56519353,0.5955077,0.5421896,0.78779083,0.6975406213002602,0.6839157208189562,0.6609289859498297,0.7556897726894345,0.7595057322964917,0.705640387913763,0.9549066059848517,0.6589805316855499
1602,0.6054171,0.625628,0.5872823,0.85813075,0.7559831380627531,0.7896387751072667,0.7411375989962087,0.8442055136293597,0.9036197289467183,0.9037599198649297,0.9871305136826388,0.7520243984576134
1603,0.6297633,0.6387247,0.60422266,0.8931797,0.7667627407904591,0.8082208620835105,0.7431605107926502,0.8674432944490513,0.8998816605364661,0.899167270467092,0.9913800921883388,0.7607895528366481
1604,0.2562213,0.24903412,0.28655317,0.16580196,0.1916738084111747,0.22420996786888078,0.20918897587562607,0.14779552290324333,0.1966233890752719,0.2062300921501219,0.1253396679545618,0.23004877195490234
1605,0.25083178,0.25899,0.30111107,0.20188741,0.20397994081860968,0.2289754288893638,0.2169761949969292,0.1817038104087186,0.19546925384178096,0.23991759483617559,0.15767373512677946,0.23831986697987712
1606,0.26973787,0.27177423,0.29160997,0.16405012,0.21518370140366166,0.2346298969141322,0.24149980890005046,0.18248871145404716,0.20336798279371654,0.22955652226129528,0.08703970876871996,0.2429738535415102
1607,0.2764503,0.26910895,0.2811458,0.14211251,0.20035110402835937,0.25427275816832673,0.2167141576558102,0.14422577021447458,0.20717247467372085,0.22314968543401514,0.10621829965908261,0.23996628264873193
1608,0.34301707,0.35047644,0.33453476,0.31351832,0.45533094283711417,0.3920094384170963,0.419727545209884,0.43901465955798297,0.35179792405524823,0.3487540844547773,0.6979876631056289,0.3664125970463339
1609,0.27830237,0.2804094,0.29780445,0.20708096,0.23510730238742866,0.23858664110537392,0.24134726603570417,0.2049705460073353,0.2188118342991726,0.2422432718151743,0.16964356537539946,0.2529547252088339
1610,0.2699052,0.2617607,0.30022645,0.23354621,0.27592816207999327,0.30598605035156795,0.2536040316925813,0.2001950536134975,0.23640625876794621,0.2517302566851184,0.44818781131093594,0.26707935531814464
1611,0.22015238,0.22980407,0.25803167,0.108865716,0.15872325963331954,0.16286824791034957,0.15797085287369494,0.11446713880765,0.1255099877061058,0.14078243416104277,0.027733774081727336,0.1767325290774923
1612,0.62579906,0.6454465,0.58877736,0.8292214,0.6870733542016619,0.6838684770179422,0.6810545807441415,0.7751026077881847,0.8619142298389871,0.8639878055633237,0.7632196202234451,0.7225182010843221
1613,0.2414771,0.23996086,0.2686518,0.12324941,0.1547772526911866,0.14284913897024423,0.1782910651712346,0.10365325761048805,0.17149746508405975,0.1671327465254676,0.04271604999999813,0.19896976130300598
1614,0.31563404,0.32732093,0.33622232,0.24480352,0.22256584622838066,0.28414371199474064,0.24645681287426968,0.1872908573730763,0.2439295275535045,0.27625976416009196,0.13069540374428734,0.2802587771860977
1615,0.4098825,0.42263418,0.41286245,0.5404088,0.47432043204746926,0.45468230997370485,0.45452848842296634,0.4919873589261419,0.4634856082423838,0.46281865681557877,0.801515765099974,0.4469756007811788
1616,0.610176,0.6087277,0.5759054,0.8401915,0.757612523266053,0.7406879808157575,0.7239947675855851,0.8400859075579694,0.8919925675364795,0.880098892570998,0.9813096780265361,0.7429405842986603
1617,0.63747513,0.64549047,0.5973121,0.87162626,0.7593893366109504,0.7577803563378673,0.7434279540089064,0.8553125235032288,0.8937185243468452,0.8652605697255327,0.9494886743931812,0.7520096758494057
1618,0.34401792,0.31247455,0.3234009,0.2747187,0.2884441070249183,0.3604453207580148,0.3261535539268713,0.25263848484124096,0.28854385374881747,0.300473165097631,0.25825144855815224,0.31394458735108366
1619,0.28413334,0.3018083,0.30391675,0.18942004,0.22324802057410648,0.2786400194315846,0.2313080845066006,0.20765561366982804,0.22784215293730908,0.2631347058057066,0.17126848928857022,0.261544777288238
1620,0.2918159,0.29058504,0.31092295,0.22272697,0.24820314233095578,0.29813296672150386,0.2509434346208391,0.2112674503527177,0.21651406422895256,0.24347810910318057,0.1692522715329295,0.26018750949864644
1621,0.621207,0.62927294,0.5891804,0.85618,0.7432924524593553,0.7691865166939365,0.7366959059503503,0.8427352507761124,0.887795149457931,0.8723892177961041,0.9429432599545562,0.7467417759738735
1622,0.59280056,0.60534513,0.57199466,0.8637351,0.7446294063113721,0.7351765800743276,0.7289921959209065,0.8510605694300445,0.9100595693814247,0.894748598695808,0.9864334141638059,0.7464319751238325
1623,0.36012238,0.33771878,0.34480974,0.3225826,0.2693547858673616,0.3130110619469894,0.3001207312352808,0.2515014970396626,0.35636620793607304,0.3238443757459533,0.17088917310128,0.3318313424604982
1624,0.2523121,0.263501,0.27570498,0.13932785,0.2152707879341885,0.23916752362231913,0.20242414549024504,0.17091731021388146,0.15668619522870258,0.1600396011769912,0.19848805323045876,0.21027524415704546
1625,0.25787437,0.26144576,0.28176033,0.16894062,0.1898648845466675,0.19811158743255347,0.18506438248557303,0.15187670530517447,0.15173179553848953,0.20325031656650472,0.0677963175881325,0.21139276994573156
1626,0.3669679,0.35592264,0.35233486,0.34317362,0.31243997763882203,0.32018456799709005,0.34686893064601687,0.3253776032460566,0.34130535893067593,0.3185065515574241,0.2081645153266055,0.34274094073984257
1627,0.3089602,0.28671214,0.30714235,0.2275959,0.26309602204836285,0.26172278868350585,0.26181381364610495,0.23444383688288628,0.24548653640985255,0.2544069975626998,0.21618694854221757,0.2732470619979456
1628,0.64138955,0.6424871,0.59574336,0.8710736,0.7567213882017407,0.7536063241744289,0.7468764479207624,0.8654325234271244,0.8988726449695317,0.872636381156847,0.9822003325151855,0.7536332254014996
1629,0.3094322,0.31441838,0.31657395,0.21195824,0.24049278400108592,0.2351219263734942,0.24991676927846385,0.20704369816377946,0.21229448950959368,0.23335568600920578,0.16085868327644542,0.25978448182200464
1630,0.30129963,0.29989892,0.31264204,0.24377355,0.2618530992676412,0.2885780598296056,0.26960955819515586,0.2533741072902323,0.22969059167844352,0.24985310171023248,0.1804105716402546,0.27439375450650827
1631,0.52757865,0.55040056,0.4575027,0.52329004,0.6146131924256826,0.5919830325729468,0.5435869179398487,0.614248937092748,0.585417099248785,0.5035866513292797,0.8712873161884364,0.5350513251125436
1632,0.34795916,0.339346,0.3524781,0.32685843,0.31006408174428046,0.36287462498013845,0.3182920761866754,0.2971901604334556,0.29912108733955434,0.2973414077709692,0.28662567359050023,0.3219086823367379
1633,0.3974828,0.3783724,0.3796573,0.36525315,0.3552204689883719,0.36921403184019536,0.3639594910046365,0.3360199342437682,0.32327042154624847,0.33258437816500186,0.3397016960227916,0.35578836309104517
1634,0.2830978,0.28636095,0.2963554,0.2528121,0.28260817763042456,0.2517957043293396,0.2762714792496306,0.23720532689809506,0.2396256023853493,0.24205297781577756,0.4468898074309136,0.2668222823540408
1635,0.23444362,0.2250833,0.2668316,0.15634367,0.21171964796111137,0.2457823666623681,0.21454693211646095,0.154090938227737,0.1434730901211136,0.16805287504560557,0.03113051045442844,0.2059001780184957
1636,0.6347413,0.62842524,0.5923864,0.8570968,0.758847800229715,0.7788574452250284,0.7442078326953045,0.8629959216647107,0.8983289118058213,0.8826812008358009,0.9706772569101408,0.7557833646491842
1637,0.3170123,0.3209644,0.32160097,0.25041568,0.2847481142171758,0.26809398494506026,0.3001777052548816,0.2561239047814535,0.2467748266439526,0.2637662218136093,0.2711334699689879,0.2858537487286586
1638,0.33567834,0.33120534,0.33997318,0.33785754,0.35123630122903354,0.3740899756082704,0.3327760344298779,0.36133768357075247,0.29318436546282345,0.302085109243947,0.3922277220331371,0.32693237337536263
1639,0.27120093,0.26401848,0.29540157,0.23278883,0.18166082730528163,0.31718531848872833,0.20108077701581398,0.13989142768710888,0.2107063985219675,0.21999485419092374,0.005941552593160415,0.24344571557643438
1640,0.32840046,0.3200983,0.32582015,0.30529356,0.27347517892428364,0.31125195869442557,0.3047826393798694,0.2529253672610797,0.35216769034135936,0.3435869923701585,0.1264544630883426,0.32653747469937766
1641,0.58022237,0.5912233,0.5690044,0.8311974,0.6960645877389385,0.6831586839332048,0.6509710900338462,0.791475113229265,0.8731897537998601,0.8765797849546466,0.8074894907400465,0.7150213706082671
1642,0.32230574,0.3430338,0.3219478,0.2074676,0.31960845712406866,0.2951120985976714,0.27381425716748026,0.2753712491563891,0.20880145178424359,0.22868162458040636,0.2380473222277714,0.27217067044359916
1643,0.44874826,0.49385005,0.42916805,0.58939505,0.5774500227885763,0.5570706267880133,0.5200020205737722,0.6153351261045183,0.6489571458270138,0.5717544357142929,0.8946106115894649,0.5388319736873194
1644,0.27857026,0.27984557,0.30573684,0.20043573,0.2156439449054856,0.3124702009338748,0.23899373030274607,0.15807450811743737,0.18852273109817572,0.21966716472582118,0.0881821869503026,0.2424100398852563
1645,0.23307869,0.2334905,0.25899595,0.10659115,0.1613432510874216,0.1790909229246878,0.1653529386094787,0.09645336507811267,0.11966430601482432,0.16184417325039094,0.002185762992309859,0.1819954047130294
1646,0.65990007,0.6644064,0.6006495,0.8721119,0.7723541595662986,0.7598334698419837,0.7601438787795447,0.8768088885208914,0.8955052662207219,0.8705795766259025,0.9812341598738303,0.7625599413136273
1647,0.61895794,0.63293326,0.5944428,0.8912795,0.7650706189798184,0.7538609413096117,0.734485362370842,0.8707848000387,0.901067576955074,0.9040091255242165,0.9864207768183835,0.7549708393153772
1648,0.32365865,0.31784433,0.33313423,0.2664949,0.2765033825705854,0.3138482831297367,0.29027340953857755,0.2684442183393765,0.2778201538153314,0.28115002414605916,0.25082411056351356,0.30346642208834596
1649,0.5361203,0.55328906,0.54049677,0.7747597,0.5807819444400557,0.6386859963919662,0.5661212818364272,0.6679666478188858,0.814234131220094,0.8225122696023176,0.6337475105244361,0.6577723714786358
1650,0.28728598,0.28935808,0.3322815,0.272908,0.2742350332594953,0.34295984990615325,0.2565523312522751,0.23689652856065413,0.20967019291312622,0.22689276979283607,0.05736200136422056,0.265354828449176
1651,0.39453512,0.38097462,0.37194166,0.3553853,0.3827622930322113,0.4249118462983712,0.35940743659315055,0.33648058541710535,0.3163327534013788,0.32466546837163807,0.318311196744247,0.3522163440899222
1652,0.31737393,0.2989459,0.30855945,0.26781204,0.20175047754573913,0.35854992158884647,0.24820899208932717,0.1561019888118578,0.2240498104491219,0.24541679720244708,0.03651451420957782,0.26738642404961055
1653,0.23657405,0.23239347,0.26725465,0.14190881,0.18674339878291682,0.22734047115913386,0.20727713412271664,0.14128758655349935,0.1566644446891162,0.18844266232918955,0.034252630758664956,0.20929834263953623
1654,0.32071537,0.31755668,0.31987077,0.270285,0.28140412236306817,0.3046733878116642,0.29067969095338414,0.2509584476684041,0.26200577757716925,0.2921143007563133,0.25993480000854335,0.2976038079458357
1655,0.34681016,0.33868203,0.3501672,0.31544277,0.32049631247469923,0.3521046976372772,0.3221070264904545,0.31083573964269146,0.2713590249935606,0.2995786123464327,0.4026018695968695,0.318327089016989
1656,0.24372749,0.25376132,0.27093264,0.13676676,0.19638845525189536,0.2116760921042681,0.20193146650041044,0.1515432366924924,0.1647009974085288,0.19741982473723602,0.05625337494851337,0.2138024174415873
1657,0.38758817,0.3922722,0.36733183,0.35131902,0.3602916342505256,0.4512053551416688,0.3889133727849502,0.3567484614235132,0.41214322373434087,0.39723860085723933,0.4218960021277767,0.3953387752622229
1658,0.5980546,0.6088488,0.56834686,0.83864915,0.7175549544363409,0.7137859564228661,0.6978633897094016,0.8176531826664026,0.862602040270473,0.8438975571567215,0.933920821167205,0.7191316218843518
1659,0.30485955,0.31833196,0.30764925,0.22384587,0.2533521572091505,0.2807721567725546,0.2594202107139676,0.23046440311919789,0.24364321772910008,0.23632001751709059,0.2539454810606715,0.2697800426246548
1660,0.57077664,0.5741467,0.5619719,0.84246904,0.7273284616354138,0.6817733520462974,0.6679033955436079,0.8177969804960314,0.8483329969538989,0.860743621306721,0.9801646580506091,0.7106942663010778
1661,0.59800595,0.6030878,0.56539935,0.75426495,0.6980114461485033,0.6893531186909831,0.6778470013240987,0.7557528080309479,0.7650500147334129,0.713110124924283,0.8912007946194926,0.6688278258780362
1662,0.35746047,0.38002312,0.3737195,0.35393992,0.39535710988985273,0.3364947563267779,0.34960334479256805,0.3530591853262807,0.3567682513128039,0.35329334387489253,0.509804196118641,0.3595626170020718
1663,0.28443706,0.30744383,0.3003835,0.2249769,0.28456966005878015,0.3546870320553767,0.2695929150041292,0.22602621220164448,0.2233012547477109,0.25374651579292135,0.36907262097264176,0.274665209746793
1664,0.3276751,0.32422465,0.33301598,0.25320643,0.27746363326682427,0.3418894233031121,0.2820608632198886,0.27889602259268764,0.23508613729684566,0.2552290463936869,0.22550695925650843,0.2893217587987834
1665,0.5718099,0.5930728,0.56961447,0.86596805,0.7475843003194687,0.6909959609347952,0.7090913886631302,0.8447564205580035,0.8706608340251695,0.8556099677809567,0.970142231095919,0.7212458192918456
1666,0.29812655,0.28854823,0.30770642,0.22479686,0.27184461109031427,0.26405011257655897,0.24900073947039844,0.22051381739431336,0.18625926647242036,0.22243165629858913,0.1726675890107494,0.25372982424299134
1667,0.61572737,0.62165326,0.58836395,0.8782857,0.759834098428459,0.7759401062829132,0.7395636432496151,0.8529572282774252,0.90311307395973,0.8965591839696072,0.978205925449126,0.756876307953094
1668,0.2740565,0.2645967,0.28871617,0.1705261,0.20815476800146732,0.22153965640067783,0.2349177912298369,0.17387428006187372,0.22725863096633042,0.24335215057141202,0.0874687430526038,0.24742131138160475
1669,0.30699888,0.32430273,0.3148176,0.2438072,0.27998449109945883,0.2980105649726177,0.2899687385663184,0.29316481723630333,0.24619518797806453,0.2683977294899637,0.2035149444779579,0.2855245647403161
1670,0.56195176,0.5946585,0.56309307,0.8393653,0.6859782529817691,0.7176296767109938,0.6547559334266521,0.7664761442989656,0.8417933604254013,0.8489263334443533,0.9124856280514704,0.699203404730261
1671,0.33852586,0.32652414,0.348519,0.36166653,0.3466202722851178,0.3331470207260497,0.3992502705816246,0.37739464076004897,0.40494754447947556,0.39631889964640266,0.3671696002612436,0.3773650487910042
1672,0.569367,0.5891896,0.550799,0.7705997,0.6620572942594383,0.6915635660408567,0.6676644446747271,0.7248767313853948,0.7262306309781129,0.6841237542588136,0.8407605703903316,0.6413706188130821
1673,0.60706806,0.6144125,0.5863105,0.89033765,0.7579206746180347,0.7604558792886236,0.7322763949531956,0.8559245245882074,0.8988556650031242,0.901039617570448,0.9699127304413793,0.7494984382948804
1674,0.25923914,0.2641627,0.27614328,0.15403804,0.20161049906033107,0.27648648041868784,0.19445108802442282,0.1744007860965051,0.1381083336224381,0.17738971501912928,0.004742087037316623,0.2110243301810899
1675,0.51599157,0.54831254,0.5283662,0.7727715,0.6931196747964568,0.5812416953188851,0.6287978792437968,0.7642979245102537,0.7540939213838733,0.7136349190478014,0.8945397585288266,0.6398861445465875
1676,0.32901758,0.35471722,0.34105173,0.2964197,0.3797652539101204,0.3634991547074808,0.3129490791521016,0.35101406040817107,0.26446811647191,0.25504909886595273,0.3145529178286488,0.310944132892054
1677,0.34653276,0.3412579,0.35260424,0.341958,0.322286379249488,0.3059438734354135,0.32470937034384306,0.31936047290624814,0.272564429015299,0.3054068151070707,0.3587619638377359,0.32277305473362106
1678,0.3479491,0.34440836,0.33964542,0.28998548,0.30529794487237044,0.37146801377318084,0.3299461230971642,0.29830412092700903,0.2835824272531658,0.2967099341169034,0.2873776361214409,0.32069673355262585
1679,0.30058056,0.30054972,0.30639705,0.20985344,0.22559796686772562,0.2890681075381313,0.24685930595023234,0.22234379707179536,0.21833404804809797,0.24622214326821848,0.07302384897924921,0.2654094511108917
1680,0.30310625,0.3153762,0.3283956,0.29835668,0.2895391200413917,0.3247795474700287,0.2821214741141526,0.262079812489608,0.27279382395169155,0.29468471854732287,0.13220165883179552,0.2971101858762031
1681,0.26972455,0.26262033,0.27738008,0.14148124,0.2205720431486781,0.29785298136242294,0.24569838428170812,0.188714548941036,0.2033653433817615,0.2341652259641042,0.2436218477646448,0.2460278463488172
1682,0.57726616,0.60263425,0.57534415,0.8520508,0.7228968851164437,0.7453541618087512,0.6749859702761644,0.8111505605654618,0.8673476652008887,0.8545383107165229,0.8923973676229812,0.7166112224739426
1683,0.311706,0.32237834,0.3218774,0.20484011,0.22864248591773384,0.3006510542838029,0.2653695510530516,0.19738082882556104,0.23357393919055847,0.24766847924801683,0.10264553099416611,0.2729460821228838
1684,0.32087165,0.31047615,0.31001854,0.1951035,0.24248581412821757,0.26260455695577106,0.28907138869335297,0.20414148569633203,0.2766058289888892,0.2758036037238606,0.1670956428482433,0.2864881926755071
1685,0.29068503,0.31074923,0.31857586,0.23806484,0.27609831357907777,0.27259636801543463,0.2541951346944612,0.25773163102491486,0.1812770271579595,0.23477369768339615,0.2542176765577882,0.25843886467372207
1686,0.61612,0.6305333,0.5939265,0.88887346,0.7709107840649801,0.7378743530610341,0.7358852596143776,0.8714739248186847,0.8888896786555911,0.8912447751366279,0.9912177120239425,0.7508917110949132
1687,0.36481357,0.35941094,0.3574473,0.30305526,0.33624869840929816,0.3547086226629947,0.3392871302866639,0.321032974684991,0.26897687522502,0.29697246441758257,0.20800195998393994,0.323488617516887
1688,0.32348782,0.33761606,0.33833557,0.26807857,0.3017840608431577,0.27923519231858585,0.28273637638904864,0.26520406924928575,0.2680479175038184,0.29728695306339226,0.21923514608874228,0.30031361968411796
1689,0.29753795,0.28328103,0.3009785,0.1720583,0.21075396394051243,0.2267731679503251,0.24265658693520725,0.16963610066653967,0.18847970299073213,0.19270749701516665,0.14750941196318368,0.23800410950847356
1690,0.28451154,0.28376335,0.30073708,0.2222398,0.2564114094641205,0.2812749814021315,0.265667521526289,0.2285080856293132,0.20844983282040502,0.24086280200696492,0.14232840949882883,0.2585857906156501
1691,0.58916885,0.58782965,0.5774609,0.8606456,0.7461724130547169,0.7423829142627572,0.7130217241515541,0.8391456553831805,0.8910661277029099,0.8718273263099755,0.9797664861730595,0.7355184744362212
1692,0.3442542,0.41486058,0.36412287,0.41937476,0.48059102823306077,0.4853630007976732,0.40725441405609153,0.5062695163729953,0.4645119555602014,0.416781819506489,0.4271677291979702,0.42078881934976453
1693,0.30859774,0.28774384,0.31832516,0.2266734,0.26127592005849987,0.2731591778593715,0.29299662248625297,0.24184689776925117,0.3030292450183497,0.3360794644203242,0.05064035446836842,0.30492361218078334
1694,0.30507964,0.30640373,0.31871277,0.22832784,0.2661883300456285,0.3308316431580736,0.25830988733567006,0.2318438827122415,0.23094718876063572,0.26903302014338515,0.18608537483948856,0.2759965824439742
1695,0.28247434,0.29284397,0.30815586,0.19946894,0.2659797816096633,0.2654152754331889,0.25745340186443916,0.23808978270955167,0.22070787378272652,0.25791885909278267,0.15149483471183411,0.26451368307168494
1696,0.5702718,0.53851926,0.5269146,0.5974059,0.5203549664119188,0.5042910082247176,0.5378484474434736,0.5494306135394937,0.5838389832384033,0.5881090873837513,0.6451352132906325,0.5542536395564653
1697,0.28387251,0.29063454,0.30559796,0.20408086,0.24782300459045864,0.2629281043694612,0.247592702866471,0.21229017838774222,0.2371813621651088,0.25591219850792146,0.12650283842050697,0.265705611070811
1698,0.34731904,0.34838605,0.35667247,0.35205984,0.3957774919925734,0.32675230150137036,0.3825072242232949,0.36067047174958167,0.33181426993099417,0.31712895180348305,0.42651814140213096,0.3483489040379217
1699,0.35326454,0.35938084,0.3591847,0.36376268,0.47964250330800884,0.4949702024289757,0.41664901419768585,0.4239310808486067,0.32040433379503364,0.33299299971488194,0.8037909678571168,0.3683496722857461
1700,0.3075997,0.30847806,0.33309388,0.2855988,0.25609305598808935,0.31736921977393523,0.2980219677673276,0.24485810005493835,0.29671032414309495,0.335380667829321,0.1457478566593036,0.3121971367133064
1701,0.31472498,0.31559673,0.3264049,0.2953868,0.3102990420534424,0.33193466065779387,0.31246503673854803,0.26069040903251456,0.28116008607011106,0.2862665709449391,0.27752932107805206,0.30254330089551873
1702,0.5153166,0.5331543,0.54389787,0.7440264,0.5384495987349981,0.6192570283181877,0.4956959058165492,0.541303084335412,0.7843551992719237,0.807639737577744,0.3837195424186157,0.6271617768736261
1703,0.26348406,0.25874653,0.28661203,0.16427006,0.2319859710482306,0.2942974413036362,0.23588475068657325,0.1842070485874454,0.1612955557442424,0.18283162798470257,0.15409670461627495,0.22800851872584454
1704,0.2989505,0.28719944,0.30327705,0.1949074,0.24867131858622854,0.2859436872037308,0.2690575973509156,0.2227050365374125,0.2440307010956837,0.2551870957851261,0.12638063625740933,0.27228424111091154
1705,0.34790194,0.3356776,0.3538367,0.3418794,0.32743547055122696,0.26920253544757167,0.31866999760165254,0.3089388046673752,0.320398621804234,0.32865061914743,0.37696092444457624,0.33056863761476396
1706,0.28407055,0.28660762,0.3017395,0.2062935,0.24487234485525322,0.2577922024397542,0.2471832858059891,0.20516859335349807,0.21805593470581058,0.2037762718403398,0.10613275746947108,0.2495073842939647
1707,0.34885627,0.34158686,0.3382106,0.29574522,0.33320861513269423,0.3972236888767323,0.2919757514276601,0.2764243988588906,0.27725940751927186,0.2735470923918005,0.24247566907405,0.3166633115779249
1708,0.26703298,0.28211516,0.2960025,0.18293977,0.23031980405875602,0.24818658966307927,0.22816578682147998,0.20074332303969902,0.2141291253470575,0.21962256759397808,0.09882008359044125,0.2449379615368536
1709,0.3171865,0.31043604,0.3246495,0.2666324,0.24253219592936376,0.26695534944681387,0.24010642483483272,0.23442048195867793,0.24639935973280241,0.2513508082300632,0.13528959246465608,0.274626003209239
1710,0.2995606,0.29443917,0.30672967,0.19163387,0.24106466772487906,0.25409994439668326,0.2775224621308742,0.2203284156858989,0.24114584475270534,0.26287933687967674,0.1310894751381444,0.2726759039209231
1711,0.59849167,0.6140524,0.57880795,0.8777875,0.7528010313256597,0.7655690641108773,0.7198905428682212,0.8543947257956119,0.860280156403717,0.8766552492600616,0.9738188105506016,0.7316086846227972
1712,0.54303503,0.58248514,0.5474077,0.78257245,0.6961055610910571,0.649211971272274,0.6528778329350021,0.755043051233,0.8338699597894415,0.8438613892511793,0.9138786358867742,0.6885970227487211
1713,0.5728032,0.5814601,0.5471164,0.7484983,0.6711341410878375,0.6824498365776128,0.6599552383642464,0.7271661394011584,0.7410786735523046,0.6802021430463903,0.7662090525715437,0.6478426554672252
1714,0.32460108,0.32644805,0.3309324,0.2502946,0.2908272219865419,0.35870007081619304,0.30354308871721575,0.2830996550015649,0.29305054973461286,0.31930027898990854,0.27044545680692,0.31403545725580867
1715,0.31198326,0.29732355,0.32621104,0.22470999,0.2500269447754009,0.3477473965359126,0.27801201888044924,0.24273693855638534,0.2664501687726967,0.25708602021166194,0.1796814566487593,0.2862390574200981
1716,0.54407877,0.56102496,0.52411777,0.7526907,0.7118404548195196,0.7100129198801957,0.6727322547617569,0.773649877009563,0.7645117073360278,0.6973593453004744,0.9577556804403686,0.6546306567157038
1717,0.6015014,0.6052395,0.56002635,0.7763424,0.7053368800978479,0.6600986284462682,0.6773688648425956,0.7786039724648791,0.7576998127763799,0.6746588659728583,0.8999015685170477,0.6610171946046126
1718,0.39362788,0.38109416,0.37291113,0.3585635,0.37911408343059316,0.4063894950907555,0.36323190728628024,0.34652742611366494,0.2829844906065907,0.30175735716374896,0.33259390417402457,0.3418786148459573
1719,0.48616657,0.5257503,0.5179976,0.71160734,0.6612130985201876,0.603848012371525,0.607806178901043,0.715069096333894,0.725268118491473,0.7249167940650454,0.8251313589235979,0.6213697533257878
1720,0.40015802,0.39900655,0.38448566,0.4197236,0.38630236918894123,0.38019676256309975,0.3826364516942059,0.41268921577951917,0.3802448586684336,0.3726501581032264,0.6112146261648352,0.3870828824891478
1721,0.5671786,0.59242254,0.54012454,0.7629983,0.7061945221680285,0.7078241494587098,0.6800247833314672,0.800234212856803,0.779622993743562,0.6724437923381833,0.9578027651531187,0.6593388913196707
1722,0.61255497,0.6190652,0.56408626,0.78596896,0.7221882386665006,0.7197478854890959,0.7080882142573441,0.8061585505972092,0.8007914041188929,0.7134839809539342,0.8895581153215139,0.6864156836413452
1723,0.3126236,0.30707413,0.32172474,0.22351122,0.2900667773940214,0.28797714752992176,0.3057463824429366,0.24510389988679285,0.2737077995159801,0.29785936165751975,0.16000616880865942,0.2984692951493352
1724,0.32846755,0.30263355,0.31647038,0.2348707,0.264367850638361,0.2860398459357573,0.2957731751184938,0.2460113353264536,0.28980010078502216,0.29671018163250007,0.17440466374770916,0.3021518712496013
1725,0.25149164,0.25162905,0.27910775,0.15155908,0.17784500813989873,0.19012468082221168,0.1933350868962509,0.14287313335587454,0.18091697260440226,0.22793904669939397,0.0578099782781995,0.22145100392095088
1726,0.6027455,0.6157346,0.57687,0.853484,0.7493759551820434,0.7451733062172368,0.7335940679277451,0.8420779654842041,0.891099941352539,0.8770481321057682,0.9724050717666064,0.7393741853897942
1727,0.34909892,0.3488818,0.33699852,0.32748318,0.39095232429952703,0.4218859037904711,0.3483106603559743,0.3359379528360249,0.2842761444552943,0.3027065222955613,0.4901372992830549,0.32867652248923485
1728,0.58276445,0.6152729,0.5796301,0.87368333,0.7527976630191399,0.7367141012636956,0.7244164390871419,0.8560647898239004,0.8899014080915523,0.8831082654624612,0.9702963043015045,0.7404897778282511
1729,0.3364409,0.3198456,0.33601823,0.25998363,0.26780311850553057,0.2913280712674209,0.30273607262867275,0.26412021417924386,0.2791291346156287,0.28608579092590397,0.21447262701289596,0.3031957602026006
1730,0.2802511,0.2799579,0.29056522,0.18960297,0.2358767825597982,0.23831182921361246,0.2442563734200771,0.19970338521963504,0.17965019901755558,0.21694018637030257,0.1514849547391412,0.24118191420405544
1731,0.29175287,0.27487665,0.29022473,0.1850274,0.23163521081344549,0.25152482351659194,0.26960270920094587,0.21818419646497636,0.24238375224566627,0.27315414712737407,0.14710573865649454,0.2678739573185244
1732,0.31633967,0.3138747,0.32538214,0.24077769,0.2693948698853446,0.28053219093179366,0.2834890515652983,0.2537880593697699,0.28064590219660523,0.2868790642808948,0.18950704062354332,0.29397499859213183
1733,0.35161334,0.33532625,0.35412684,0.29192647,0.2585743609125613,0.3287254398792669,0.30145427107123124,0.21772797371408262,0.28488859684728884,0.2724290093965096,0.1016531023563008,0.30399740092581495
1734,0.29637748,0.27612588,0.30086812,0.22760001,0.23324925988354198,0.23070515565298866,0.2661280505797102,0.20905862235891853,0.22685918627730867,0.24428596186325416,0.046129249519272185,0.2600502356278978
1735,0.28532046,0.2675801,0.2910757,0.16297664,0.2207606113688402,0.25546174914181885,0.2531011048029,0.19047948863471914,0.2090882415718694,0.26855618211095744,0.078056401001001,0.2549315689687973
1736,0.32878664,0.32316962,0.3199274,0.26876578,0.2960801727242385,0.32004600856204457,0.30556498135131405,0.2865079320651346,0.25419740242794614,0.26171052808846573,0.34668385781922284,0.29614070581077634
1737,0.2999066,0.28643236,0.30021754,0.2074728,0.2363051710591236,0.2867350688184467,0.2761967815106289,0.21532140676309894,0.2382528579874521,0.27492788940145296,0.12239663725154357,0.2739926085241425
1738,0.25708073,0.24463026,0.2866033,0.18953261,0.1981467748939833,0.2667067657497813,0.20901623296837535,0.15126775850356666,0.1322946151732714,0.16595685218804568,0.02184981385940239,0.21447487439388097
1739,0.31507462,0.3080226,0.31171602,0.22046332,0.2816595724614461,0.31656415464031096,0.2937251226122347,0.24680083412487547,0.24616883720784727,0.26694967405824355,0.24747555966288512,0.28214908357162816
1740,0.3227195,0.3042468,0.3109996,0.20377477,0.22891025659867942,0.3120112481217321,0.2941792534165556,0.229732895678807,0.25518381014106545,0.264548694900313,0.16977428762797744,0.28229118356265953
1741,0.34069476,0.30724704,0.35435262,0.31197184,0.2530217759122506,0.2540491222148776,0.27756901416789204,0.2496393499318227,0.28707825222647926,0.27302824954490507,0.1389102297996942,0.3020654461815764
1742,0.61294204,0.6153649,0.564793,0.7653316,0.5773441173517179,0.6591382225259211,0.6073229171551382,0.6258791252121008,0.8284753264883141,0.825744575012575,0.5347800521229127,0.6816665831193174
1743,0.19752042,0.20814362,0.24176407,0.08872481,0.1385994000504604,0.13073727793261308,0.14309271572976695,0.0905404751628325,0.1295527378211911,0.14252303287030985,0.023967062518643244,0.16817153709241378
1744,0.33569428,0.3265816,0.34395608,0.29428387,0.3124153142780598,0.29883596170539384,0.3102157725011844,0.30126970941429915,0.2630479490463066,0.2852531565275548,0.27804240910547656,0.30612915514707184
1745,0.35342363,0.3461383,0.3559183,0.32409772,0.30963200727014945,0.36287213701562987,0.33423359165208566,0.3124317787354469,0.30002429646465195,0.29442753350988243,0.3622796940626321,0.3227129560804365
1746,0.60220695,0.6040229,0.5775527,0.85224944,0.7170301207564,0.7360469828909164,0.7009307033716742,0.8109541206992615,0.8936003710035761,0.8902378513532053,0.9323651855650036,0.7346725265230131
1747,0.27754822,0.29813665,0.30314797,0.1922652,0.2699918554108912,0.32732053283094126,0.2896294117615429,0.24921456632554911,0.2393484805153665,0.22635250350040903,0.05924428445822753,0.26338614478742484
1748,0.3845473,0.36258253,0.3637677,0.36162803,0.34200543556450125,0.35570303034329276,0.35914150535468015,0.3538331026234048,0.36439219259112,0.3486857940766225,0.38810131456492675,0.3627012558819989
1749,0.27323708,0.29017216,0.31054673,0.20631433,0.2323771710624988,0.23413121906158435,0.21725812941247127,0.19626263578846623,0.19362965468541526,0.22731358736251495,0.07223777040204854,0.2428204295974911
1750,0.35414344,0.3472915,0.33622342,0.33091453,0.30737868231337007,0.3666619881706345,0.31889657866252463,0.289338528629363,0.263876445594327,0.3065487901679797,0.2583307762223366,0.3157529478026835
1751,0.2935232,0.28929558,0.3126062,0.21845305,0.23800970647863684,0.27122344731625253,0.24290287401435737,0.2122652085849336,0.21943293420328294,0.23689838257070966,0.157372877746619,0.2575689858389679
1752,0.3358364,0.32118747,0.3263876,0.22098312,0.24285694653784504,0.2713148253564834,0.30384498756316736,0.23179258839785727,0.2604989404660101,0.2881579085312227,0.11552612096712547,0.2914864209550559
1753,0.32821596,0.34939358,0.3391239,0.2531026,0.3355449037629964,0.36184683049966704,0.30763207401419435,0.2990385320703433,0.24980309914376395,0.2875276076841027,0.5117069384359506,0.3085106397851907
1754,0.31597483,0.31584936,0.31899986,0.21618004,0.24033644511748703,0.2804864580690681,0.24564213589781855,0.22284859548934394,0.2444939474246013,0.26802655564531086,0.12082589473013368,0.27673942974481813
1755,0.65402865,0.6608546,0.6002809,0.8633606,0.7685306626794268,0.756155273301881,0.7526207151616338,0.8689725193206395,0.8819792835872388,0.8630210585629131,0.9739146458339487,0.7555165422519735
1756,0.2564308,0.2537964,0.27289003,0.16829395,0.20128423437372422,0.25223486925328353,0.1930941989047998,0.12490929769735142,0.14396981625857416,0.18995856247940535,0.042466870666960435,0.2118719024159325
1757,0.32335,0.34512925,0.33580178,0.28067487,0.33575386644028316,0.3943278301221276,0.307977651252534,0.30081858159492236,0.3069270124465654,0.32677971331916233,0.2986015386404576,0.32846301218561874
1758,0.28210598,0.294258,0.30592784,0.25434333,0.31163946891745514,0.3472957663166583,0.29528734440789933,0.31213246774729003,0.2616192432912141,0.31820188248677483,0.4491509410929915,0.2986728959264075
1759,0.32178527,0.29866958,0.3117467,0.2376297,0.2555935042157017,0.29884489468455977,0.30158271950407156,0.24658789980486634,0.29426904044505797,0.2960986699388568,0.1536170287345824,0.30297667868463424
1760,0.28248656,0.27699146,0.29970732,0.20868096,0.1988157070428902,0.23291489997781367,0.22287212413483704,0.19227528887482798,0.23149200559838196,0.2484673344894568,0.09975931500075955,0.25350655522740856
1761,0.54503393,0.56454504,0.53836143,0.7794666,0.6637226216804459,0.67406672475678,0.6533277763056416,0.7197838156760176,0.7964057981465278,0.7500027116564125,0.8610862835800244,0.6600612038169131
1762,0.28573608,0.30580124,0.32838345,0.22708073,0.36615503358194185,0.26300227022680067,0.35116150332285356,0.33713423018919025,0.280723440928797,0.23801074376021605,0.5347011246027471,0.29775823803354157
1763,0.36681765,0.36825272,0.35595465,0.3134559,0.29154475576266786,0.31331684544405225,0.33080463197958,0.30228418669106827,0.2984030564735328,0.3083445372036963,0.22922182238922026,0.3287189201570205
1764,0.32267454,0.33606285,0.34383312,0.29078904,0.3159119558371643,0.23246663978501272,0.30412792360184815,0.30109245550468633,0.2634909050977535,0.2715204151407652,0.24742843166509726,0.2988492088603883
1765,0.3842341,0.38423896,0.3736746,0.35249844,0.4014156447131656,0.3512252604404468,0.36865595236589666,0.38191178718942786,0.38542776803926787,0.39419722822513525,0.579247757081972,0.3771506398469681
1766,0.59724337,0.6147834,0.5842148,0.8735081,0.752899445650303,0.7427399323384923,0.7273029366046286,0.850820140065977,0.8865411958830214,0.8812053531848514,0.9740108901742592,0.7416305585216695
1767,0.58125615,0.6045121,0.5739921,0.8448281,0.7481694454391891,0.7125252755859626,0.7138635766177408,0.8365342538446521,0.8564316398470992,0.8600687534854613,0.9400653965873303,0.7225218317964535
1768,0.3066292,0.2872154,0.32133946,0.2377388,0.2755263736106282,0.3229016135179853,0.2872797968488072,0.23770953816552742,0.23388201157475685,0.27492252056783517,0.11245488054582313,0.2798810109262711
1769,0.63904727,0.66854316,0.6060332,0.8659924,0.7566894714697614,0.7200446947780955,0.7429649381129944,0.8653287484548988,0.8817618389018527,0.8934335189654925,0.944908834506438,0.7558800390876176
1770,0.31300706,0.30760795,0.32759887,0.2729014,0.27738180130410395,0.31784698655123544,0.32723411550715586,0.276954660373936,0.31159280068358675,0.32669647030505466,0.1567370008624131,0.32012499327941113
1771,0.29823843,0.2769505,0.3136897,0.2229949,0.237435673746398,0.22752951719342604,0.2791734688019351,0.2261844777523221,0.20122726572373267,0.2496861156979207,0.04104195617885903,0.2602628963108276
1772,0.32934627,0.30128843,0.3162689,0.23342595,0.2599285161312672,0.2740054683324688,0.2805178256263292,0.24701626037126231,0.29926320973261966,0.27305474795665774,0.2696806057353056,0.2954722190790725
1773,0.3444625,0.3335011,0.35424224,0.32193774,0.29244669836883225,0.32053391610629767,0.3323230797723909,0.2941654969902691,0.29660616788798777,0.2944503264100917,0.29984285842970293,0.31846316122091745
1774,0.3034113,0.3015598,0.3073617,0.26677793,0.33926023557640567,0.33185439180819765,0.3232067848788691,0.3212306267823536,0.2402142909038087,0.2665878924317605,0.4228210445795222,0.29232147108823003
1775,0.6210848,0.63093734,0.5888794,0.87253445,0.7576986741830423,0.734552655019246,0.7412891748583391,0.8567531394165802,0.8981952623717175,0.8723304173843381,0.9853848656310712,0.7480429861749324
1776,0.2916855,0.3002197,0.3145867,0.2048988,0.24395949759573637,0.27367361532332274,0.2380094121248088,0.2033321269831893,0.18375873709074259,0.22787936680961277,0.08575040997397446,0.247720497072691
1777,0.3525549,0.35069028,0.3722346,0.33675116,0.3079333558430195,0.3092705432841447,0.33754946517360535,0.3208868632703725,0.31142508213008313,0.3079521540682828,0.23841379554809708,0.3315070441071183
1778,0.5804622,0.58608997,0.5467786,0.77253354,0.7115768640527713,0.7116829497772608,0.6668443106160588,0.7852808818427937,0.7411403665199684,0.6692683824893719,0.9107458693324892,0.6513762717831479
1779,0.6126651,0.63012564,0.59099114,0.88107747,0.7621601472563946,0.7583753564983916,0.7402970803100347,0.8595527611267528,0.8931304601588332,0.8927729288361375,0.9761503487764529,0.7522315600885288
1780,0.6126488,0.617173,0.5722767,0.7953886,0.7319924708298217,0.7510354487009747,0.7134025653284298,0.790130963454269,0.7979775882363335,0.7029942055653433,0.9474662621256551,0.6899807769551893
1781,0.29146424,0.27413076,0.30414551,0.20705819,0.22657844816238376,0.23119968197835447,0.2562640209678032,0.21259271361016144,0.2587025899167563,0.2626826071417641,0.1164371814762529,0.2690113736365541
1782,0.256501,0.25978968,0.28971893,0.16667053,0.221085196385306,0.28930604210780553,0.20685560868894504,0.17932101556600025,0.14220427873636382,0.1852209118327905,0.08893818259005123,0.2162123779239359
1783,0.36863726,0.36757505,0.36154372,0.30811948,0.32682945226622817,0.39600374549997897,0.35404437810231776,0.31902990846479173,0.29435410276957347,0.30224386632917116,0.4203177448407368,0.3345431296686633
1784,0.32824948,0.36373717,0.36821246,0.36803067,0.39120559461664767,0.40401911242163335,0.33715700950268496,0.34984004051312717,0.3313328405466359,0.35431268875491606,0.5812258718408059,0.35305324667802906
1785,0.5989871,0.5974226,0.5700048,0.8533548,0.7344681024004552,0.6981190564126061,0.7154285732047281,0.8297014742291356,0.8710843129025359,0.8387019928931607,0.9326862590196228,0.7222451388295715
1786,0.2617462,0.2765507,0.29661134,0.23095354,0.23802548730822318,0.2168238563647292,0.2522260686964114,0.22563340391919348,0.23559059321224357,0.26039230269860353,0.11671580833663191,0.2604892715633613
1787,0.3812159,0.38332897,0.37500903,0.37444714,0.4208838331237016,0.43570725716272757,0.36786170467437407,0.38776838647727535,0.2889591089641545,0.307982724616629,0.4823532356628296,0.3477483579278324
1788,0.40776625,0.4021899,0.39523178,0.40354434,0.4192049456455445,0.41382719835381493,0.3874779383527738,0.39813354477482665,0.3319386210906949,0.3225496617664936,0.49333616549660314,0.3737453918611115
1789,0.62071407,0.62966454,0.5961705,0.89501417,0.7676930577093892,0.7728147412856956,0.7386337428486653,0.8706239135742724,0.8935383827675967,0.8933534877689769,0.987568336198807,0.7546507147484911
1790,0.6479375,0.6436287,0.5942,0.84148663,0.6973769740745157,0.7404232689410952,0.698690106191304,0.7948256803606515,0.869228211546851,0.8471047971488229,0.9143460469923979,0.7341539910362639
1791,0.23474714,0.24293268,0.2775762,0.15112856,0.1856696066707331,0.2249183594650404,0.18068441053094464,0.12363470329862972,0.1281351811277049,0.17629545157539012,0.02971512354687056,0.19782886772148695
1792,0.25720114,0.26230365,0.28406137,0.2181581,0.19276169572688143,0.21262538716413534,0.20948048098342328,0.14993656580592346,0.16638948240665682,0.1911544427086167,0.014560803699836745,0.21983274274931358
1793,0.24130996,0.24015526,0.27843508,0.13687399,0.23722758204418498,0.27452512780620664,0.24372538482350198,0.2168949871237876,0.17271993243094527,0.19423559966564102,0.1644209923112924,0.22547213648718056
1794,0.29639873,0.30112335,0.3116567,0.21224685,0.26783423327613687,0.2791327857309184,0.2556654297678903,0.2201494432515761,0.22144071679310545,0.23674070945961417,0.1616432411488593,0.26386737025624424
1795,0.6000623,0.61007637,0.5747893,0.8430053,0.7357181803486925,0.7327229292473296,0.7161261497643016,0.8339299774509664,0.8856572134884836,0.8702698875161229,0.9361686266993597,0.7356560287635969
1796,0.33916777,0.3361002,0.33634067,0.2463108,0.26661663898002175,0.34203117897609064,0.2865788470660377,0.23371564110661022,0.2677792219943092,0.2763510386278705,0.14590308642045097,0.2978037685922056
1797,0.3233153,0.31309915,0.31375808,0.20970838,0.2468709381563658,0.31240948942343927,0.28147149771068747,0.2399346972240292,0.2850158940546853,0.30518787962176447,0.07840455850804069,0.29710938685907384
1798,0.3098137,0.29116845,0.30560416,0.22778428,0.24169433514174887,0.2644233182072645,0.2501911122926773,0.22507957975504075,0.21033466110624088,0.23108199416577105,0.1899459531817901,0.25923986588214815
1799,0.28406656,0.29174513,0.3136077,0.24692018,0.3001322936098644,0.30633730702362894,0.28069191888734857,0.25445554072105103,0.24668756882251,0.26246051803137277,0.12999115085110374,0.28065913925238856
1800,0.29997355,0.2987387,0.30397022,0.22567253,0.28137906768133714,0.26370450999944656,0.2863955483521359,0.24369740777855195,0.2432245828609306,0.27365952726276166,0.1789661931782514,0.278227358031666
1801,0.3217721,0.30882615,0.32630306,0.282408,0.2941497790601772,0.292488209481789,0.2891048532042141,0.2693972061658694,0.23448125500975073,0.25461388653162803,0.2973477922892075,0.2881662827260426
1802,0.28493622,0.30326256,0.30741632,0.22427316,0.2735118004027458,0.30245986605757813,0.26098209305426145,0.24331750268865776,0.2102424563478759,0.23301992976253594,0.06329791183979391,0.2614661007209073
1803,0.2788648,0.2716691,0.28344062,0.16270635,0.22269779971551845,0.22745541352224893,0.2512894184369989,0.19026111146066335,0.23095669526642998,0.25681398196063754,0.10077775468795842,0.25550064266997363
1804,0.31742877,0.31458342,0.32678485,0.28697103,0.311722345827655,0.37100282706118487,0.319787466768608,0.28015760076434715,0.2765237831617309,0.29633640613108914,0.2258130220252963,0.30998301137520345
1805,0.6197768,0.6420013,0.59331065,0.8699814,0.7031741928482098,0.7121409266896662,0.6723399177560447,0.810817399718819,0.8750998343697148,0.8737279098920683,0.9462801753300537,0.7299444588988933
1806,0.27826595,0.27721974,0.29164603,0.18689343,0.23172624586141727,0.2583996246069661,0.22900157014614725,0.19136390071534665,0.20849900356669138,0.2283630467330525,0.11031221822276875,0.24525814490881065
1807,0.33727103,0.3230903,0.34313732,0.26176605,0.2997159924396057,0.28848031119721823,0.2974380834021563,0.2657514578931389,0.2617069379728244,0.28433826858989175,0.33555238948709565,0.2989007537000553
1808,0.35262248,0.3381515,0.32598624,0.26145154,0.32626671926690753,0.4050134022484101,0.3118352684307764,0.3044159105358974,0.31966465841233216,0.30360248046000293,0.42513557221542964,0.33070041484758356
1809,0.27851158,0.27728516,0.30189502,0.23028454,0.2574904933181426,0.27670043272257927,0.2689164576959537,0.22432865043048028,0.24337692995647128,0.26266675007187434,0.15922821676236948,0.2712979371941873
1810,0.34043536,0.33010295,0.3368731,0.27848512,0.275200346874992,0.27811988260289927,0.3030338089596077,0.2715981259931013,0.2851382501372428,0.29890003305259594,0.21881074136814668,0.3062936800951021
1811,0.33580256,0.32307383,0.33534974,0.25208214,0.28211854474837006,0.2965578918198349,0.3085689356784752,0.2472743810896517,0.28684700042485717,0.28495029599736404,0.13240367276451978,0.30367758381195936
1812,0.28731507,0.28962678,0.2938214,0.18894848,0.22638125266057782,0.23373542500968192,0.2486971986471222,0.19043174411528185,0.24212597044131456,0.26650293213913717,0.08247892110641773,0.26420832191852295
1813,0.28133902,0.26669055,0.28761113,0.18525787,0.22345882577966997,0.24182014123169332,0.2560419012351324,0.20642010363523675,0.22730730724435078,0.25273651457581464,0.06292221011175195,0.25638413822504036
1814,0.55786216,0.57628596,0.548369,0.7807354,0.6708282046161749,0.6196982808199436,0.6589312990279759,0.7286655822849221,0.7561829336155675,0.7045055887144466,0.7563084732900901,0.65011819049007
1815,0.23581497,0.21986918,0.2604771,0.12548809,0.19234006976309642,0.23130912019901112,0.20513110411694738,0.138811572120826,0.16138161494221354,0.18783376311343294,0.03394298282944826,0.2054016367036997
1816,0.35277247,0.3273346,0.33439213,0.25710553,0.27725753580636747,0.30779047936992976,0.3047457937914896,0.2648007048420132,0.26012767085366334,0.28850041086826783,0.3377509832454987,0.30442681893983
1817,0.2516304,0.26226807,0.28126803,0.15470406,0.211512881518858,0.1759135285881877,0.19565071518040975,0.15928729211688536,0.17819974432772062,0.17214702947296404,0.07132090525783064,0.21476132089431915
1818,0.31593245,0.2936853,0.31646386,0.26292297,0.2857321023436762,0.29571727708440027,0.29290088153699834,0.2706065658150671,0.27853161196194287,0.3028243563835639,0.19634560247439364,0.30151509665488463
1819,0.3249645,0.31206948,0.3251377,0.3053158,0.2631063845263367,0.2678163569494584,0.2853045011095139,0.2580972898627383,0.26395566743203835,0.2853818289318405,0.1165440844277742,0.2945919253152063
1820,0.3177436,0.32807794,0.32890746,0.25028715,0.269205721168284,0.28235856247122837,0.3044596596463652,0.235564838437486,0.27119954843556326,0.26969843045630987,0.19621467192558179,0.2955850504301548
1821,0.31413502,0.2972845,0.31271762,0.2706791,0.28506726156007123,0.30944792257431547,0.2935730298361226,0.24257007055906693,0.28228373656712613,0.31207129390367405,0.23573630711391863,0.30164092961086203
1822,0.35279378,0.32903498,0.33610258,0.2587407,0.2953385210753776,0.3104123427434565,0.322963696520106,0.28466380451256856,0.31392018269390853,0.2994997777498211,0.19372192615633618,0.32139226018825173
1823,0.56046313,0.57295835,0.5452633,0.7568503,0.6240661650802484,0.6415243695282038,0.6303223369706034,0.6935106141419374,0.7577483347635506,0.6561795125414058,0.7541320505924364,0.6364699711657876
1824,0.3068407,0.31024545,0.32622275,0.21591806,0.24681446463058707,0.3156529853669564,0.2638367541328982,0.24227929456455932,0.21803652266060417,0.21527342374769703,0.14352413904944714,0.2666742911019922
1825,0.3024368,0.3217098,0.31462795,0.20100744,0.27107299466161544,0.30257270788315216,0.26866977817329024,0.21959900592719017,0.23844528508550206,0.2622690590386478,0.14099547200364512,0.27525262721662885
1826,0.5732473,0.60043633,0.5732563,0.8575597,0.7327601315921177,0.7182718894289262,0.7042056708234169,0.8296003777293661,0.8860740658973644,0.8832441620017908,0.9420589839952459,0.7317811825922471
1827,0.30820864,0.33521536,0.33996505,0.2595278,0.269684804145352,0.2946719043772942,0.2717533886556541,0.24584173916405763,0.24129558618864047,0.2570225472761641,0.12637278184702103,0.28239506706132117
1828,0.4003419,0.38350925,0.39522076,0.3877949,0.40741854389918497,0.37601432035486354,0.38485106144380854,0.3449051809043723,0.3475280856040105,0.36353967040204777,0.5063755211129322,0.3775678677132584
1829,0.40129882,0.42940563,0.38399214,0.34881783,0.46767947199350796,0.49840095826446545,0.42289564399886814,0.43710973141624904,0.3614755015781347,0.3437981082632232,0.6927162111982903,0.3888766018273697
1830,0.27494773,0.2971991,0.29274297,0.20152278,0.2223944670001447,0.32863383484965614,0.22419278087843092,0.16118695014259835,0.20564620801688788,0.2107370048137148,0.07550621127413908,0.2479566325304326
1831,0.5201403,0.5478642,0.5646374,0.81767446,0.6451581689701376,0.6725072149409644,0.6446117379221186,0.7195370140640274,0.7851312675014526,0.7824243530670435,0.5466874592407105,0.6591706598624538
1832,0.28821388,0.30287573,0.31033376,0.2263879,0.26577151858333836,0.2916955691368995,0.2633393981251038,0.23502926232269128,0.23246313862914003,0.2655074030101351,0.28882878217481045,0.2754879939398739
1833,0.6356494,0.64779854,0.6044684,0.89065963,0.7709522611548897,0.7658619846916855,0.7517170665163713,0.8758612483604094,0.904562385753378,0.8992103939882903,0.9930560263829514,0.7622158504718598
1834,0.36463735,0.3624526,0.3791924,0.34188285,0.30220796678024414,0.27941939304750807,0.30941047271593936,0.29419151996478665,0.3010080627720358,0.3120879428898311,0.1793180560084203,0.32589307109168436
1835,0.54766554,0.5761503,0.54474914,0.77937406,0.6600698898247108,0.6117522774446205,0.6362044557610533,0.7229251439982469,0.7284433286186349,0.698285448470662,0.793700452972572,0.6321856774526179
1836,0.58194226,0.5850009,0.5491872,0.8062331,0.7157393640646265,0.7206404032199387,0.6995356228096711,0.809896732776879,0.8649783768176571,0.8589088042963222,0.9252164595485961,0.7152873577683314
1837,0.50218815,0.45611483,0.44183844,0.4409697,0.46684869333982154,0.4486633036283682,0.44808565736263617,0.4786264253452563,0.3373593658389241,0.3461386039682524,0.7226787548569074,0.41734552767688715
1838,0.52255714,0.5406177,0.5185344,0.744478,0.645848132395164,0.6148925203852141,0.6104196478130742,0.7123908310329617,0.7015410355310336,0.6849808439753687,0.8512402623178271,0.6167550847402613
1839,0.36240315,0.36803192,0.34936947,0.3132266,0.3401013721722777,0.37725054638104594,0.34491650578254396,0.32283693938599156,0.30030579594581397,0.30504614165428057,0.39357918615183374,0.33529777136873135
1840,0.27475542,0.27236217,0.2859528,0.16676344,0.1973287054477718,0.15782841267940287,0.23792210427923538,0.16401139682874372,0.1981524878639859,0.20532699395089068,0.11880913820369168,0.23171210656461622
1841,0.2951054,0.2952093,0.30166158,0.1754461,0.214257586150637,0.2271843496262267,0.24047819550537844,0.1903025787853032,0.20352946073173514,0.22492460612200346,0.06144860665853772,0.25088033674094107
1842,0.5728868,0.5809771,0.55429804,0.7716443,0.6735256894428512,0.6755108341066292,0.6519138562683278,0.7408437170611315,0.7325582656568024,0.6335365300958292,0.8877283209305039,0.6368184996513901
1843,0.5769641,0.60651195,0.5468586,0.78086984,0.6620867888602737,0.6535917016510504,0.652955104792971,0.7468483636971975,0.7340677235322168,0.6901015388498954,0.86188620617799,0.648737925784302
1844,0.35305828,0.36342973,0.36510977,0.33871815,0.3702179481310822,0.40511453983045376,0.3642292461124971,0.3848606988223427,0.3870289136895186,0.3758704801571083,0.4531255156056434,0.371606471629654
1845,0.31263942,0.31380242,0.31461406,0.19612797,0.23864189212134326,0.241962562367376,0.25890148589242723,0.21525598155763256,0.19701767256770805,0.21591089344625378,0.10107770388279666,0.2525471511901765
1846,0.3645204,0.35703847,0.36379194,0.32714835,0.3015483541095425,0.34184709199872393,0.3259027227217771,0.30468547181483285,0.3024193847264948,0.3193899987331522,0.2593238122094211,0.33089025762264246
1847,0.29636517,0.29305428,0.31361413,0.23503771,0.21418724817262472,0.2638122857327918,0.25984321622045886,0.19969198136324887,0.24886720222163833,0.2516553842215362,0.15885301521771028,0.26926030833550624
1848,0.38920996,0.3652476,0.35543588,0.28572115,0.33948961198522104,0.36649308963949356,0.37704786892768966,0.3259046650061927,0.35098287641246306,0.29886812118815886,0.4841032639335413,0.3508396999019037
1849,0.31973934,0.32546765,0.34019858,0.24459866,0.22873384273187133,0.25430041330799413,0.2557364397937134,0.2529224968928042,0.24831409727278472,0.2668960467039939,0.08496125463953576,0.28230927747000445
1850,0.33216792,0.3140181,0.3202307,0.22904213,0.28356376707181286,0.30331379497862887,0.30383627661085966,0.25459846930752933,0.2640111637183835,0.2971372121753877,0.2350569311748444,0.29722560273105075
1851,0.6060142,0.61487883,0.57149,0.84054565,0.7493298672650013,0.7345253961464598,0.730673060874364,0.8503249377169506,0.8501092188597206,0.8477133288176342,0.9286148403487232,0.7242284807294287
1852,0.2743836,0.257051,0.276429,0.14395364,0.20587721907926992,0.20793070961823643,0.23100621971937363,0.16782454664847282,0.20741957313023945,0.23996375940417028,0.05898148528785448,0.24072208392739233
1853,0.63877505,0.6482766,0.58923376,0.8798908,0.7326531740775658,0.7343055126623366,0.7099346514170752,0.8308641903805498,0.902810859487877,0.8831849884072334,0.9807910013708858,0.7472129548772044
1854,0.33332688,0.33082992,0.34563005,0.29003078,0.29223079721660633,0.32650572696694635,0.3065529676841668,0.2940409189329337,0.32433299306687025,0.3448057797247214,0.29578395350391207,0.331209346087595
1855,0.33709845,0.3514368,0.35651416,0.30626616,0.35077485357128974,0.3278785747057854,0.30472008139781953,0.30480350592027733,0.25390165137211274,0.27455261850785273,0.34754518929193046,0.306823554330043
1856,0.28745708,0.26897663,0.2874768,0.20334566,0.23464327334110874,0.25610185059480767,0.2706818211284962,0.21421909717319645,0.2542800289883646,0.27646478850145634,0.14701749825124139,0.27099147741272817
1857,0.2886029,0.2790769,0.29362395,0.18013915,0.22256336420397888,0.2175571814420436,0.24347077689187388,0.19255798328562657,0.20281846758663322,0.23423444950235925,0.08833189496882937,0.246109157746191
1858,0.37485555,0.36421552,0.36917543,0.31415004,0.2800401057747587,0.282641819261869,0.3071316522005566,0.32577509550920913,0.3008274899260607,0.3305042084640252,0.24620200992462885,0.3276551905238524
1859,0.2736476,0.26777658,0.28896582,0.1757814,0.21939266050159648,0.2506678478900666,0.2233514807946138,0.18946283841831676,0.2208180733493919,0.23680918883794938,0.14293627067989187,0.24821959163380555
1860,0.2998499,0.28384957,0.30386418,0.17346379,0.22746859393973146,0.31522831481371155,0.25136224855503375,0.18507917218315648,0.21210032713491014,0.2531483951204796,0.04384849079021723,0.25718030899468103
1861,0.26825252,0.28788093,0.29028898,0.16399238,0.23792573279364154,0.22677334934691248,0.2372713509909239,0.20675413286342162,0.18312132022499633,0.20296697803371755,0.4875175944179297,0.2388422132244643
1862,0.2961457,0.30080587,0.3106978,0.21693063,0.2544529472300171,0.26178722237720986,0.2602655258565073,0.2330059752942594,0.20402173127209444,0.24164236816120982,0.11094598720375792,0.26077731031848267
1863,0.26655945,0.2680067,0.28449887,0.17254597,0.25994381424978635,0.3351702037736254,0.2395294553282948,0.2209582087074556,0.18206687610849542,0.21044810798942412,0.10424725891048081,0.24131710735500075
1864,0.2898542,0.2745058,0.2917113,0.1794323,0.21640367845901212,0.2656732458305728,0.21732998427893327,0.16507267460152864,0.18101525886773534,0.19728319108564132,0.05333279147339952,0.23578868336593667
1865,0.2911264,0.29388148,0.3050623,0.20249388,0.2218760402760656,0.2562413418990107,0.25590837300193814,0.2093007954011362,0.2383689264262036,0.2625959235447993,0.07335557233012213,0.26545715343871035
1866,0.2630267,0.25307783,0.2827006,0.14982966,0.2142683574825114,0.24093080541419779,0.2220991021004885,0.18385614669113343,0.19732279794582125,0.23415126270934744,0.026884896661074464,0.23583587235677586
1867,0.34009212,0.32079285,0.32756215,0.23911977,0.24034073600336195,0.31391698558191583,0.2849136586883281,0.21847683119858669,0.2563523612669908,0.27138334600746894,0.22087667123042146,0.2940022542652899
1868,0.60437244,0.61751974,0.58513224,0.87811965,0.7626623239835714,0.7355284627391032,0.729177272677972,0.8599366398860935,0.9021099734808967,0.8842976276716616,0.9710559202707177,0.7487401179172467
1869,0.5836346,0.57130796,0.5570718,0.754763,0.6194835301752272,0.6522037435585829,0.6275778881757588,0.688146268143085,0.8161462018989717,0.7933556995294258,0.6912527571067617,0.6727181815910829
1870,0.35684925,0.33408272,0.33826703,0.30585054,0.27063737305434576,0.31237143111776666,0.32894061429414406,0.27762928605279946,0.3182354165307044,0.3306708641849757,0.1349818609496049,0.32717177521886404
1871,0.61538947,0.6265589,0.56890047,0.81424063,0.7467883664440965,0.7216606829096038,0.7339923694347426,0.8358841934075487,0.818728677586811,0.7186429181682599,0.970779037015642,0.7020522779682175
1872,0.35574782,0.35118502,0.3626731,0.307047,0.341171601571067,0.36406860807561897,0.3412091445307448,0.3494859100654707,0.2568285925455003,0.29963934432856104,0.24130195996661308,0.3215977531049122
1873,0.6189476,0.63633525,0.5885968,0.8791711,0.7617685176663715,0.7492590170203635,0.7376804535725905,0.8675030190843321,0.9059822737230216,0.8870363314674854,0.9831625647346524,0.7535701785429556
1874,0.34473616,0.35232127,0.3574872,0.33360392,0.33513022341323284,0.36361461859552546,0.3058567401379119,0.30802810887559423,0.29093828276672273,0.29443543772619457,0.3364156155908181,0.3205040480157605
1875,0.58745474,0.5824012,0.55410427,0.7620499,0.6644344395350074,0.6762132429812607,0.6548612813390624,0.731143128837739,0.7448002205692241,0.6376113467419902,0.8485825399836514,0.6434202276210352
1876,0.29039213,0.29421315,0.30477744,0.1878446,0.2553220231451578,0.267347482591079,0.26109904771399367,0.22890295216235282,0.2138829701320403,0.237092487993558,0.18712074852759333,0.2615173842008262
1877,0.6057517,0.61070967,0.58466524,0.8799962,0.7467804410248156,0.7587003947576484,0.7182731581842825,0.8372429108945487,0.8872512003051993,0.8718154151240022,0.9730951655868975,0.7394549932297532
1878,0.31504077,0.30354586,0.31398326,0.2122891,0.25181158158292616,0.26298316706426494,0.27927421821659226,0.2229568020706621,0.23824523281566085,0.25378665722250976,0.14814016880164527,0.2722957305343994
1879,0.61173713,0.615837,0.566655,0.83130217,0.7352151464048411,0.7378713291251502,0.7085023937481025,0.8457880299446503,0.9001827461277838,0.8762647088951784,0.9640639539281602,0.7399686877789873
1880,0.29934087,0.28994498,0.30426913,0.18206654,0.23726992201845198,0.266933954523069,0.2685851523927255,0.21900836940809035,0.21064653735736516,0.2539636572945077,0.07498515315870433,0.262905558403295
1881,0.52691305,0.5347792,0.5175521,0.77590936,0.6492490653401981,0.6761814570185951,0.6380774771013283,0.7275786667945876,0.8099818725437643,0.8281398894405771,0.880813035523666,0.6702485843837852
1882,0.29669937,0.29665685,0.30278787,0.20096281,0.26083767222031456,0.30110663225107037,0.2930163305233998,0.22771292247180738,0.23826687827475004,0.2790567060882772,0.20038634147649065,0.2791966625807604
1883,0.5558952,0.57190883,0.5551346,0.82624674,0.6901886616119997,0.6709111125928611,0.672006860353245,0.7928258769908204,0.8573847371274773,0.8437117032263866,0.8731744206891834,0.7022966265382645
1884,0.3056496,0.28477284,0.30871734,0.23725283,0.2667924652522098,0.28714792741924167,0.3057733033544637,0.24517252605737655,0.24178212547140196,0.2702615133265305,0.2213170604427185,0.27933795638200226
1885,0.34442845,0.3080485,0.35308152,0.28118712,0.3041190872427768,0.36061619759658575,0.32274634710422145,0.2770598256741921,0.2686379121821515,0.30347116598277735,0.14430677851701773,0.31258531159625125
1886,0.312049,0.31002945,0.32557243,0.22555876,0.2933842571690721,0.3035162350566761,0.2777880445851922,0.2413102135093384,0.24966849983672423,0.28311081451745856,0.25516181106080477,0.28492291641217876
1887,0.56247175,0.58572924,0.5629549,0.8441409,0.7497028252167273,0.6930392026757561,0.7041022863926932,0.8443918375081821,0.8562752000480577,0.8620549118813322,0.948234702388757,0.7179921298079609
1888,0.6098752,0.63038576,0.5956906,0.87535506,0.7543341315510099,0.7553510727057504,0.7375476606119257,0.8530953811809392,0.8887013297027689,0.894124545334245,0.9510245309703637,0.7472861352892309
1889,0.30350122,0.31269103,0.3228199,0.25482035,0.3100639158605293,0.32015380201262106,0.3032463247522238,0.26525048530017964,0.28858648754771377,0.30441701545138855,0.2818652183619189,0.3031006054967113
1890,0.2780084,0.27396217,0.28236398,0.20807877,0.2328872236373428,0.2847239028477004,0.25445124206980174,0.19943903266905166,0.2315915840690575,0.24755933361759438,0.1366315547363385,0.260461973959318
1891,0.33229086,0.3340583,0.34027702,0.29713744,0.3291330941374124,0.343348877905724,0.32487888606715465,0.3156741471360692,0.3075677924142656,0.2999889200198853,0.4738040620252377,0.32253458823015435
1892,0.28493375,0.28177541,0.2974462,0.20603275,0.22991792992519522,0.25216345864011674,0.23935957252357434,0.19920563526573995,0.22106391366067085,0.2460024188272542,0.12262077113283074,0.25464574960256575
1893,0.33171952,0.3148412,0.3405447,0.29102716,0.25593932627581695,0.30431888063523577,0.293439029664031,0.2435825486564275,0.2491004320639591,0.3009831970825837,0.03608526145311667,0.297866665357888
1894,0.6228221,0.6170128,0.5726972,0.7909368,0.7388319575622687,0.7089089802770637,0.7093404911918253,0.816245470538161,0.7633481748824922,0.6529485510677604,0.915587161688339,0.6745340473122259
1895,0.55921686,0.5593937,0.54042,0.7411095,0.6816819503208037,0.6376931066179408,0.6371934514044775,0.7449412558469226,0.7111275259608549,0.6212724878921025,0.7988112993579526,0.6231893332861957
1896,0.3370275,0.31845814,0.3356294,0.26694417,0.3023857549516819,0.30425847602592504,0.322593754262241,0.2805412840826411,0.3010267704134269,0.3007265939115668,0.2715790581488803,0.31930699400826146
1897,0.31007284,0.32609582,0.3402587,0.27606672,0.3247085167229465,0.3064806093676008,0.2889751879753472,0.30387096901407207,0.2645330285408421,0.2803971059614783,0.2140590242350234,0.30068516058061867
1898,0.30532452,0.2994508,0.3106773,0.18603563,0.20366595881246713,0.29973983981111096,0.2467572586089001,0.17704812139311613,0.22238600002206374,0.23353770997427326,0.10426380401087183,0.2621643577901789
1899,0.3056885,0.31956717,0.31214678,0.20058532,0.24845685029809755,0.33768075465045344,0.27657071349816964,0.21557462952732154,0.22517570135400264,0.2443813191271253,0.1076956677801542,0.2737315051752286
1900,0.5125339,0.5509037,0.5165941,0.76425683,0.711438629150188,0.635123698434945,0.6499347488358279,0.7836670636943389,0.6898163111168771,0.6515602448199693,0.917641924236244,0.6199064354466011
1901,0.390179,0.37822264,0.39579684,0.3984333,0.34622389938118425,0.430263693665814,0.3953916854546152,0.37618291736676746,0.3829735851454351,0.3857907793238973,0.36099889856397044,0.3859727906127306
1902,0.30193877,0.2849566,0.29956126,0.22570165,0.27037340660942977,0.29892627250969445,0.2988219427002464,0.25122046138758425,0.21115468652271002,0.22371119634752165,0.19339348760701858,0.2649940082208356
1903,0.5810533,0.57856655,0.5434026,0.7726024,0.6678993954213672,0.6442855787180767,0.614680439357847,0.7081160151566308,0.757297390974544,0.677324606268109,0.8176328007799251,0.6461807573436917
1904,0.4169271,0.41447106,0.39685315,0.45940346,0.4428818326385978,0.4173874873570494,0.37888191565864304,0.41430492045417433,0.40001139746017034,0.3944038871510247,0.6102634532056703,0.4063934401301122
1905,0.26993147,0.2694752,0.28085,0.18036702,0.1996256271235824,0.2536076932819391,0.21333014056874705,0.13885845495533694,0.18601704545432846,0.21970673205491825,0.08062994082956336,0.2332884590893575
1906,0.40311533,0.40267497,0.39798456,0.43818912,0.46419249374018257,0.5008599212195236,0.4369513614548989,0.4648540697082268,0.321652381575818,0.3442657757602636,0.5150726480410797,0.38552708237267086
1907,0.30352908,0.31892914,0.32078156,0.2975603,0.28625745345797177,0.26396607268691846,0.2993548720237999,0.2634467664007281,0.2643415041795185,0.28008052876745243,0.18454139404178813,0.29280082586390604
1908,0.29609233,0.286908,0.2990007,0.19877627,0.2431227734811956,0.2520741620060259,0.2730193103071998,0.22714325973652164,0.24349581432739834,0.2684783690757553,0.16057127055309528,0.2704878949576207
1909,0.5504349,0.56612825,0.55880475,0.844432,0.7194605555304172,0.6565358656750966,0.6631844610978795,0.8127433761660068,0.8327431034355893,0.8328156076800797,0.9114738387178207,0.6927301703231635
1910,0.37464467,0.35519445,0.35013762,0.28123647,0.3175763357032738,0.3593029148247318,0.3341395187905881,0.29557939605271855,0.27491298605657855,0.2929194510539842,0.25092398509917296,0.32306716050495377
1911,0.3143658,0.30077767,0.3045478,0.17195377,0.20225814445855397,0.2476097401694381,0.2262870905860143,0.17865144528178772,0.22170744302255593,0.2535480256182617,0.05342402952528613,0.2578824223687617
1912,0.3181322,0.336716,0.33784074,0.2935135,0.3090882733367869,0.3523972895436168,0.26694096848481963,0.27170440446970784,0.25084028388290125,0.2702175500136904,0.2572657719270081,0.2905799265735152
1913,0.31559917,0.30381018,0.32049155,0.28656223,0.2643732158551447,0.31658060791898485,0.32458256555487147,0.2699569602169973,0.2952847660940134,0.3076009951775115,0.27648107780772546,0.3076202559525222
1914,0.2917679,0.30276045,0.30631799,0.19341817,0.24827032187669448,0.2946527714380913,0.2596421144342813,0.22383803499828386,0.22303398452662354,0.2377040764986599,0.1850678066856537,0.26481969963396623
1915,0.34788948,0.36733547,0.3487671,0.30216312,0.36087621924866786,0.3851200564856859,0.33009968909645265,0.33697847879678744,0.29487926561673816,0.31247880592937277,0.36168263763221087,0.329601939754084
1916,0.2600638,0.25281397,0.27795532,0.13825819,0.17124069419955384,0.25099701357547377,0.19339127180278853,0.13173971422711012,0.18031245644301727,0.21361881592134702,0.030351812833528093,0.22480505314195104
1917,0.37425023,0.3759369,0.3703577,0.38556418,0.48102394217851996,0.49540648847818086,0.3966593204434211,0.4267528398719298,0.30852478746221546,0.3220949569501234,0.7421280376233405,0.3666270448620294
1918,0.31005254,0.3152838,0.3269897,0.23189116,0.2508502160446394,0.28832392308044136,0.2794917593409037,0.22981338914807198,0.25642883794255994,0.2603209303375186,0.11802088206569974,0.2839578871916109
1919,0.2341773,0.23562951,0.2678674,0.13387743,0.19001579089720905,0.20387476010495248,0.19692452691145418,0.14555579349296383,0.16266044190990375,0.19462973297860348,0.059357318434656484,0.20951383926903538
1920,0.29739836,0.30598587,0.3102867,0.18026379,0.2149908977132418,0.2430781252430141,0.22610453921852472,0.17192271286979488,0.19254009795581942,0.21470214838451054,0.131789033575143,0.24509482205803956
1921,0.282865,0.277019,0.29976767,0.18191758,0.19123948315102096,0.23374810967321608,0.22994790989045902,0.17737107637113358,0.18777871427311604,0.22057992444898672,0.044900805442724734,0.23717161081670243
1922,0.57972866,0.5873506,0.55885917,0.80722064,0.7107872340428639,0.67796124210861,0.6743372477812625,0.7685049640521366,0.7740515952813404,0.74828563453542,0.8509830727199335,0.6719118494907964
1923,0.3191032,0.3076677,0.32266304,0.2461389,0.25225513024614604,0.25653089790711847,0.2781454498184573,0.22725197102758435,0.24628982554736184,0.25819857938174484,0.2057283103500128,0.2796929259401807
1924,0.279298,0.26876834,0.28762805,0.14113107,0.17739845474412083,0.22912912313464276,0.21726709347771744,0.14286568796556734,0.14912704502810697,0.18282407127808406,0.04741795902124553,0.21601618309097814
1925,0.38452452,0.36495534,0.35603073,0.29980007,0.3399555323270551,0.3754950202809664,0.35551043770140234,0.3073467444192061,0.2751266671309181,0.2839175985982872,0.47452558436515135,0.3231770497815076
1926,0.2940158,0.28736407,0.30691284,0.21745625,0.21936486098978056,0.2864856216821236,0.236012172985679,0.2200892620429487,0.18281663250787256,0.20485748611416846,0.07937196618488887,0.24401819472890146
1927,0.29184264,0.3035979,0.31323954,0.22728923,0.27593888334815037,0.29295304809295036,0.2518771409117585,0.22689159842696785,0.24354683346467842,0.2725516461898035,0.3636211294063022,0.2754472215318216
1928,0.36046997,0.34383664,0.33437237,0.28909388,0.318086334477904,0.34966571315976336,0.324807479856655,0.29750455649146484,0.2859967781435519,0.30273168759439983,0.4263536325883278,0.32291851992135
1929,0.62159926,0.6278056,0.570424,0.81879205,0.7525665242492212,0.7367570656586107,0.7265914930051772,0.8448399364847352,0.8254203586107949,0.760184720156342,0.9674331636741842,0.7103141572498296
1930,0.40353936,0.41232687,0.38348448,0.40359336,0.49868265555644575,0.5140794109922776,0.4611704196814421,0.5124976013978577,0.36413477402941413,0.38367338012892166,0.6385343385955956,0.4140947655935456
1931,0.36219049,0.33194643,0.34682316,0.29391018,0.2982156096023436,0.34997882776393613,0.34036001019589535,0.3051988042787893,0.32139692969464234,0.34372114417775657,0.2992558249241076,0.3356355025628842
1932,0.22900972,0.23266938,0.26662263,0.13467965,0.17655804034184402,0.18989476863027205,0.18001458532721276,0.1351891110151266,0.16268022434251622,0.18922295359805433,0.04554720867422912,0.20254851863496315
1933,0.64046973,0.6366434,0.5969621,0.88038844,0.7256868035846175,0.7621116013593998,0.7203558829922897,0.8116006782029288,0.9160068281346927,0.8912737493581012,0.9730274054411694,0.7537632106786669
1934,0.3282928,0.34665394,0.33234227,0.29036808,0.223865643330086,0.38929601343486875,0.27040565183625925,0.19086438392355826,0.20690153126475858,0.20873771648577896,0.03950467764293251,0.270615778493181
1935,0.33283186,0.33090502,0.32630116,0.24274817,0.2584363251563856,0.27809697460072225,0.28243405190346965,0.21782461767937464,0.21987135156773197,0.2625130614172984,0.10489709797541438,0.2777445502806499
1936,0.36287525,0.35564628,0.36312032,0.37887615,0.3298497337533687,0.40292026648824536,0.34511407724048676,0.3175988303657367,0.3261921571081086,0.33064029692050595,0.2835154094762299,0.3423422480295947
1937,0.5855594,0.61781764,0.57836413,0.8445905,0.7439110279919364,0.7285500934059097,0.7103392901160761,0.8336389638044285,0.8551792087313321,0.8422629047191819,0.9580951527446144,0.7206582001817374
1938,0.3235604,0.31546244,0.32245353,0.24588439,0.26875606465715424,0.2746135907782345,0.27992835432897656,0.24630352362057403,0.24125292960092698,0.25589483120458956,0.2824605747066416,0.28161279554177426
1939,0.29692665,0.3060047,0.31337062,0.23002274,0.22128274097234718,0.2544807203546483,0.22817342267598523,0.18062958578838972,0.1673736747316806,0.23138260653372783,0.05920445022469998,0.24767827326200714
1940,0.6212197,0.64008725,0.59944034,0.8969244,0.7624449865500349,0.7622670842724951,0.7374954853918129,0.8659249428524929,0.8952907086939572,0.8902076391125482,0.9783081397682469,0.7538601110905659
1941,0.31981438,0.34261748,0.3540574,0.29044092,0.29741627093862766,0.31069706558474924,0.2955322062037768,0.2614769232880554,0.29119940345637235,0.29433763655344686,0.27339804582217037,0.31159521857236305
1942,0.39520484,0.35899228,0.37372673,0.34109035,0.32421111870571473,0.38979393444480304,0.34240729899509614,0.3397556960731158,0.3883021245879087,0.4017418762080821,0.3103812753196385,0.37612967412710263
1943,0.34134102,0.32944077,0.34298486,0.30467266,0.3221944166713591,0.33438665082452157,0.31569454280513687,0.3046904332011537,0.2852446481781078,0.3152023554307464,0.2816350120905735,0.3214048779308796
1944,0.29150409,0.28127953,0.29976708,0.17577568,0.21848762447690037,0.24396110889873085,0.2386581676086208,0.18229508209430295,0.1964155381509891,0.20909271807612578,0.11638481180792382,0.24363247981833708
1945,0.53712493,0.54988813,0.51103246,0.7473294,0.6905885887097072,0.6444119900113593,0.6275547605358194,0.7595836341141026,0.6922978169943416,0.6812547462504839,0.9064191382081319,0.620885029899242
1946,0.2075727,0.21938396,0.26024193,0.13115613,0.1778539271406081,0.1831992352813299,0.1674247006960094,0.12276623394523752,0.1443843520442572,0.19950256184669618,0.041136100481034346,0.19290558789006104
1947,0.29018584,0.27960262,0.30231336,0.15719672,0.2158050098574297,0.2700190343534503,0.24734403971113844,0.17804940734486424,0.23910935689293797,0.2623086336335308,0.09078138313698668,0.2654167765691923
1948,0.339527,0.34291536,0.35941416,0.30264732,0.28153950672055383,0.27478368924421137,0.3023060120831621,0.2733215427871535,0.264209580272857,0.28948880775761643,0.11577537839520094,0.30616412486080596
1949,0.56741667,0.55832237,0.54842025,0.7461191,0.6053767024261509,0.6396963688081632,0.6115948814557525,0.6923786843151567,0.8075282959016403,0.7824647527778753,0.6288233664016682,0.6612123982299967
1950,0.30965483,0.30568752,0.31118453,0.2319737,0.24759760641400722,0.2939533126306919,0.2774257102138395,0.2322046877776905,0.2515958654326663,0.2778657407649001,0.1626029051908556,0.28244082624133116
1951,0.5602974,0.58342886,0.5392167,0.732076,0.7069216052116557,0.6651782787793021,0.6569072569294407,0.7645365530118321,0.7013553086699729,0.6580612494058159,0.8675167688031744,0.6336659190648664
1952,0.31303266,0.31129208,0.3179779,0.22837444,0.2886052594613647,0.302690978710905,0.3078078285810677,0.2674206989212609,0.28985616810641723,0.28719880286165594,0.1698776793054743,0.3012074143020106
1953,0.31304684,0.3007063,0.31776863,0.23722048,0.2508804436557312,0.3222957890924407,0.28347049990368367,0.23168499503584275,0.24316321043353803,0.27052507573815,0.16949234512703393,0.2810067426027104
1954,0.590122,0.61134136,0.5750575,0.8505727,0.7325431911753674,0.679355524136606,0.7157806598246772,0.8274530645326674,0.8637046808309508,0.8683038884143256,0.9221745865170258,0.7254247812308221
1955,0.33471805,0.32237643,0.3298631,0.26676938,0.2720299163378556,0.366709829516591,0.3253279739962309,0.25044749952212586,0.24540440891894452,0.27817364391443444,0.29438484154121414,0.2984280326941632
1956,0.2988224,0.3042026,0.3136421,0.22991018,0.25856226346485595,0.31235470450408104,0.29252991204779716,0.22744060007830966,0.21654489976101887,0.23664805468665281,0.1287219844761205,0.2695430217731732
1957,0.35359985,0.34548283,0.34347612,0.33908153,0.3560277074412498,0.35489430222737933,0.37078114130694956,0.33489162812138923,0.34806636528124046,0.31045910875260196,0.30852913514611974,0.3437122435499165
1958,0.5958001,0.60707784,0.5684534,0.83886325,0.7082352103947752,0.7116040190992714,0.6983758346320635,0.817818543883081,0.848852700524553,0.8296845880560175,0.863146273819145,0.7131549304264558
1959,0.33757278,0.32324567,0.33272785,0.26462534,0.31200587353205333,0.3573071471072341,0.3187632254051037,0.3003331815678666,0.285569398197398,0.2940818038768379,0.33270827308447093,0.31628434877707
1960,0.32246608,0.33120376,0.32880026,0.23477736,0.2650944640151861,0.33447772171806817,0.25898598742875717,0.23725899372304501,0.23376140417937444,0.25427699477514215,0.1154790341621937,0.2816163625007369
1961,0.25281057,0.27319375,0.29514378,0.18947712,0.20866116762301373,0.2399851898946704,0.2099712003655357,0.15898486104011916,0.1474952028975177,0.19649219388487504,0.11219369009416277,0.2170204766572653
1962,0.2514732,0.25493616,0.2826482,0.17959633,0.20189341136860078,0.30947620172549184,0.1983961702561277,0.13892722216168998,0.1711163837998002,0.211786867428291,0.03438177830228659,0.22420434739967526
1963,0.33306843,0.3439931,0.3319465,0.29368976,0.32469762344973035,0.32625865314264735,0.3363667949007793,0.3211456815483943,0.2747714231565288,0.29064187521838336,0.433786034019105,0.3125346694707655
1964,0.32314733,0.3424838,0.34841934,0.2859197,0.29692160565711817,0.3351526283100513,0.29911483825978774,0.24494942079324494,0.27977473543048303,0.29673455393004355,0.2766802623182665,0.30903675698524796
1965,0.30193666,0.28562346,0.30320987,0.17806688,0.20312585601287086,0.21026929746999795,0.24290623956989985,0.19070640481821183,0.21845055127650337,0.26048546422200713,0.03521371479391363,0.25490876126518097
1966,0.3045909,0.29013845,0.3094852,0.21928987,0.26448466354606975,0.28742144871694053,0.275392116308221,0.2332665952131716,0.2502623382587972,0.24927703133896903,0.21686952821923172,0.27626505326940987
1967,0.38576767,0.3654592,0.36807588,0.41743475,0.3287309477904886,0.33913289538100366,0.3790161772351698,0.36567478656164604,0.378663605491454,0.354017247419745,0.5335541362724638,0.36787163579064575
1968,0.3315444,0.31338134,0.31647667,0.2218483,0.26827661150229737,0.31077151432250705,0.28736247220140154,0.23591725669818303,0.25373284153223385,0.2800619926720908,0.22982463462680042,0.289569136171726
1969,0.34895426,0.34686798,0.34958333,0.3226692,0.35888691721345045,0.39265388695720266,0.35702007098612276,0.35298874959972837,0.30743829138241574,0.2864653710295139,0.4196711134293099,0.33053124546879986
1970,0.29882115,0.29287204,0.30854997,0.21248946,0.24793931473686484,0.2784054103897263,0.24855054826808848,0.21249091019874977,0.2277452474207772,0.2489950091153194,0.17363816736326618,0.2649365076401605
1971,0.26687327,0.25923008,0.28540298,0.16706815,0.19512859854039308,0.1784992515502452,0.22364796068310944,0.17117442958477516,0.20355310146762745,0.2129430449545538,0.0873466112311947,0.234085007617362
1972,0.28662652,0.27457103,0.29001755,0.18168862,0.2200195266038743,0.1985820585686257,0.24213849526039793,0.19687481886891225,0.21328983612895724,0.23952115877233005,0.06513849956021435,0.24888949190510914
1973,0.24716012,0.2434968,0.26200613,0.13789901,0.16573554869041054,0.19093148850998357,0.18460313642513143,0.1210814943555697,0.1315362385742618,0.16131212637115344,0.043939628514893844,0.19577297009360148
1974,0.3338427,0.30443284,0.32421222,0.2636473,0.282506347240932,0.3105356141637733,0.3001248902044732,0.2347136306479647,0.2760847459317346,0.27768464083531724,0.29826759816069226,0.29635752593200093
1975,0.27904153,0.27963278,0.29859924,0.1886628,0.22151506060041837,0.2399497211817622,0.2758986946887592,0.20704709884245304,0.22967640605531586,0.23721381211855136,0.05162538631019924,0.25656127583541594
1976,0.3315444,0.31441277,0.31673846,0.23246431,0.26885592887188725,0.3211344050819962,0.2901949578787853,0.2380005022493586,0.2540147258294712,0.2892920368435908,0.2855657711351583,0.29231907435897414
1977,0.32187763,0.3218307,0.33643287,0.20888186,0.2455159036373297,0.3413332140942661,0.25509412006677035,0.20686404034552847,0.20691758834771373,0.24582719530011682,0.10419180464224279,0.2707852707617554
1978,0.27618995,0.24918291,0.29542965,0.17049018,0.20970610947510826,0.33653886769168234,0.23769113355546087,0.17454674913573737,0.19713290521329865,0.23593347317685537,0.037939254283551306,0.2467356168444969
1979,0.29847807,0.30145097,0.3036216,0.21667412,0.23549448980896912,0.33395925602167853,0.25641746145315575,0.2053959885950226,0.2061664004917468,0.21323442352339442,0.11642472723596324,0.258469448443026
1980,0.33572882,0.36565655,0.3567226,0.3278175,0.3139567319041444,0.3458585261974759,0.3368587664451235,0.33572140904618736,0.2586376555785647,0.2982831862618649,0.16320318142672688,0.3179947040870466
1981,0.35861212,0.3591393,0.3608758,0.33585554,0.304315558766019,0.3755626307222532,0.3149316767710225,0.3131645658721614,0.2792541150884115,0.2861502311215428,0.14530830163339958,0.3203561185407317
1982,0.34585387,0.32507452,0.3245349,0.2632486,0.2572718871742544,0.32467611174154254,0.29798578474680104,0.2504707143589374,0.26314771956142574,0.27587173472910276,0.13210064351639583,0.2982309641774905
1983,0.28364238,0.27485114,0.2945854,0.16857405,0.2050681941848173,0.21873693512643264,0.22297450647802117,0.1659547769213372,0.18221172456044057,0.19145318224584654,0.11269426780310936,0.2309271013790589
1984,0.40622535,0.39670298,0.38071543,0.32649967,0.37594100307544676,0.34278378446631974,0.3995544114758818,0.38760213403012295,0.3038778287824767,0.310762847095365,0.42367068232281035,0.35539705791004794
1985,0.29633468,0.2834534,0.30447632,0.21730521,0.23420164516080305,0.2211829120708682,0.2534697998978783,0.2208778079421093,0.22961140281142445,0.2310583338959659,0.17432273088010822,0.25892252068188215
1986,0.5382933,0.5846629,0.5634883,0.8563658,0.7317262604097697,0.6570046034595157,0.6888623760687177,0.8298057491523881,0.8404424974188835,0.8454470172344575,0.9569662916201421,0.7029522499203658
1987,0.35531622,0.35292912,0.3480568,0.28580588,0.30929560810110224,0.32284820694371763,0.33654684529679335,0.27634184567596454,0.3067291629792573,0.3129098665545404,0.3186304539643127,0.3245550496575126
1988,0.26073533,0.28306127,0.29360372,0.12942751,0.21484532684097285,0.23835193768744337,0.19496263825387122,0.16405646598723617,0.13470623135987692,0.18156192715905645,0.025156862471146513,0.21002456650215554
1989,0.5718429,0.5908214,0.5495993,0.7632162,0.6904136294684236,0.6618445887114575,0.6561837430751323,0.755478863838982,0.7375300682369696,0.6614754951018871,0.809565391920855,0.6476370110404728
1990,0.33036384,0.31225675,0.33517477,0.26724452,0.30380839104971297,0.3175110402501305,0.301312368238748,0.2460019495338784,0.27279727038523205,0.2743084012570441,0.34139870202353656,0.29963897368420944
1991,0.33249182,0.31643397,0.3293547,0.26175088,0.2836469105315589,0.3538918273137554,0.3215619963645289,0.2674785847005704,0.25831618607532,0.3073769065174873,0.19435070350386563,0.30600626970709155
1992,0.593277,0.6045112,0.5817234,0.8762587,0.7512170940504135,0.7282384119568931,0.727752725875527,0.8547273788403835,0.8945045488701353,0.8938099186628639,0.9604031070544361,0.7413880392612392
1993,0.29823884,0.29754156,0.3060275,0.20340428,0.2505372272204164,0.30748740671989117,0.24118811493834152,0.20476646986506206,0.20963472886218057,0.23710839212738927,0.1197994604756151,0.2598433088841229
1994,0.3150699,0.3378434,0.32728428,0.2985484,0.30242194920862026,0.3159866734953388,0.30751211674206036,0.3080552891869833,0.2608359712747864,0.2676238076393701,0.2503668091925351,0.2972077200707718
1995,0.32290918,0.3479491,0.34287012,0.30134583,0.33683010128685403,0.335834772658649,0.32403494260747606,0.28750889970897264,0.2763482786755319,0.2823705324641195,0.3031550164025614,0.31150274146437607
1996,0.35607952,0.35034055,0.34538555,0.27826193,0.30184761857647213,0.3192228632158355,0.3134850550264717,0.25184436804915256,0.25046477534043865,0.27627013541543055,0.1752047794444916,0.3021931812454458
1997,0.28944266,0.2988716,0.30625674,0.20210972,0.26973675528256696,0.26216377284944503,0.2730533668337244,0.2325521264671367,0.22252315526395655,0.22275549142162152,0.35791581276562673,0.2607101730843917
1998,0.5697793,0.57398534,0.5381073,0.76834166,0.6958558972878666,0.6713396363834638,0.6681390353667007,0.7536107688325392,0.7615489278037806,0.7110215061505382,0.8937667189456343,0.6577109624518707
1999,0.29919434,0.27631134,0.28657234,0.17064546,0.19290804989184956,0.23106888804695752,0.2273756050716254,0.1646975255137793,0.24443056817924994,0.25219596928995985,0.15357501189679024,0.2565430485964248
2000,0.5992982,0.6039374,0.5843608,0.88694954,0.7326659381237344,0.7028847293690892,0.7102600166127726,0.8478289603002962,0.8678437785272163,0.8704600182544932,0.9479982238128631,0.7305332595978055
2001,0.33564657,0.32815915,0.33050972,0.25424394,0.3282782483944092,0.39352425953969694,0.3312473728042725,0.28580275638059427,0.28377106533689445,0.29789501162472315,0.28692076255470533,0.317468873696609
2002,0.26433015,0.24640246,0.27168736,0.14184459,0.1951800339527672,0.23195058723956202,0.21466617858312348,0.15828853754504485,0.1957009761788976,0.21445375330175956,0.0498937004901807,0.22854573239116327
2003,0.35281643,0.36155447,0.35544464,0.3045515,0.3491630836955538,0.37960539257631454,0.32317692677861865,0.3470930168264928,0.23723862252869204,0.27442508213395816,0.19724680223374608,0.3097792601560222
2004,0.35586998,0.34198698,0.3574868,0.35632366,0.33007105072798576,0.3794637526505544,0.3347099521411902,0.30604824927660734,0.31751812036616955,0.32190686466448615,0.3341478428744699,0.3366584213987285
2005,0.63135535,0.63276255,0.58321416,0.8441726,0.7107499496270532,0.7490266314630801,0.7178570004259341,0.8248264724025732,0.8917300212354732,0.8667340710742035,0.8928571808899648,0.7411762910565101
2006,0.2695332,0.26776105,0.2847361,0.17601526,0.21108335861186367,0.2206431039877846,0.24259403751456415,0.19484291983784144,0.21040834285079696,0.22047062461101152,0.09698149645020665,0.24393417773948883
2007,0.31522778,0.31305617,0.31210503,0.18295452,0.2568673273003451,0.2663954228704276,0.2626615910211537,0.22247402742595684,0.20432377153166748,0.2381978541827882,0.11340118567849977,0.2593347938756533
2008,0.62919366,0.6458446,0.59810674,0.810094,0.7006694190620306,0.6709771901084596,0.7015312601133978,0.785565336400291,0.8317469098388404,0.8300113013361017,0.736373181815696,0.7196189081587825
2009,0.2522474,0.26128718,0.27790815,0.14996998,0.2170233940034391,0.26182219333480744,0.224875831028556,0.17748865542964093,0.2180132263979196,0.20517965236795996,0.1605446681906146,0.23900994790005284
2010,0.28315178,0.2839378,0.29484087,0.23874685,0.24219454978128346,0.2876907734537424,0.2580827949049695,0.19590314451308016,0.23760645530752317,0.2525454037569759,0.14274061137553157,0.26439636493081276
2011,0.30793896,0.32623,0.32324266,0.26679307,0.2656923459455772,0.3322507077051943,0.3008941674538733,0.25865235835046735,0.24667013230418408,0.2829809952042153,0.18085185326428385,0.2943564616820511
2012,0.321297,0.33076638,0.33663508,0.26397625,0.3172213000947995,0.347442822203346,0.30507737972209836,0.29553615610616346,0.23872634467791304,0.28173624278519604,0.34263992973723734,0.29921091560968593
2013,0.22678736,0.22823632,0.26883662,0.15285698,0.23527923014827495,0.15834836648924527,0.2707034352238172,0.22837039732802805,0.2086872841068434,0.19724082853734487,0.12859753822232958,0.22518575380813927
2014,0.37477016,0.37202364,0.37042195,0.39081186,0.4306077127807163,0.3986137848109198,0.36044116309241414,0.37272343500435856,0.3275647826671716,0.3660586146925295,0.5272233603696914,0.3662343685606758
2015,0.35603634,0.3266238,0.3263443,0.22254272,0.27082102013423537,0.3308368485870226,0.3085981610647036,0.25652707508224837,0.3177859263284103,0.28190756985701154,0.3030812612886419,0.3156039618458452
2016,0.31880316,0.30119985,0.3279879,0.27201954,0.27174182065377767,0.2937012232812474,0.2870950385059076,0.24931020480043897,0.2571714241433623,0.27072472438888473,0.22635473626993816,0.2902505426921499
2017,0.323838,0.31647176,0.3235378,0.2784539,0.3086632551446939,0.3014371831182453,0.3262822226137584,0.29829664358073826,0.3037958395601391,0.31186698749858327,0.2455827232730658,0.318101034363422
2018,0.60347515,0.61013913,0.5675295,0.7883361,0.7219436856753467,0.7406214531987644,0.6909934386854572,0.7921683697077981,0.7798876552991324,0.6957332091785894,0.9224988881729426,0.6796162476521623
2019,0.36823112,0.34720105,0.3539192,0.3118223,0.2648335938075252,0.33816683472489484,0.3045134736103841,0.24467952848686378,0.31683258281424304,0.31588979222929164,0.13475864896673237,0.3287002660651697
2020,0.29677522,0.2979016,0.3028406,0.23096648,0.2573240226990835,0.2611391235785791,0.26933480793852843,0.2393852838495692,0.23720465504249172,0.2484587968535747,0.29120806643196634,0.2682882977374751
2021,0.29055855,0.30420417,0.31106117,0.2271254,0.2927661813284887,0.2769227921835619,0.2810678714018102,0.2790986098825206,0.21073375165738883,0.23054715877100707,0.1683619686740508,0.26632501574894885
2022,0.33608356,0.33577758,0.33291715,0.2866358,0.29298062989611645,0.40270723608698233,0.2983668201245132,0.2735682762308008,0.29045823290571393,0.31777164345265385,0.2630291706344118,0.3145996698159196
2023,0.38220662,0.37652543,0.371762,0.3610287,0.3979868492512141,0.3917519857929692,0.37253813832321125,0.3620196054144151,0.30152310459120196,0.332811121019316,0.4943838881959409,0.3505314419095783
2024,0.6537756,0.6759506,0.6037082,0.8753748,0.7750698777495593,0.7729146013097447,0.7704353277201953,0.8812983340279347,0.8909619296812006,0.8817622488198686,0.9536789564263739,0.7634269412894067
2025,0.33153972,0.32839754,0.3325759,0.3030549,0.34634185815064444,0.36017839177120187,0.2958281561530999,0.29459840563922335,0.25845136336318675,0.29738366096165897,0.45753450327562506,0.3103411225008652
2026,0.3323422,0.33036336,0.32980952,0.2885943,0.2937473025635497,0.3166014254329129,0.31559193198051777,0.2877618281219122,0.2927678593843614,0.2879159998910906,0.24615374650753558,0.31306597945783576
2027,0.38592476,0.37324172,0.3692719,0.31460965,0.3416647001416974,0.3930815502174215,0.3523122509452404,0.33406262531190467,0.2811494770723207,0.2990157138348464,0.3169134487690142,0.33947649486259934
2028,0.57728165,0.59356165,0.5690608,0.83422387,0.6987898449113891,0.7060147780598838,0.6893312725913692,0.8040679130188042,0.8642280371180299,0.8365748541326014,0.8303766546698249,0.7119258092835281
2029,0.5721664,0.58788127,0.5406672,0.78188074,0.6943069485156369,0.6853278345846305,0.6754719740206452,0.7822072626376959,0.7761207638594383,0.7209902354291458,0.9308245439132297,0.6640879053212728
2030,0.23990218,0.24736118,0.280739,0.16055925,0.21480164576542124,0.225493216670358,0.22122278690113156,0.17191302761908828,0.18801474117559258,0.21258081079450145,0.09131258177341493,0.22649685008076448
2031,0.35335776,0.3309145,0.337161,0.2871987,0.3287774339233792,0.31775322340932854,0.33002498293956345,0.3004700740242792,0.28529824872819926,0.3151907411574648,0.18191587613920632,0.3177644510959175
2032,0.5733477,0.6031783,0.56922656,0.8392638,0.7258224341254196,0.6957191069815357,0.6908134002214688,0.8129926765910513,0.8508060283652574,0.8412555190978326,0.9197076274438197,0.7127099252806963
2033,0.29570216,0.2812511,0.29118508,0.17704804,0.23643268947886747,0.2569686199284688,0.2563165829423439,0.20799764923176883,0.237185039441859,0.2640759387998849,0.14112878261882847,0.2615538243904811
2034,0.29451537,0.2844539,0.30633655,0.20914738,0.2589863742410728,0.27960199712028216,0.25648707481528177,0.22045261140911676,0.2221720042386452,0.25079859724273473,0.1348092718679767,0.25993240650576666
2035,0.30916268,0.29662505,0.319149,0.22706807,0.27592870923741486,0.2828374387794571,0.2968043104125975,0.2545932835309771,0.23603567245952495,0.257485236276787,0.09166671178559511,0.2811689610664884
2036,0.6416396,0.63535875,0.5859825,0.8265976,0.6133526037898966,0.6969913558022897,0.6483708564499364,0.6850266241442144,0.8754317474285683,0.8585001768993383,0.6548911625675535,0.7157720388849252
2037,0.33429426,0.33336157,0.33945552,0.29963794,0.30916273355372076,0.3525656995368172,0.28273410150251926,0.2726139814386188,0.22519671636450456,0.2280212380089462,0.12035240123993947,0.28735910515998764
2038,0.59011066,0.611657,0.5829051,0.86498976,0.7444747269043759,0.730464096947844,0.718872234221704,0.840725345837764,0.8807921025940398,0.8710413105428814,0.943239359093688,0.7337844931546548
2039,0.35974544,0.30858034,0.36526686,0.35382748,0.2698057121249339,0.35020379695060017,0.30197424792650274,0.2713027453525576,0.2738759596630028,0.2821971081351896,0.13106363864732437,0.3163848587428918
2040,0.40224585,0.4248727,0.39588964,0.45139274,0.47988530925233536,0.5016023315436751,0.44508842608993343,0.4785980163339377,0.435178969529054,0.3686183077905089,0.47998694394038,0.42046247821887117
2041,0.2638199,0.25229967,0.2748704,0.15231356,0.1952674182106293,0.21464212562885768,0.23475842102790775,0.1638972576136711,0.2019544783821119,0.2316099441274376,0.04693619373199821,0.23443497449225648
2042,0.6312946,0.6431782,0.6025497,0.89281017,0.7651392672020465,0.7689849872883866,0.7474262441754845,0.8717471189907677,0.9008420055168763,0.8975859159549697,0.9875137855783713,0.7597648344885037
2043,0.29285246,0.29640752,0.30824068,0.21235499,0.27163055610323233,0.301864511857634,0.2517511897777941,0.22293998737040344,0.20301091128226992,0.21160474566333765,0.22833264566244776,0.25350030435432414
2044,0.5730902,0.55586076,0.5444043,0.6819469,0.5475843816984083,0.5678723142750453,0.5805789958381755,0.6245384494482664,0.7325685736430169,0.6501655227828969,0.8338453705627018,0.6114416950468378
2045,0.6027678,0.61876136,0.5879471,0.8932344,0.762733218783127,0.7401117791033128,0.7331008246572988,0.8662830281141233,0.9000606607543343,0.896208545336447,0.9876933193745037,0.7482920529685336
2046,0.309043,0.31598818,0.32507753,0.28712478,0.3113240176536912,0.31818188428297095,0.28909425267859507,0.2783790021738715,0.2842454929831345,0.28333277593943984,0.3312677342096189,0.3022421982423259
2047,0.6069698,0.62174755,0.5785062,0.8611209,0.7543692959095604,0.7622823444315392,0.7394840239262438,0.8498738363864172,0.9206677069522655,0.8891275729195007,0.987684977189857,0.7529672032829964
2048,0.25841922,0.2510348,0.2744053,0.13984539,0.18654697507282486,0.2515022311240016,0.1978444018864943,0.13399677027886964,0.1566377990851576,0.1793509017137827,0.037832954347900814,0.21168466777610712
2049,0.54441226,0.5736008,0.54690987,0.79811984,0.6624212987883674,0.618524576822338,0.6172072184336789,0.7332422759525359,0.7510919212507423,0.6997231253642747,0.8690914862646203,0.6413630166452321
2050,0.2216343,0.22256462,0.25825322,0.118740894,0.1573995445168503,0.16538608354092316,0.15078005206757822,0.10262305934066758,0.1302053789612419,0.12438039591485195,0.044989924085303244,0.17602916813292221
2051,0.34743226,0.30521896,0.3142758,0.23230863,0.23768330126255824,0.294407822942791,0.2950865481594068,0.22814651438249642,0.2633183584514935,0.2845218124444309,0.07477845050261404,0.29018404353962657
2052,0.3476488,0.31504375,0.36338055,0.29598874,0.2467993023469687,0.2980039006045832,0.2712468796942811,0.26012864652228784,0.2098911246504278,0.24388289348569706,0.09328874679689636,0.2806129633917996
2053,0.6079198,0.61915034,0.58849317,0.87691706,0.7427098396230793,0.7344094136160431,0.7104704221908459,0.847734315478073,0.9028735779615726,0.8946501611163018,0.9756129751730442,0.7461736230694486
2054,0.5566377,0.5391047,0.53730214,0.69720674,0.6086966931598992,0.6328969607786906,0.6103418902835381,0.6726837809017591,0.7129162845953922,0.6633507956588635,0.6224656091998011,0.6167083957578835
2055,0.25647718,0.26988557,0.27099544,0.15050797,0.20780553485731418,0.2557030653157792,0.19645677574922993,0.1676523483338923,0.13281069792599393,0.19079439559704398,0.033639581360125646,0.21064786791871878
2056,0.37586632,0.3790289,0.400427,0.43569738,0.3659249926095177,0.4104412753069612,0.35344186605658146,0.34718530957597904,0.3618075488186345,0.3554542851498279,0.4019174721797508,0.36681262636158285
2057,0.5845194,0.60649717,0.5830645,0.8533951,0.7427540800669161,0.7543950857330809,0.7174977875435722,0.8409303573379552,0.8821748186636709,0.8655725793146786,0.9332330365604283,0.7315328112876347
2058,0.27892393,0.28862914,0.30997586,0.20836866,0.22867473343855158,0.2759613171004739,0.22420272334807495,0.1942512776489186,0.18613979413210271,0.2155921627585248,0.08547766713075308,0.24080086249114854
2059,0.33552957,0.3490891,0.34488907,0.28700548,0.3164001851624533,0.3273798381241308,0.3102802832167887,0.33185927694611494,0.2710350846409576,0.27743791005271057,0.3238094722234323,0.3116680280866378
2060,0.3324658,0.32345158,0.33372676,0.27798235,0.24675349244319164,0.34352359087326,0.29134876927607917,0.23442620142429046,0.2360763663588647,0.2264910006379587,0.16735249443711925,0.28244484783448864
2061,0.34437448,0.32376668,0.3296923,0.28259644,0.2653940237707371,0.30714719497492016,0.3457525837392686,0.27337370877813194,0.33856176582334585,0.31558922250895505,0.291318044758631,0.32671124303976523
2062,0.3024513,0.31145096,0.32207435,0.2520421,0.2858233954002264,0.3182496967912685,0.29895834917696934,0.24725918094162008,0.2400293041545834,0.2740125859873185,0.2587840702535701,0.2840173054912571
2063,0.615661,0.58888483,0.57834035,0.76328444,0.6258395969533154,0.7202247883981798,0.6205527840134264,0.6524149520807272,0.8092127037936996,0.8032470776191574,0.7020103718185107,0.6826221969255721
2064,0.2052397,0.20665619,0.24466026,0.0962565,0.1455655244332859,0.13216644534423222,0.14433722948491146,0.09608700493841124,0.14361831863422853,0.14990375347938212,0.019459945232474463,0.17487068298025324
2065,0.3929599,0.3816638,0.36288992,0.3291976,0.3717368747274958,0.3777989554843647,0.37475855037139505,0.36020181263842127,0.38843150466271614,0.3758764136653724,0.21709836470354232,0.37386992825988113
2066,0.25419116,0.24660906,0.2720329,0.15710169,0.19740716156203825,0.2826331612740982,0.22306224034245167,0.16894056155614562,0.1683838527015839,0.1880661203018514,0.3318928983672005,0.22179961973148926
2067,0.58821285,0.5934565,0.5688578,0.82575494,0.73176847827922,0.7445838949411115,0.698464775503141,0.8183496432225958,0.8786026300602602,0.8604699372681471,0.9215320173432622,0.7251320635349571
2068,0.37217864,0.3522017,0.3682995,0.4179019,0.3555520053140353,0.36200912946146574,0.3690802704533693,0.3602397133522719,0.3200291651080391,0.3334496960800058,0.362348908530361,0.35153924210114773
2069,0.58447087,0.60335076,0.5796145,0.8443335,0.6729306386766843,0.683089745303939,0.6883480720264026,0.777150227759883,0.8747530478285676,0.8654867304436291,0.8139633305522421,0.7175440919805113
2070,0.6362709,0.6544927,0.59937465,0.8507738,0.7698746098377379,0.7591116828768094,0.7532001320097435,0.8709347123504317,0.8790215520486008,0.8653144432811481,0.9668187553065035,0.7520193136442
2071,0.22067659,0.22643337,0.26082504,0.12065525,0.1641887036352358,0.12868732784375878,0.18188410354950713,0.13234634682590296,0.15977868947677756,0.17841145592572877,0.06987967452823599,0.19497713587103088
2072,0.34987944,0.33328822,0.34751487,0.23279902,0.29000158367930967,0.35819739401847644,0.3140859571762125,0.2865655702090489,0.2981907293490182,0.33104581732569016,0.17149192706571575,0.32126867111218815
2073,0.27124712,0.27879885,0.30095083,0.17270133,0.2066361581969632,0.23697339226587139,0.24945659822922456,0.1826891862189756,0.23384172333882164,0.24252515082203926,0.04245390330023522,0.2530486254151382
2074,0.5993568,0.6117607,0.5784852,0.84412336,0.7325804349677313,0.7204044265122378,0.7059684641314525,0.8269613612111542,0.8496509002457883,0.8373218460828351,0.9198433828101942,0.7190390804268012
2075,0.35492665,0.32114786,0.34026548,0.25939006,0.24853924711952313,0.2829277821194069,0.28306879903003057,0.23194430926892914,0.2735210149534481,0.3065553974304575,0.18929696777852817,0.30128349137424476
2076,0.22042044,0.21749239,0.2590917,0.1206913,0.15708109527655303,0.19590977772051085,0.17481347268364433,0.09812113546017469,0.12686179866656241,0.15737016784503433,0.02214764713383498,0.18121314681256845
2077,0.35229856,0.352161,0.33591592,0.2672006,0.3169127337944412,0.33946210040100727,0.35495760514242625,0.2888738438074242,0.32882780645935095,0.30490915248577655,0.38836675509945223,0.3335191768993023
2078,0.63917917,0.6395797,0.6006242,0.8814265,0.7631844288980869,0.7826872244797959,0.7571398305754384,0.8579267475216372,0.8992938421981919,0.8844186554676045,0.9814382355593627,0.7611235864342241
2079,0.5657078,0.58396226,0.5442227,0.77052987,0.6508648688043805,0.6406397776130934,0.640511856915245,0.7438118962636247,0.7445096877604194,0.6769230303326068,0.8312148723309513,0.6397215266765329
2080,0.31728372,0.33700335,0.3351113,0.28277558,0.2998161252620597,0.2808507027365143,0.2978134363117131,0.27431250164912757,0.2834779245624053,0.29129720230546957,0.27481261760061093,0.30292413796974915
2081,0.33386174,0.3073284,0.31501788,0.25609052,0.27874496756525446,0.2986634068897863,0.30462472378888206,0.26946265417355575,0.2552536881964269,0.26985768099793156,0.20773381178336683,0.29377269678210793
2082,0.23088542,0.22953579,0.26045066,0.115214825,0.2070084321958486,0.24522500761670618,0.23135648083731497,0.16542451561251553,0.13964808014699223,0.19178722860593847,0.11605178944770307,0.20682176222608545
2083,0.30891642,0.31458396,0.31651884,0.25026017,0.2706762234529965,0.26692431774126024,0.28874652912488796,0.25252869059629635,0.252588064193084,0.26992017967816173,0.18209739513466872,0.28493051758600296
2084,0.3521418,0.34752703,0.3738641,0.34301093,0.3322435944696228,0.33162231998941444,0.31893819419335734,0.30656598793770096,0.2897118764055723,0.3048603259549576,0.22328453062490783,0.3235749305719865
2085,0.37743014,0.3762699,0.37238884,0.4254512,0.44623985728352417,0.4265551737803815,0.4088072722465766,0.44053030125400194,0.41521643237564054,0.4091044779303036,0.6317843539003254,0.4030434334982698
2086,0.40686765,0.4348785,0.42624864,0.48137718,0.46620144679494774,0.4775318842683479,0.4315675254084262,0.4743006890082945,0.40018588970055974,0.4172033612668227,0.5370619064542842,0.4215959631929799
2087,0.33236742,0.33203202,0.33970463,0.23575413,0.2534708675526556,0.2755874936140318,0.2872667190653868,0.23379460882891284,0.27880782432212575,0.2983311932785696,0.07630025217249961,0.29786972683955637
2088,0.63017046,0.6338385,0.5961212,0.8875556,0.754170820905544,0.767000850091373,0.7408958509321154,0.8544682618829287,0.8838361006430497,0.8719189794242526,0.9352638703188907,0.7490804690755469
2089,0.27813795,0.268998,0.28949255,0.2179713,0.29244266365093824,0.29081875957135545,0.3446606016682102,0.301545498526725,0.31178997518564294,0.2754286525658398,0.18074671089574318,0.3017073220252739
2090,0.5704465,0.5746263,0.5567944,0.8282363,0.7287737360077112,0.7258743790375723,0.704313103197264,0.8241415020623386,0.8566831355103031,0.8647688537834798,0.9686393068922607,0.7184285450238116
2091,0.3176751,0.30623168,0.31664056,0.24847507,0.2666999605412683,0.30694954029512156,0.2672655445008908,0.2312633389510133,0.2503054393199241,0.27252016773058424,0.204831415815508,0.2830395318604382
2092,0.28249794,0.27220398,0.2954409,0.1816603,0.22072291450321924,0.23855902077187308,0.26093002213388744,0.2009278851796874,0.23251239184806569,0.2618477512323808,0.05384069100354474,0.26074719560939835
2093,0.2940256,0.30316204,0.30946475,0.2042903,0.20301359325713575,0.31085171217725055,0.23567447175758888,0.17687438291520485,0.22791571043576747,0.24082924533457345,0.12762525794777074,0.2598625033726365
2094,0.31918567,0.39996904,0.356167,0.29411325,0.2306714750092138,0.21100248210801179,0.27927956329009945,0.22537681930184245,0.1950726274964925,0.22457489253300608,0.056492956942594194,0.2721936667012205
2095,0.293204,0.28876862,0.30843523,0.21696687,0.26455284186939815,0.28571963767733977,0.2620578030605613,0.2317207290259497,0.22558121211719548,0.24686576892813594,0.11565487453181429,0.26312973835560866
2096,0.36444283,0.36460447,0.36606035,0.28288555,0.3459488167150919,0.3524827928485289,0.33864246461602204,0.30614085371816013,0.2960237481584482,0.29225976034168977,0.2809529460908867,0.3292710903916319
2097,0.31181687,0.3072875,0.3141213,0.25753647,0.27584822009555027,0.28266798715768876,0.2660791748268465,0.24606590412925486,0.23354418756813172,0.2594185300073371,0.16157251066852515,0.278097879568302
2098,0.317277,0.32745424,0.3362581,0.25185543,0.26920627720330537,0.36655022778279656,0.2544841858044288,0.21163406527073486,0.19406993542589582,0.2272348805448443,0.1168781555779159,0.2685890700900793
2099,0.59026426,0.6044046,0.57836354,0.858819,0.7291478410933855,0.7317123541644802,0.7155329815099216,0.8352411524286243,0.8771951934096576,0.858600065800595,0.8750831570545403,0.7282522675696304
2100,0.5817513,0.5824825,0.54624885,0.7964883,0.6589142616490629,0.6456858306042834,0.6575833921851165,0.7396472739650515,0.8461160492240684,0.8343723658505093,0.8983283428457476,0.6920655707181519
2101,0.2889825,0.28522807,0.30015588,0.17513177,0.21872337913966805,0.21590055305218486,0.23015150964675066,0.18150572771856768,0.19173599884820383,0.2185849214721675,0.07411960024728187,0.24020877753230763
2102,0.3615728,0.33973116,0.3381743,0.29223162,0.29533760943768045,0.3470653510350227,0.3228226175036198,0.3126318708678494,0.3285672997883297,0.3139389513836256,0.22459408735151562,0.33173658989396115
2103,0.54612327,0.5736588,0.5583301,0.8119229,0.6535390709735559,0.6566032665322762,0.6333187198058706,0.7242688106053297,0.8074857705736083,0.8119632835851572,0.6778084095839431,0.6752787767562678
2104,0.59980243,0.61960584,0.58640134,0.877965,0.7614272511179144,0.7449181563212266,0.7167002602366936,0.8599892607233566,0.8984576572817347,0.8965869531102927,0.980738081619063,0.7442655052588077
2105,0.27396098,0.26787335,0.28477275,0.19988744,0.20704824490435564,0.23108017879220483,0.23277143144884507,0.17270521382261425,0.2379327476114484,0.2590885495431638,0.10797075895596638,0.2533904818606646
2106,0.5322207,0.54962623,0.52868974,0.7172943,0.6954591903001941,0.6047452677074944,0.6377678788347956,0.7615902390141829,0.6853222276127834,0.6102531692895549,0.781062427998744,0.6102945725681923
2107,0.32434243,0.3259684,0.33962458,0.23539336,0.23540222120612647,0.2685638108039094,0.2693714987875058,0.20910522617261282,0.24203674665787403,0.23995544789106643,0.09917034494554758,0.2776891830312425
2108,0.2828606,0.27355483,0.29838473,0.17909436,0.217528975433742,0.28531209045480455,0.2354314452962214,0.19036400957139285,0.16769783960654738,0.20895884477154808,0.07895607514570699,0.23638800699903512
2109,0.3132444,0.30441234,0.32018405,0.21933444,0.23919068689835515,0.2495477085160267,0.2576285250266548,0.21027039737952094,0.2133683194184834,0.23833525575316727,0.09565558376634703,0.2646250578950441
2110,0.35455912,0.3362386,0.36541653,0.38097802,0.3101131781117319,0.4244368884102512,0.3413196790350285,0.3132712710732647,0.25169422971270755,0.28254890080121675,0.15938331785525825,0.32037002466343256
2111,0.35096112,0.33642435,0.32947862,0.30419698,0.2881778307069375,0.31700770774379633,0.3296739750732488,0.2988473853660905,0.30306037845905315,0.3111499365361701,0.4718269393322044,0.32331132240597077
2112,0.55388594,0.54856783,0.5298004,0.7127825,0.6834982704023969,0.6924772716633445,0.6461315150661008,0.740914280730726,0.6682808313931854,0.6019002085283509,0.8058703861040684,0.6113999379778557
2113,0.25987485,0.2563437,0.29774204,0.18530288,0.27400237818166545,0.2990100795566307,0.273340543040676,0.23446489959455827,0.18212975306453008,0.25473574317054876,0.189673725444803,0.25288523817974906
2114,0.33392385,0.31731805,0.33329803,0.26523322,0.2630197544166489,0.3095501150439139,0.2803612493337307,0.24102138661890962,0.2684544418158583,0.2873747045278072,0.2694490398389512,0.29794327450759306
2115,0.5941712,0.60572064,0.5595754,0.79027355,0.7456392479690008,0.7123566353355504,0.7319156534066179,0.8391677601829247,0.809679721522983,0.7210907324364042,0.9538870411363112,0.694624508104464
2116,0.26964515,0.2632863,0.28529248,0.1846951,0.20660551094830634,0.19022083235118986,0.2260220755506714,0.17832714597272786,0.20205045050208695,0.21880299074195805,0.10026942592833343,0.2341025206732898
2117,0.40125623,0.4012796,0.36381644,0.28553468,0.32585492051762976,0.3336333623086948,0.32838656264265753,0.3190607771162892,0.23178591665339857,0.2513382785531796,0.2698106741405626,0.31354386633148795
2118,0.27062708,0.25818855,0.2813089,0.14912984,0.18226323737108796,0.2158437402384162,0.20965132684927595,0.15094353490762558,0.17853365093264512,0.19979260054775178,0.021732900635457898,0.22522394159633738
2119,0.41075343,0.40044746,0.36194655,0.28374407,0.32799257691697653,0.3232445676533008,0.34062613979873635,0.32532503027458154,0.2553932135835627,0.2888122640108064,0.14504571564758156,0.3266161043354445
2120,0.3116083,0.32737997,0.31991225,0.2201536,0.26089850622639377,0.2966294689803601,0.277515981359425,0.26032610478158397,0.2612391841811623,0.2899981833924851,0.15179832136273264,0.2902041883866288
2121,0.23417497,0.23768902,0.26604453,0.12299271,0.20281486803938487,0.22145236959895004,0.19436293724584613,0.15212639967262293,0.14775281493747205,0.19006455503804615,0.09190756821213945,0.20696095890517724
2122,0.30120236,0.29392433,0.31949016,0.24890773,0.24849600459147037,0.33546763473234475,0.2742596039475709,0.22868014355037394,0.2393679420655558,0.26766307413518897,0.1490315413227174,0.27973379128976883
2123,0.3436945,0.32550833,0.32110152,0.25500518,0.28101277140543507,0.2958966146384758,0.30046981890118934,0.2730633293860619,0.2726217107968441,0.2944496955007981,0.19314175847436726,0.3028065518203842
2124,0.5750354,0.59693044,0.55885553,0.8103984,0.7088072668675116,0.6998389357965904,0.7032359685246642,0.7909782058687365,0.8466427960592293,0.8328452366992363,0.848316703275823,0.7084470965124355
2125,0.34751636,0.34643286,0.34473082,0.30471924,0.31624317677343267,0.32267987431260775,0.33059852603424256,0.2975132160008488,0.27694470977607066,0.2812366150801677,0.30573984735899207,0.31668282683223303
2126,0.30114722,0.28569943,0.30372995,0.17414387,0.23649403577344197,0.25417156858614603,0.24590929354689747,0.20962462043488675,0.20992964456940183,0.2102648265621002,0.24897875173229167,0.25079814414298307
2127,0.35650596,0.3410099,0.35398176,0.27641445,0.28933903294733965,0.37337044358839017,0.32569079201107665,0.27190770655811725,0.2991351741649315,0.3070115769597299,0.277766705304462,0.3284208721657278
2128,0.62282765,0.64128083,0.59659064,0.89648646,0.7705616838738842,0.7710763465373403,0.7467936841748308,0.8754729497860494,0.9002866267258527,0.9056715487205332,0.9944233248841357,0.757749776849351
2129,0.26328653,0.26154432,0.28047705,0.16996251,0.188701484052412,0.26434459427485113,0.20318074812331027,0.12791450355035777,0.17026857948918525,0.19661117832746103,0.007027891998112068,0.22412069067881077
2130,0.5775404,0.5896964,0.57285994,0.8482111,0.7281215835226083,0.7001312630479891,0.6980077674317722,0.8309718514989678,0.8626000430934813,0.8557388951162357,0.9478416526810991,0.7188544026755365
2131,0.40165156,0.466983,0.38357908,0.37944174,0.344921245707081,0.3582050650001402,0.35252874628601194,0.3121478654988802,0.30906370360818913,0.3158707313310855,0.25637667056405833,0.35406379222485357
2132,0.33623677,0.351143,0.34649473,0.28575706,0.32207033613554015,0.29403870045825226,0.2837650327496354,0.2860306337516914,0.2556112975308079,0.2726523833610034,0.32247177643452807,0.29953951260190115
2133,0.36321497,0.32606345,0.35131663,0.32522383,0.2717652713034838,0.3601692495216545,0.34481515236022264,0.2527516250270227,0.3417416453730607,0.33412098319315425,0.14701141702537585,0.338218898975437
2134,0.3909515,0.37518886,0.36791328,0.33366254,0.38449940356413304,0.3730174037710671,0.3598612154999513,0.3589995001451984,0.3422156298076397,0.3214466799077762,0.5311098642529792,0.35726801361230354
2135,0.546123,0.51494455,0.50296247,0.6577803,0.6507113284094825,0.6066733681595042,0.6150854150305018,0.6778278436176229,0.687757066523039,0.6160359807596893,0.7406528965246673,0.5962273864439674
2136,0.24476695,0.24836174,0.2753726,0.15116496,0.19535868555100516,0.2070707180114651,0.20376620921653207,0.1597213363303179,0.1812111045453838,0.2106837217713747,0.07394248729483047,0.22113397171441887
2137,0.35206702,0.3564999,0.36926112,0.2938078,0.26431259751336256,0.30889171397222864,0.2806664545038621,0.2622392332492359,0.25407142116302034,0.26567293264502595,0.18029011018693658,0.3003297813846896
2138,0.27530223,0.26287687,0.29399642,0.21044898,0.22479002260391465,0.30856906327141315,0.2669583889663135,0.20369667821088874,0.23707895437243773,0.2353298597902548,0.11627249155787674,0.2599874496291401
2139,0.26831707,0.25684685,0.2962574,0.15270098,0.19683782210274056,0.23610566650075365,0.19799160868592303,0.1532469303586098,0.17148430442939544,0.19096577873735807,0.026524242759594585,0.22213929387952208
2140,0.5951817,0.60950106,0.5740249,0.86352193,0.7334196099700604,0.7265325758988302,0.7077446903295805,0.8295912304969925,0.88055975539884,0.8823440989962169,0.9356237822225324,0.7329107535990346
2141,0.61902314,0.60207534,0.599143,0.83192635,0.7117466361397625,0.7188529119013487,0.6859240123053689,0.7765227971957244,0.8518151974197312,0.8563932985512667,0.9052405666170884,0.7215687525708083
2142,0.35580236,0.3095313,0.32377785,0.26519018,0.2333643908693383,0.3076380598831783,0.28545764044743616,0.2227369478357753,0.261442519431546,0.2742472241673109,0.2880770979304018,0.2961940812641237
2143,0.35015213,0.3389388,0.3603795,0.36451915,0.348621374895542,0.4280890389856265,0.33888039203346987,0.3407120954885824,0.3989294754510574,0.37297149035462007,0.4334742227913865,0.3692133217155621
2144,0.6153971,0.6240838,0.58912766,0.8718341,0.7592766101045634,0.762936083580392,0.7399658596519023,0.8615764117323964,0.8819755450583304,0.8884684686664446,0.9751559387268619,0.7464175425206461
2145,0.6033367,0.62043875,0.579363,0.8717499,0.7478223659532988,0.7032310002452855,0.7225198038910482,0.8481526627858896,0.8703394129559305,0.8548040552374566,0.9569933592872548,0.7296856849381178
2146,0.29693335,0.30409893,0.31439194,0.21153238,0.2725409411429794,0.3039642005352097,0.28270171194561106,0.23640921251326938,0.2846622824738344,0.3154070788683654,0.15725956905004068,0.29875857982725507
2147,0.34447742,0.3275136,0.3344491,0.28148466,0.23878199843554104,0.2958619354295572,0.3119021885597194,0.2561915094179338,0.2694075212293676,0.27789315175200613,0.1229468669252709,0.29784260312589417
2148,0.31461936,0.30625683,0.31760553,0.24163206,0.23507222948076162,0.25347796774278264,0.2672954929550468,0.21280773464691488,0.25921050046294225,0.26699655257042687,0.19089752473962715,0.28235373591849044
2149,0.27182165,0.26518688,0.2885818,0.16517872,0.2155532018875151,0.21100008102862464,0.23747837197032445,0.18268986643902535,0.21009827759771932,0.2225171859806773,0.1508239331412968,0.2398294883804371
2150,0.35827214,0.35978544,0.36863628,0.36574802,0.2918036285373259,0.35670534142415655,0.2977311872123708,0.31468159266052365,0.2925182007957763,0.3175350186528956,0.1715260016111768,0.3238258291134271
2151,0.35407227,0.36817202,0.3648712,0.31243807,0.3300995389839973,0.3368511048707375,0.31590679912157055,0.3143196606114321,0.2997216047377927,0.3081853016982433,0.24841521880319103,0.330518752734511
2152,0.5957947,0.61697483,0.5824224,0.8574214,0.7499234130873604,0.7388400555630569,0.7296921649212675,0.8518312398977604,0.8854098423051932,0.8820029758581714,0.9551117279224451,0.7393997061152199
2153,0.35898033,0.36203787,0.35511145,0.33031443,0.34081046381055774,0.36770574984872473,0.3507482695825765,0.3221010460087214,0.2725501375312877,0.27789972918122835,0.2289300785375697,0.32198696004704574
2154,0.21566305,0.22315404,0.27545518,0.115762904,0.16230600360289998,0.20339284454942366,0.1696704615599654,0.10466476640042925,0.14889277137558415,0.16415541053146895,0.013401261691240873,0.19087324555893967
2155,0.29293492,0.28659064,0.30832505,0.24987893,0.2641160728073075,0.23784011746913825,0.27152241536774596,0.2546514906153183,0.2292675710817992,0.2438620999871552,0.20349717382992702,0.2679008650478279
2156,0.33227554,0.3196876,0.32199413,0.23352647,0.28217007072470024,0.35152613438723546,0.3076045777501685,0.24433725507213225,0.273097800696919,0.2953781118267593,0.16507607844645028,0.3033297496473083
2157,0.37261263,0.38105637,0.36390382,0.3192788,0.37179068713486496,0.3866637782758139,0.3671246258496684,0.3491463066038633,0.2934815476665502,0.2992393800031617,0.49063481046432367,0.34200846039214855
2158,0.36193717,0.3423798,0.33556128,0.2831055,0.30976258346425256,0.3616968786055536,0.3254870147444315,0.3220594483051278,0.310634953552388,0.31064215040678167,0.25589345722071133,0.3283309128905268
2159,0.31566203,0.33151153,0.33494014,0.30697966,0.28198125886552916,0.36154991593195757,0.2671047278961575,0.24735473916749232,0.27914011020517926,0.2735517911971571,0.35442205258071074,0.30334558932404143
2160,0.33532244,0.3281484,0.32722428,0.248559,0.27416328978445836,0.3355439746214214,0.3007953496493999,0.26181955476731267,0.267662854148875,0.29585911208626536,0.2513289240955056,0.30499927857899395
2161,0.28736347,0.2748459,0.29384205,0.20145121,0.23424597435712075,0.23272106069600795,0.27321529476690876,0.22248691314742394,0.2547826125723134,0.26434484705350775,0.1102744695892186,0.26861125605735325
2162,0.3608224,0.37392467,0.38099822,0.4308482,0.36412151084978334,0.3391923682281567,0.35742350513849797,0.36312660339487557,0.33311421005849357,0.31486119635252485,0.47492616697389467,0.3548561525007352
2163,0.2719555,0.27541488,0.2956544,0.21370439,0.24005384234888708,0.26380913597569294,0.237768715270314,0.21404403788489007,0.20237348310778494,0.23534350239961058,0.14367603400852166,0.24720163519386337
2164,0.60451955,0.6023968,0.5668636,0.8131458,0.7026258605402032,0.7082246754605612,0.7052332742017754,0.800961953225945,0.8680870394378252,0.8463714419746294,0.8542123373356899,0.7183226766930245
2165,0.34755817,0.34792683,0.3491542,0.32771635,0.299536061924147,0.32700655879675233,0.31934217607766424,0.3045771702024306,0.2800646131071374,0.323206132915164,0.27297260565394776,0.31885778647339785
2166,0.34794515,0.34461686,0.34886426,0.22186728,0.26998745486295533,0.3229574815122127,0.3037984236185921,0.24742911993352384,0.2659642670607053,0.28303909794315535,0.17527977262661606,0.30592338562289967
2167,0.35557985,0.3055644,0.34434444,0.27515566,0.25037444972680867,0.3058683902363432,0.2927930405831199,0.22268402304726154,0.2268615640164131,0.25979979797589936,0.07501958243371346,0.2892541092556802
2168,0.31261402,0.30716282,0.32255796,0.24065451,0.27220699442038143,0.2999550526139344,0.2905488895486307,0.26545793884742325,0.2671053780195981,0.27082230273357266,0.17943433707416045,0.29026475846055466
2169,0.3338181,0.32024288,0.32826504,0.25961632,0.2944482000688691,0.35304187346630694,0.3210742064038307,0.2705815260121992,0.28473028571574666,0.31580089907143233,0.26245584321059834,0.31346702867680987
2170,0.62558806,0.6383524,0.5905479,0.8634535,0.7644498040658156,0.7590190775463884,0.7418486218504932,0.8717496486811349,0.9243361723741252,0.8950462530707796,0.9946974898545197,0.7624376035897409
2171,0.26125824,0.25870067,0.27527744,0.13675947,0.18161298911937823,0.24243189583602778,0.20444416516326092,0.13777968474461874,0.18431995731193113,0.20891974203891167,0.07376095311931122,0.22454673438999445
2172,0.3582134,0.36895338,0.36851662,0.30341136,0.3341799276075751,0.39184173925684285,0.335665982682188,0.3062546260640116,0.32866106012456175,0.3523780093369777,0.2159635517025856,0.3465418701150625
2173,0.5482518,0.5642091,0.53938633,0.76241064,0.5504024632747347,0.6127023080566081,0.5494980842898844,0.6093722419185983,0.8111264191822787,0.7649676087063264,0.6675389730599652,0.6439525505285815
2174,0.3156826,0.29948306,0.3160766,0.22948277,0.25453756408502265,0.26018963507885273,0.27177197562069527,0.23171517991799942,0.22598723364272963,0.25776141169395256,0.11939273703781325,0.27210706798969164
2175,0.25043774,0.258384,0.28144526,0.1702719,0.21997980649549692,0.2948870154058757,0.20386938311586816,0.178730048928615,0.1542609053416896,0.19714688787942153,0.0344245863160713,0.22329799521855245
2176,0.6087729,0.62606597,0.5827924,0.85435885,0.7621693258540758,0.771172654055345,0.7426901682059246,0.8529828406376803,0.8692989769565204,0.863934695915795,0.9621680409346656,0.7420876905919529
2177,0.19147167,0.20064268,0.24147455,0.10340879,0.14783822224604978,0.1343294217381436,0.15433505487461918,0.09438788712094949,0.14458674046520725,0.1594348134245453,0.007473683686304333,0.17471737646310895
2178,0.57071906,0.5923151,0.56907713,0.8235216,0.7209410823648593,0.6847963347172389,0.6971522890544336,0.8145857542725959,0.8443489184288453,0.8114595407676408,0.9193432190740932,0.7052656556939048
2179,0.3038082,0.29973236,0.3195545,0.24576211,0.302451085224689,0.33634862500950513,0.2688274949848741,0.26805995345806044,0.264308565699569,0.2784239689162332,0.3342295123350578,0.2938987947008204
2180,0.30669895,0.2953714,0.3147314,0.24735656,0.24708906126918667,0.2902043397728943,0.262587011326319,0.2523888568560017,0.2538411451730604,0.25055682152576575,0.13892088168234826,0.27920889163612717
2181,0.5702585,0.5920898,0.5691638,0.86583483,0.7463601064221284,0.7243795113150467,0.7164827747413096,0.8372443106413792,0.8869546414454137,0.8946352351309086,0.9837014563785402,0.7338727916001347
2182,0.36464423,0.372415,0.36666822,0.3192326,0.3539717264598604,0.3617328052393704,0.346298228731566,0.36778200492018065,0.29763217659540786,0.28947090678227366,0.3515756620716753,0.3363919842195474
2183,0.56933033,0.5693053,0.5542637,0.7697376,0.5677917491347839,0.6318379580955928,0.5796873578265169,0.606815676370686,0.7512982806834845,0.6373880449150556,0.8631412311080565,0.6187493891063091
2184,0.27912992,0.26985073,0.2785784,0.14500298,0.22337380224984943,0.3011989192359759,0.2368818904505809,0.20695849981592201,0.14771886157575956,0.1836836103022666,0.033026586685194426,0.223758480163449
2185,0.33406547,0.3485158,0.32821473,0.18693735,0.2710260051253206,0.2599033656575411,0.29935312357076244,0.2521016448340671,0.2243245232705955,0.23184015280535414,0.24228779717376248,0.27916841714470053
2186,0.28651455,0.2802829,0.28593457,0.20297675,0.23157227681869347,0.24034604194255368,0.26525610647223763,0.21195148422154989,0.24483710460357694,0.26845986957893186,0.14808249174801666,0.2676641196932458
2187,0.6175044,0.6269495,0.58798534,0.8679341,0.7601027630565609,0.735545598174881,0.7315625594863107,0.8563381160588015,0.8768054135525898,0.8774644248265201,0.9751400199264791,0.74392098304132
2188,0.33425263,0.3282209,0.32852358,0.2491016,0.2969169698600781,0.29509479973724106,0.286309700300749,0.2621725744849278,0.2624282777797079,0.28838000465807767,0.2147628396134451,0.2964064567693348
2189,0.32091245,0.31998,0.31904978,0.22453347,0.26731462661666383,0.27839855110180395,0.31540464013930586,0.25293533118559486,0.26709535030308434,0.26022127093696146,0.17482407264854075,0.29199600841751483
2190,0.3260886,0.31319284,0.30990803,0.22010382,0.2467794653571312,0.24218741933639354,0.26577705411027014,0.2208714166289017,0.2403795503761529,0.2657883394150098,0.1839016258496528,0.27704001053924526
2191,0.5251783,0.5485114,0.5138808,0.72919446,0.6447533319186267,0.6314846752511739,0.6208292538491078,0.7095974216161756,0.7096013736619375,0.7140451429859898,0.8270400487509612,0.6261279118706728
2192,0.27042013,0.27563462,0.28469145,0.19751999,0.2201144210330958,0.21175817396472096,0.23727813628134004,0.19702841708027793,0.21565238620939428,0.23028512150063124,0.1715830132128266,0.24579699152667742
2193,0.48679772,0.50564426,0.507655,0.676231,0.4509110180806415,0.611724997586928,0.4712015891469206,0.4871399934260235,0.7336394514487766,0.6842656398323848,0.33056091931496684,0.579876671966968
2194,0.31674436,0.3163549,0.31805396,0.24672294,0.2725806242211581,0.3098255154180896,0.29045556077632834,0.2506990187580797,0.24273019576274385,0.25831861631622977,0.15785756075983537,0.28465647793514776
2195,0.5434407,0.58053267,0.54847574,0.7887719,0.6810285474430146,0.6513175062003108,0.6656485397326298,0.7612043418982994,0.7556867602539483,0.7170343881338038,0.7899479280671888,0.6529585448912987
2196,0.33835682,0.33568898,0.31693494,0.1958551,0.23371690258903968,0.29429711507232964,0.2617038382213054,0.19869725506456978,0.20796989819137454,0.24660330116124501,0.05829128993881923,0.27341569511802893
2197,0.27571654,0.2893321,0.31421977,0.20655534,0.2674215670005468,0.3472167030865688,0.2645559284957755,0.22612138624469652,0.235479129251928,0.26315783279206867,0.08919609053496894,0.2756564104000493
2198,0.28508434,0.2779076,0.2988676,0.18121028,0.2288046524069806,0.2772420994460886,0.25970680760841264,0.20701622331108638,0.2145826811769024,0.24060635142673698,0.2583295810570335,0.25489952272621047
2199,0.33096284,0.32194105,0.33134285,0.32986933,0.2782675866824791,0.2940001705015802,0.3028894728603174,0.2745812106790497,0.294622602753813,0.29904252342066046,0.20120721871100017,0.31097849456658155
2200,0.5739857,0.5962724,0.545018,0.7791463,0.7124189330437797,0.6508827301904493,0.6804425292474925,0.80453295157252,0.7591869439657147,0.7296076325933268,0.8939193725961623,0.6663841630582492
2201,0.29145542,0.2795479,0.3021541,0.18891889,0.22364932645037544,0.22173971242382287,0.2471017370624557,0.18625843254832625,0.22234117095606357,0.23788302249062646,0.08478039128299406,0.2532451356689038
2202,0.20880666,0.21510658,0.24540481,0.10756586,0.16532830660890802,0.14713837162980706,0.162907868063822,0.11108398211405542,0.14706188822168179,0.157793034481763,0.05216539185466292,0.18177127786727787
2203,0.5852178,0.5897281,0.5533658,0.7740883,0.7164092761960663,0.6851029741205888,0.6933633898463876,0.8032659805787972,0.7673740471138778,0.6635788100250345,0.9195127380041406,0.6609208789866072
2204,0.29512802,0.31147012,0.32002133,0.2503088,0.31666712996379276,0.35811690241954236,0.29230679194081366,0.31188558202453787,0.22676291839985954,0.23067989972602607,0.3590922487076361,0.2788257469679054
2205,0.32101443,0.30680597,0.3207062,0.25039625,0.2913613281955671,0.25340931344606143,0.2853029131950263,0.290866835458195,0.24761644234499522,0.26073145162953365,0.2011360778459766,0.2864267309401159
2206,0.27266794,0.2691477,0.29306048,0.19014025,0.2357334531407041,0.23001089228858507,0.25615719589493147,0.19889272353632523,0.2282346318376692,0.25074008530221426,0.04280689165842298,0.2542713558208048
2207,0.32703823,0.31920528,0.33129996,0.25599986,0.24911560585614795,0.3114066428470304,0.2717571326830909,0.2267101765883023,0.24871028758407593,0.26809994401808107,0.13474722705020828,0.28508083075865276
2208,0.37022457,0.35509875,0.35261878,0.34791905,0.3021638402098061,0.3475601341462509,0.34566459256888676,0.31152160014024755,0.3268243340381706,0.3227128407705848,0.2675367156691278,0.3397016177821711
2209,0.31653452,0.31293434,0.32475123,0.20896295,0.2450632640050343,0.25952747766696066,0.26293265003647076,0.21711545148042113,0.2258881247494196,0.2514577451360935,0.12713412153404843,0.2734391937460384
2210,0.28922185,0.26806065,0.28994197,0.18079285,0.21789711073059292,0.23499516480826452,0.24244875481170283,0.1819287334936735,0.21091415499845007,0.21823637776350707,0.08544849939240584,0.24437548211108395
2211,0.2810406,0.2963888,0.2937283,0.18495637,0.25145520953565137,0.28435598912284327,0.27654458760991146,0.2263141152679015,0.21213155449366763,0.24144812702938082,0.16078828278929386,0.2590921894199908
2212,0.32298297,0.29935855,0.32212925,0.25214377,0.27003624456901676,0.29351499817576276,0.28614203620468337,0.24496507185546487,0.2651262855865295,0.2796431309900812,0.17876872555824458,0.29131970695702536
2213,0.33817077,0.32908764,0.3274621,0.2645335,0.30304119846082145,0.3058948431280366,0.3213914305215967,0.2726032425448608,0.2863514989064878,0.29108106530210887,0.27541231357145984,0.3109832209951564
2214,0.33383653,0.31980667,0.32630777,0.24668436,0.26872376689260535,0.3178915138133515,0.2768599732939849,0.2390886588073337,0.2608060906839752,0.2876072294091192,0.23463169565290937,0.29964373482026985
2215,0.44928542,0.42856997,0.44078866,0.48347098,0.4042402369188084,0.40742410675233404,0.40783760163352856,0.43698767028733804,0.4026628350027354,0.3867631609991949,0.6169199498778728,0.4149922434327308
2216,0.6165372,0.6145079,0.57507443,0.8239609,0.7231846968172028,0.6674271215368932,0.6929928426671426,0.8066616539076893,0.8019884923868533,0.7490052334233301,0.933594947855133,0.6934301436225601
2217,0.3653198,0.3632699,0.344733,0.30025345,0.31334324717123196,0.39310481179294204,0.32518145739400817,0.2924588404207103,0.283122332374219,0.2995475797312431,0.320440537851376,0.3241739972766955
2218,0.2968261,0.29562837,0.3223558,0.29844332,0.28765883253829166,0.30055588707530817,0.308721128627876,0.2866928964349397,0.2965277969339606,0.29691625494999724,0.344294389530235,0.30584014245633384
2219,0.31906682,0.31907386,0.32015243,0.24161038,0.2968534189519254,0.3168515673363602,0.30801885575152266,0.2998604681338088,0.2736747569120405,0.2850511007916398,0.24974890243621983,0.3028570329146694
2220,0.31210318,0.30802363,0.31028655,0.23578517,0.2246479585668754,0.30732109710368205,0.2637867063676457,0.2087756990339878,0.24575879030692235,0.2467514589535927,0.1753476071102673,0.2753208952000271
2221,0.3474665,0.32154432,0.35349253,0.29179326,0.3411371214828122,0.4088165496996677,0.3364678699533308,0.3321742659949178,0.31374681739572335,0.31709024123967045,0.31306626461047565,0.3348079523181267
2222,0.2054499,0.21533799,0.24672596,0.100703046,0.15512423359098126,0.15846438601469076,0.16197398741143249,0.10396595531588718,0.13444229396920354,0.1500811203481645,0.051417883476150096,0.17576728512625564
2223,0.3520248,0.32174033,0.3305733,0.27108756,0.3054081692900859,0.3699125164587958,0.32736664319616204,0.30700949325789273,0.2855989910844552,0.2941508743334175,0.24168271353582269,0.3187323960226745
2224,0.3459405,0.34210715,0.33888316,0.2590708,0.3022110488122142,0.38615426333737457,0.3134439868147403,0.2870285258684126,0.2860628899791851,0.3005437263833399,0.3194912413011616,0.32060079934321994
2225,0.30102643,0.2907806,0.3239893,0.24593107,0.22049983947279417,0.22417942911475003,0.24624216308292296,0.2050516439956827,0.2187289053540356,0.20054998020182588,0.0476041487123284,0.24946813017304117
2226,0.25641376,0.25575465,0.28370643,0.15591152,0.17938752752722903,0.2770889927680176,0.17822598264467485,0.1315030702892699,0.11244386872717427,0.16739269227218787,0.013918058957477098,0.19988737925026204
2227,0.5826363,0.6014364,0.54808545,0.78525573,0.6850290022589529,0.6578624089092355,0.6668719484554237,0.7688418574157267,0.88108562479702,0.8595998733680872,0.9130617561293259,0.710794561392905
2228,0.61147434,0.6165453,0.58919305,0.841022,0.7343135515687285,0.702129894786414,0.7310732502391897,0.8196182846190861,0.8442984394864412,0.8458412748356252,0.8552876045884193,0.725050509835457
2229,0.58353245,0.5852987,0.545461,0.73596716,0.6583625871067458,0.6692251793307646,0.6476465015225955,0.731342362750914,0.7593363508226241,0.6688860720558651,0.7552503277897396,0.6466860692082061
2230,0.2884788,0.30445093,0.30664766,0.19844255,0.26043851620568265,0.2926738666791985,0.23384687579520214,0.21631132898421232,0.19066624469071852,0.25632387320075833,0.0718554401949742,0.25793871846822514
2231,0.3555374,0.34488085,0.34141582,0.29773238,0.3393242778699575,0.3743810179337393,0.3376285083831359,0.314671264682032,0.28548186723271124,0.3016366921990725,0.37139558671501666,0.3246708475432344
2232,0.5964619,0.611443,0.57977235,0.8823062,0.754171985899803,0.743314916597519,0.7282359413281305,0.8522347074906051,0.9018868363848858,0.8949447117927105,0.9821982476715689,0.7465495464816432
2233,0.32781953,0.35976666,0.352761,0.34112018,0.3988266860099984,0.3801990587161901,0.33658237215815195,0.36263132502734113,0.3030080537685899,0.31893859449300205,0.5394955101356826,0.34003512649206363
2234,0.31777924,0.31345943,0.32233533,0.2584577,0.27983091385167463,0.30917599985758965,0.312048752991857,0.27844244954943254,0.2383080178399169,0.27004994434583024,0.23267892217959293,0.29262689455997776
2235,0.53654736,0.5557729,0.53148687,0.71264577,0.6313603290439855,0.6074825344656161,0.5942268726695994,0.6970588164779083,0.6746605419354735,0.6091095404301854,0.6165376807226104,0.5949971051320827
2236,0.27577114,0.2676302,0.2847659,0.16078739,0.2152477771183285,0.1781597111994522,0.2335951827511133,0.1861609855224534,0.21628538484615473,0.24717253217463037,0.07028138545205923,0.24477821675538758
2237,0.24816534,0.27710304,0.29120636,0.157765,0.18530897578794223,0.21981168330065196,0.18436113559446182,0.1490175482603945,0.17826441517387134,0.1837203953391587,0.04245374521469122,0.2154263182551667
2238,0.31829122,0.319075,0.3207212,0.30657768,0.2909974226421805,0.387638102330268,0.3269261655008945,0.2884936842575071,0.27129978481732814,0.27620762587518916,0.14743874990798345,0.30659972567739674
2239,0.35895887,0.34996787,0.3527884,0.3181867,0.3217274967803857,0.32309714961793584,0.32093393148598737,0.286046625984066,0.2758613650070137,0.3005035876769775,0.2521940287393532,0.3207117204318343
2240,0.301786,0.30769667,0.3089779,0.24888532,0.3031696110963752,0.29828155064473577,0.3022643847641508,0.27256181615287944,0.2729373390729791,0.29172766222533897,0.3890271166486598,0.29745134659168626
2241,0.58862424,0.59044236,0.5737887,0.8662772,0.7226548704033012,0.7160284841547323,0.7098953338016002,0.8347320622035163,0.8692130966689536,0.8566195132935244,0.922812247973986,0.7267848519107698
2242,0.2788648,0.2716691,0.28344062,0.16270635,0.22269779971551845,0.22745541352224893,0.2512894184369989,0.19026111146066335,0.23095669526642998,0.25681398196063754,0.10077775468795842,0.25550064266997363
2243,0.27825898,0.27115643,0.2990096,0.18106353,0.20985856360309468,0.2215196587569857,0.22500197321342905,0.176124708267437,0.19309022412377513,0.21968398695474933,0.10278688258473705,0.237689701167569
2244,0.62755626,0.636847,0.5934137,0.84600294,0.7326505048568893,0.6813687729099254,0.6982770962204947,0.8479743965270655,0.8615978714441495,0.8384418406927002,0.9128342104073109,0.7278935964225102
2245,0.23190185,0.23491912,0.27738333,0.13941304,0.19005576830789792,0.21732937696732746,0.17922806814274989,0.141479371259775,0.16746474006360504,0.2067507301370362,0.04154401912764836,0.21050400272378514
2246,0.3118766,0.29608783,0.31935716,0.24796811,0.26451400220098553,0.3245143242289251,0.28286055545981037,0.23901117848873316,0.2434582637516712,0.2574891086164124,0.15753436363649923,0.2805930553965351
2247,0.31838566,0.30330402,0.32108995,0.24989942,0.2702277964924294,0.2566738964345688,0.3051870398707649,0.2665068658668545,0.27200046881348283,0.28552879066680587,0.19353920640080716,0.29531896050859474
2248,0.3453805,0.35757387,0.3563718,0.3485636,0.3331273358376776,0.42169427117735064,0.35021600595799784,0.3368660257539119,0.29938347528152376,0.29467955095740167,0.48312734477217845,0.3368122169364034
2249,0.55870044,0.5738982,0.5434607,0.7526048,0.6482616379860557,0.6061999260426196,0.6146772320592291,0.7004849372238553,0.7022368720490155,0.590013081613771,0.8220810014729357,0.6090217875752766
2250,0.59947765,0.59254086,0.56584543,0.7824965,0.6497398262354014,0.6801955402701274,0.6560198600854571,0.739726418378047,0.7822241038779526,0.6959758837741822,0.8692898385786678,0.6615731564127768
2251,0.37725472,0.39616027,0.38746947,0.40281743,0.3609532938455306,0.4129884569471887,0.3628757526082037,0.365212458685122,0.3726325213600654,0.38362548652224854,0.27495252382361873,0.3817363633974495
2252,0.33483183,0.41951656,0.36734128,0.41327637,0.4471880837094201,0.5475866078066229,0.3725406124833536,0.44152740161705084,0.5734516562132442,0.4661929095189138,0.5744225925223132,0.44686774530623213
2253,0.31052914,0.31020394,0.33048028,0.25664958,0.28453547567660403,0.2789968326052707,0.29486330741878014,0.2571891522997624,0.29847607658565983,0.2985745434690075,0.3445802232233555,0.3036138000903075
2254,0.40563068,0.39350972,0.38025203,0.36099556,0.46223857782202726,0.4245245901788194,0.4013966057141724,0.4447662138637112,0.3466721409089673,0.3280903761139272,0.7127979354760734,0.3763324552382116
2255,0.5800522,0.58319443,0.5568516,0.74690616,0.6992425101627882,0.6681547982125113,0.6567416062571703,0.77096770837475,0.7006435018114318,0.6327604605475179,0.8997033192245987,0.6328314558342538
2256,0.24709888,0.24782503,0.27504206,0.1378252,0.17918483884201647,0.21536742692072225,0.18810890811601075,0.1389159347281256,0.179929737863635,0.20097876306316795,0.07858406581960067,0.21684926327393902
2257,0.29728204,0.2999757,0.31605792,0.21477056,0.25234647739728633,0.30983944094154225,0.24636895482529905,0.22377815603477771,0.22915721922510918,0.2613096304757633,0.1774196156666173,0.2675979212785677
2258,0.39342126,0.40658173,0.402133,0.39564067,0.43361732662660624,0.4422192327604545,0.38860291035306294,0.40710460012353744,0.3891450374990382,0.42396177867804363,0.5197479485180018,0.4028850046023317
2259,0.26988894,0.2740643,0.30159363,0.2068336,0.22925064428519476,0.23057849941593514,0.23847339965692055,0.2025108331183077,0.20181628820271386,0.2225158995618622,0.09169686354110633,0.24092851823878747
2260,0.3462462,0.35714695,0.37275195,0.3088242,0.2567010975077206,0.23068035400698567,0.2997361759897747,0.2546313995841329,0.28615978851978624,0.30671767193256905,0.16750848194576687,0.31008141756402596
2261,0.2851928,0.2921922,0.3199839,0.2541892,0.26459943425518506,0.2970723052226997,0.2918581136498791,0.25043029294824,0.24760985580920147,0.25776076864145975,0.2578835024102901,0.2793165614580678
2262,0.2807344,0.29127708,0.29113573,0.19185296,0.2741889741819653,0.33687371110642383,0.2860239668957796,0.26273263631357474,0.23056846495139224,0.28193903164954126,0.29241390859246763,0.27647261738043755
2263,0.32696047,0.32591885,0.34512743,0.27561408,0.2947602732663828,0.2558430806365707,0.28394102155857637,0.27524157200436405,0.2715419963187468,0.2815617122462383,0.24346935771449116,0.2999001481860725
2264,0.31816322,0.31142494,0.32066447,0.25262076,0.286526004602935,0.2763281139641305,0.2959742252414698,0.26375663076674283,0.2645330928914654,0.2763595626030336,0.12803141038040622,0.2910378129730341
2265,0.31683016,0.31287187,0.32020673,0.22297797,0.24271351765247026,0.2912181293268291,0.2707256356180298,0.20810180314362664,0.22051224555484827,0.24264226947156953,0.16295996022135154,0.2691087714125341
2266,0.5554437,0.57950175,0.5683762,0.8442408,0.6924919311738591,0.6287878979201817,0.6506305544648819,0.7745512182399706,0.8635775477009474,0.8579068159312013,0.8924298236326763,0.7031672284962257
2267,0.38237554,0.4044435,0.37814897,0.35064897,0.34012033994033714,0.3507637337995604,0.35023481422064984,0.3496385076860049,0.32616402666519595,0.3379785373731706,0.26628560145170177,0.35556569571923574
2268,0.3322732,0.32911912,0.342094,0.29892558,0.3012140918275548,0.32809667376387625,0.3312648598737101,0.2990573613409668,0.2958050507529778,0.30234207293701,0.2777868964669239,0.31712035383324033
2269,0.23683722,0.2433947,0.28074467,0.14529501,0.18797161873559082,0.26654811800549794,0.20555591917336838,0.15431906049086982,0.15225313256122286,0.18488090914279337,0.0766330037964301,0.21361181629324796
2270,0.35053682,0.34656456,0.34976283,0.28276947,0.3331859197309329,0.3166619193584585,0.3315536095566106,0.31807991566483507,0.2953221609531058,0.3129566280291658,0.3237654079758726,0.32448707108451136
2271,0.35008612,0.35768956,0.3464743,0.3268469,0.35752835597988686,0.3661665413754517,0.34483456131667706,0.33758552725403523,0.3377316218879869,0.3485815213626043,0.44214976353278185,0.35330893069183344
2272,0.27933455,0.2838584,0.300163,0.19749849,0.2623236808194014,0.3108181497941882,0.2603462726683225,0.2185483315529541,0.27574419621519347,0.30203727051431417,0.2476161647742599,0.2855401156970556
2273,0.32852948,0.32214785,0.34490547,0.2969815,0.2711349862641588,0.31726469128162654,0.31916311534624675,0.26693822687592916,0.27551055844325434,0.28326425405139066,0.10930350074243027,0.3034527801558936
2274,0.30806813,0.30911514,0.3280909,0.25458997,0.28467997792461663,0.27864962930686826,0.2900954407413522,0.25566813857635273,0.23887714717225866,0.26140344352412537,0.18876127046159824,0.28415334496906686
2275,0.27166906,0.2806932,0.29198924,0.16925678,0.23264892397497955,0.2888864550948692,0.23805144673603823,0.17489869575455738,0.13983626949832234,0.1946023007346676,0.030648884108476493,0.22473865789017525
2276,0.28085765,0.27394265,0.29748195,0.18275991,0.19901634898866127,0.2088776694330115,0.22028266560861898,0.17142245918912077,0.190080969612226,0.1982818388867072,0.05002368002934273,0.23264289072043018
2277,0.38906094,0.36880514,0.36774915,0.33166128,0.34449883220840744,0.3643258148881186,0.3734249948062226,0.3918699920625889,0.380685057106813,0.3823557579742068,0.453479618518558,0.377257824028465
2278,0.5238143,0.53824633,0.50933874,0.74505913,0.6844526881841622,0.6520248239519508,0.6538773701069992,0.7645985160524216,0.7457260207314765,0.7019964230582753,0.8446698645067056,0.6323309523068198
2279,0.32561246,0.32433215,0.33938098,0.27269,0.2655007319110834,0.293046999780986,0.30001146180784516,0.2631281747943306,0.2710907517868782,0.2824424117410399,0.22396250329838224,0.29696866701912183
2280,0.34000617,0.33821592,0.33709264,0.2731186,0.3197194005394023,0.3636173365316131,0.3053805509282529,0.28394636831412556,0.2802049806903344,0.29523015344163783,0.36825753774714576,0.3121568286657187
2281,0.2663765,0.26833236,0.2862843,0.14689746,0.18951296136542908,0.2031647601562221,0.20711745581727142,0.1525681189701463,0.18765382448865417,0.20177834731475014,0.04231515645649967,0.22512213041815418
2282,0.35879317,0.35765487,0.3587854,0.33734146,0.4280209947140311,0.43279170941064543,0.41967887113874014,0.42254049089613394,0.30669752765792746,0.3515186454970883,0.42321541817930897,0.36233018596691147
2283,0.552618,0.56584615,0.53422874,0.75695884,0.701236995154107,0.6415696379489308,0.6517234389849588,0.743647376690366,0.7251533579343028,0.6829246899772146,0.8634091183642802,0.6396992936382245
2284,0.54401386,0.5677474,0.5589812,0.86296046,0.7338127935883777,0.6580048788544337,0.695601762511345,0.8306568395325138,0.8533182652277397,0.8512910662955893,0.9363048692089594,0.7077234565810738
2285,0.30122757,0.32431698,0.3286006,0.22238576,0.2437532003879402,0.31453541826571313,0.25082950217012606,0.22852661915710257,0.2515473105896808,0.26246527809313036,0.13992584263919303,0.2785900533236451
2286,0.34644166,0.3280755,0.34435517,0.2962563,0.2858687553581111,0.3299408932460133,0.3389028645325083,0.3140055990606764,0.3435540447083811,0.34885664506164854,0.1661614151053589,0.3397819192148649
2287,0.34171572,0.3410941,0.34215045,0.31174037,0.33169949904955925,0.361993305060615,0.3236944999995324,0.31708100998156497,0.28532405309105313,0.3179240287049484,0.33024944721021987,0.3231629145498099
2288,0.6020303,0.6279443,0.5881983,0.868567,0.7517013702227289,0.7485373866232575,0.732078476017544,0.8514210565465566,0.8802647335586025,0.8897983854749318,0.9827724072785469,0.7439420797848627
2289,0.33722794,0.32569832,0.3265746,0.24928746,0.28447770716142395,0.3006822083467929,0.3148484205764808,0.27474746851593884,0.28789115168472323,0.286009353914696,0.2834869286467033,0.30667050449665806
2290,0.2958375,0.26804575,0.3029681,0.2094445,0.22621669568050656,0.2855000194092198,0.24789289099498166,0.19364617527543362,0.22215228494702624,0.22920388736050085,0.12801072193357835,0.2592468714952026
2291,0.597012,0.61437356,0.58813137,0.8790814,0.7676612305064944,0.7414219371549244,0.7359260010987978,0.862095657727543,0.8928601135474781,0.9033385614677314,0.9881474359810696,0.7480376231350532
2292,0.23953286,0.2438513,0.2704938,0.13855675,0.1901764857959422,0.2160859108935294,0.19846875854165438,0.13997143198703035,0.15786839548554826,0.19683307701420424,0.06711311975241674,0.2106048607146532
2293,0.22794983,0.23085503,0.26524097,0.13091537,0.17943710761607004,0.15675974729580583,0.18123201006186856,0.14434609077685118,0.17053490278985906,0.19183016331809224,0.06385117779937297,0.2040302262042774
2294,0.6106526,0.61650455,0.57738835,0.85381734,0.739973692209787,0.701437050194589,0.724290174250535,0.843071079928061,0.8891774678966422,0.8708505176472515,0.9900602481000498,0.7357551172696529
2295,0.26201805,0.25975567,0.27957082,0.15130046,0.2029040951508941,0.20198646450849797,0.2184859368741005,0.17008244631229383,0.16404451151054694,0.19759224155941588,0.06625786218248365,0.21831997931562813
2296,0.5859515,0.6074987,0.5783622,0.86728334,0.7424340278093788,0.7105850691503234,0.7053363599924329,0.8379790641309922,0.8835283451081212,0.8814416187898958,0.951990044005665,0.7341997281002403
2297,0.5712034,0.58076346,0.54742205,0.75630486,0.6591820030035962,0.663521582159371,0.6592179079730764,0.7479179644300289,0.8441833921280717,0.8238097084310484,0.843473131873138,0.6904392817644902
2298,0.30053392,0.29051232,0.3222737,0.28499356,0.27964160560738466,0.3046779448836915,0.3029173696509586,0.2605509645761656,0.2956828958466242,0.3206741780487231,0.24542474257310185,0.3077208457037287
2299,0.3634537,0.31354147,0.36509007,0.28888112,0.2269030930878381,0.2371637166921336,0.2966413414714605,0.22530279812565573,0.24057262483279046,0.2515433408542641,0.028252640542173135,0.28902390592242827
2300,0.2815333,0.2661335,0.2887479,0.1448576,0.191274959780454,0.25742492009969503,0.2063495445493496,0.15616919954826206,0.198257032197139,0.21628379497833436,0.08923489416675315,0.23534026251764256
2301,0.26166192,0.2648008,0.2830796,0.13649066,0.19201738152427705,0.23417950312748817,0.21422056098423087,0.1534318844512586,0.17802027422536476,0.2071576954667269,0.06959817737849189,0.2245429626732025
2302,0.32931894,0.32869974,0.32869032,0.24934109,0.2766685205987682,0.30670086734110064,0.3175857892069123,0.24070913502163105,0.3031820658569078,0.2871103083064425,0.14359674634429162,0.3071457528608332
2303,0.21811056,0.22354528,0.25826746,0.101477124,0.14862919346596523,0.14717504971426437,0.14855111955911474,0.09919894600256635,0.14293339630634927,0.1592581764158009,0.02170127406771475,0.18115146801698517
2304,0.24556789,0.25244483,0.28070247,0.15982357,0.20762602497661392,0.31424653528334245,0.21197968194837583,0.16547403689185694,0.13167224102066583,0.1666712976649629,0.03347157120174497,0.21077175064625275
2305,0.29228073,0.2870102,0.30564827,0.18746449,0.20738279536502496,0.2854667687952509,0.22786980129071882,0.1714700471800188,0.19638983785610536,0.20135361542901947,0.09086613085374383,0.24306807079661102
2306,0.29508823,0.28933272,0.2876553,0.16284803,0.22255985745223644,0.2529373245753767,0.23122873467430455,0.18879947784489004,0.2116700770538941,0.21811449711740666,0.1485654340861507,0.24840541719084155
2307,0.3418153,0.32779413,0.32421082,0.2650439,0.3354539182214837,0.3357185881665424,0.328363019905228,0.2857907363225454,0.23894237858949713,0.2512107506864586,0.4835145570380406,0.29362649557965326
2308,0.29609814,0.28666902,0.30006084,0.20734005,0.2598491245277729,0.2858678800565627,0.2828348719640498,0.22897007562133834,0.22268712068121282,0.24662784393296572,0.20047155002778774,0.2655062554876968
2309,0.6135806,0.62840754,0.5912581,0.8883683,0.7628648239734456,0.7639616244358669,0.7333818305981163,0.8657389546903413,0.9017358140635879,0.8992289217895202,0.9909280166756039,0.7526793705104654
2310,0.37014332,0.35344595,0.35467058,0.2966719,0.304442270388088,0.34199781219017816,0.3344930312893781,0.29637081483041267,0.28321588952235677,0.2918998765335123,0.2736821221762417,0.32347587687103435
2311,0.29929173,0.2725942,0.30610794,0.19554755,0.21592023069494753,0.27965482471708025,0.23171065232898352,0.17695583187142358,0.21256970377905554,0.2318673819708786,0.11161042700956929,0.2536443816873452
2312,0.36334628,0.3370185,0.34489456,0.28402933,0.3257826454587078,0.41977463393461634,0.3350617524683209,0.324778828835864,0.2913245301993549,0.31859102824397567,0.29042770157736275,0.3302501445475334
2313,0.3251918,0.31996423,0.3267898,0.24170104,0.28532925846135887,0.31485955360985385,0.30627905778096964,0.2640039594281218,0.2427600531402787,0.28291004126904273,0.1559555065155303,0.293350387353151
2314,0.32033843,0.3168729,0.3176041,0.21659093,0.27986410834620185,0.2864695495729747,0.27121150940921573,0.241448404169335,0.22288080954063388,0.25645582685038404,0.14452154814847928,0.2744263663083291
2315,0.561376,0.57644457,0.5510626,0.7884676,0.681865693041534,0.6363824563859997,0.6208851869270196,0.7492955486822914,0.7491744016278982,0.7317127044920337,0.872297292425225,0.6503243605141662
2316,0.3219444,0.31727245,0.30821043,0.2571431,0.2939485328714496,0.28732265996104134,0.2792546707322381,0.26908773360623855,0.247610216429696,0.27108401940057936,0.2754202323900919,0.2854728174734063
2317,0.34613076,0.3338651,0.33974233,0.2897176,0.3041440510706547,0.35590499817994214,0.3173509073873397,0.2822090513227923,0.2675672501001432,0.3059941963026054,0.16119419418048914,0.3159375862985515
2318,0.5767865,0.6044202,0.5798593,0.8743278,0.7531053156201749,0.7264667856061012,0.7191058508236233,0.8450266849174817,0.8820443535643372,0.8617695196028435,0.9734418164610371,0.7301185992273231
2319,0.33827242,0.31461257,0.32837173,0.22946009,0.3283753411986116,0.34870370225375746,0.3257628279349498,0.30450026980755523,0.31480372006261403,0.3216079363436989,0.31427150090613215,0.32301970837599125
2320,0.27595446,0.28127557,0.2994985,0.19152084,0.21089439754745198,0.2862189342005072,0.22504995622858398,0.18920048356794208,0.22836014406799335,0.24924591086925907,0.07875555140975435,0.2558821389467929
2321,0.34788352,0.33207577,0.34212318,0.27481776,0.2968121179211911,0.31204523002259166,0.30571000304916496,0.3027169516802216,0.30090831492568365,0.3079310323771195,0.24477842573300573,0.3182296051144994
2322,0.5774422,0.59282774,0.5500022,0.77447027,0.7090653672055661,0.6702437010945658,0.6751537653173029,0.7805094232106308,0.7601473599578079,0.6934049876810346,0.8940703184352333,0.6615897556053735
2323,0.29948518,0.29178685,0.29932576,0.16985211,0.2151224555236459,0.2370690521508597,0.2554514226880319,0.17801051026219583,0.2392312994648064,0.2532074240622598,0.09741742371769044,0.2665414931930538
2324,0.29269677,0.29914325,0.30800876,0.2045232,0.26433368786596495,0.3209700697323598,0.2791077429652528,0.2461614738285383,0.2412668117700699,0.25933117834617425,0.25302309619139735,0.2749249279553645
2325,0.6401317,0.6505878,0.6085631,0.8996342,0.7682844216689636,0.7877560629331763,0.7483893704963125,0.8694533449102344,0.8953753088090057,0.8978043859555476,0.9889979045896323,0.7617489949295219
2326,0.30519277,0.30328336,0.31805426,0.24688399,0.25197799586477865,0.2880479379633222,0.27303934323600926,0.21901827103576837,0.26154187846355353,0.24839260004729447,0.08025652637525463,0.28354760575697235
2327,0.281351,0.28861704,0.32117027,0.20548436,0.22845991257188825,0.27014803518916203,0.2660952226439539,0.20425758458806148,0.21172685796162946,0.22284601638343632,0.19389810908029242,0.2586629559780056
2328,0.3568719,0.33750346,0.35743365,0.3249188,0.3159611777140373,0.31773994012872014,0.33901585697171494,0.2981381427261822,0.2874950096127903,0.3159056867171664,0.29063068083333327,0.3259023004188165
2329,0.30624312,0.2996536,0.31797838,0.23279662,0.2632260321916575,0.3551805791466943,0.2605402672101802,0.23356284424785448,0.23467357218625437,0.28088280005574695,0.16587688772250536,0.2816348413349129
2330,0.3649678,0.36659005,0.36799175,0.4173371,0.402226359152014,0.40608942613125,0.36335032834879094,0.3812394662750603,0.3457534436463595,0.37162549990239924,0.6244374078117401,0.368356743376502
2331,0.3178818,0.31958872,0.340062,0.23134513,0.24923303709194009,0.3009529917189159,0.27017181244844596,0.22461254566884095,0.24751411609669738,0.27341957199956035,0.09095580765257566,0.2860148046979719
2332,0.38292128,0.37716648,0.37594146,0.37881657,0.4045066712239193,0.3801840435070508,0.4286308481841571,0.4692294230635935,0.3859618183385501,0.3860174658729091,0.6270842116525136,0.3910969407118438
2333,0.5444745,0.56090105,0.52610147,0.7481977,0.6903738983410859,0.6800773250685562,0.671059106013208,0.7575855883085997,0.7502004559749851,0.7144523268365193,0.8650281916163545,0.6531458486025438
2334,0.3182111,0.3089031,0.31314728,0.21930704,0.2605826850262948,0.27279569510795343,0.25802752943134555,0.22158273283376112,0.23372262717995174,0.26552045160501636,0.18955652380591126,0.2742371310161716
2335,0.3354204,0.34865624,0.35370928,0.2963081,0.2709975079105429,0.3904022556343526,0.26645738014979903,0.21994868962017655,0.26470247792040946,0.2863260120892547,0.17731060885574731,0.3022248712622422
2336,0.38193735,0.43798965,0.37581545,0.3824975,0.2673489692362943,0.2955761309518792,0.3412423129327532,0.28830254287281126,0.22677255135420013,0.2395900117787914,0.13435809570384513,0.3092123855898323
2337,0.28852132,0.26549867,0.32240835,0.25299522,0.22550258310366605,0.26516047307028134,0.27275805922023444,0.20409274273315417,0.18388661476580342,0.21903568113784572,0.08052038907289585,0.25211833672351835
2338,0.30851305,0.31791025,0.33376148,0.24642512,0.27961800601950904,0.299221837339548,0.2744177002365912,0.2600901858740442,0.2621362447318633,0.3070593340611651,0.1990817899593892,0.2963957706991095
2339,0.25913316,0.26363477,0.28710207,0.16765495,0.23337182452841648,0.24799456981225157,0.22636517983335297,0.19387327177393163,0.19563715400336448,0.2129689828467083,0.20439848013313705,0.2376625469928749
2340,0.55824924,0.5803783,0.55511117,0.8326899,0.690828824487477,0.715128979612923,0.6918256142273077,0.7906077379087264,0.8563714588259833,0.8607051780511734,0.9304083747386445,0.7105813804238725
2341,0.57868016,0.59777164,0.5706972,0.87671584,0.7576741156198863,0.7065849908062253,0.7119095968925826,0.8522505395264057,0.8743639156090216,0.8811451126819716,0.9785878621650552,0.729958154390942
2342,0.30916545,0.31033683,0.31842285,0.23132546,0.2674501857657873,0.2795044882487322,0.26841530652313433,0.23067943489176237,0.24810786677705393,0.26571768512468763,0.1951631026939816,0.2793936354226262
2343,0.30245873,0.28501213,0.3014875,0.19317237,0.19581287786542145,0.23398992642265098,0.22575171039347786,0.16281574723712552,0.22317797286680002,0.23859461390007314,0.1453162334535784,0.2520272218291696
2344,0.63854647,0.6361535,0.5671509,0.7980757,0.7212421620086275,0.7588672253644074,0.716244332813931,0.8068333344148322,0.8542714183418243,0.8621039639078901,0.9506505483313085,0.7311375079070598
2345,0.30223733,0.3025533,0.31290597,0.18715268,0.25179836501136776,0.2608180686844349,0.24975319194185178,0.20707214713503969,0.2287062229892393,0.24611412913942554,0.060868750582353706,0.26500134371268386
2346,0.26674157,0.26527086,0.2851859,0.15601352,0.2089998185848223,0.2147949171366288,0.2357570836616437,0.17313483470690208,0.21418923215758712,0.23012092521750943,0.0563962620828822,0.23973161691266384
2347,0.28897423,0.29628485,0.30604306,0.21197775,0.2492923310674337,0.29330576296497907,0.2772441938047806,0.22455002153342524,0.22487124340227313,0.24394722071829916,0.21360189571662103,0.26822858987152015
2348,0.34161028,0.338741,0.34309614,0.28584704,0.2839701333161351,0.3152851757389924,0.29990061057096074,0.2792238841459204,0.24392209860887135,0.2623314468736176,0.1338038089009103,0.29829988726880485
2349,0.3232248,0.31006593,0.32007375,0.25678605,0.2563151848971425,0.3150918217375348,0.28290151370358296,0.23621446000901045,0.2683530402357771,0.2736128945281983,0.2052248854719836,0.29087033005779683
2350,0.57905114,0.60409147,0.5711265,0.83538675,0.6824223044584573,0.6996861397343199,0.6665899141006342,0.7749011775589179,0.8795241771455077,0.8769624690712154,0.8861893184263719,0.7179622948875516
2351,0.33907956,0.31075734,0.31800434,0.25942263,0.2977771063905051,0.29423302026776693,0.32390255040197136,0.274508227244395,0.25941002347938164,0.2751673557973636,0.27863074650484654,0.30105330332300767
2352,0.53721493,0.5530591,0.52431005,0.7172979,0.6267742956608751,0.6478955624368552,0.5787374169411516,0.6795293039833689,0.7257992824569739,0.7039466997439197,0.8159488414896974,0.6184492122900369
2353,0.6386907,0.63830554,0.58856213,0.8552848,0.7134782090525945,0.7547308558831558,0.693473652004992,0.7975419230589982,0.9146614617363277,0.8872859866157968,0.8991490231401829,0.7483149136974543
2354,0.4040064,0.40108252,0.36105716,0.28690213,0.31433090969271943,0.3877781427641079,0.33664080758151244,0.29190166829154623,0.326073158860832,0.3151863375826852,0.2988543406189685,0.350385430009676
2355,0.31345206,0.3231223,0.33330518,0.26754194,0.28374950821982164,0.2721915420020472,0.2944363349146711,0.2632493600569812,0.27598992813843337,0.2879485715208731,0.18652298158931532,0.30038587027276853
2356,0.3544988,0.34596312,0.33528545,0.23468271,0.2724177896037504,0.29422945395376365,0.2787338495580659,0.25002752075618556,0.27063768602751287,0.27336482606805956,0.25216359869376687,0.2997216051125139
2357,0.2431781,0.23553176,0.2673368,0.1583859,0.19658714452188358,0.20314431146737427,0.21849278822001655,0.1658644061096529,0.19547347526925357,0.21847169267835623,0.5526192532151674,0.2323005086414563
2358,0.31037277,0.31508222,0.3221652,0.23977664,0.2747303127917956,0.28561180298533173,0.30156895154717556,0.2616360702766794,0.2534277469313905,0.2584694934969952,0.20667828016439072,0.28559304555127657
2359,0.3521703,0.37179872,0.35793856,0.40793857,0.3774072817297104,0.37850848415777494,0.3434068010938097,0.3887246191341173,0.29841852246774825,0.3086979930795905,0.49261347256661453,0.3400467274985649
2360,0.35988855,0.36092097,0.36011428,0.3046557,0.3150059472973433,0.3404155551930562,0.30537348139519854,0.3040048625676032,0.27192283426731834,0.29369981554438207,0.2279598077336939,0.31799195606464414
2361,0.3407604,0.34434852,0.33610073,0.29637176,0.31340657036084163,0.2940431707393722,0.33262135792336184,0.32115553562250615,0.2780597457722185,0.2676803692762587,0.5118480274689177,0.30961603219023737
2362,0.4913699,0.48501796,0.4733767,0.5810269,0.5031418844185312,0.4481174925283691,0.5425473634363283,0.5475140050197417,0.5756331081146966,0.6100452257558305,0.6662509111053991,0.5343440602747732
2363,0.28788108,0.27417627,0.2937093,0.17880405,0.20998528492656937,0.21477215792643137,0.23528561824144179,0.16959494482753162,0.21113420332193505,0.23554432157923105,0.06277729701350794,0.24659660720942841
2364,0.31176296,0.3264248,0.33450758,0.26859766,0.2990292732674251,0.2653948334958773,0.2802721215534467,0.24657042094740822,0.24074738549512126,0.2418103921825193,0.32154467679009446,0.28008525861258904
2365,0.33897513,0.36149305,0.34537444,0.30443138,0.3480490116991104,0.3597481534360928,0.33859497374208375,0.3182796828619827,0.2704652660189552,0.28020266166650637,0.3524541884434405,0.3164835010618948
2366,0.34800398,0.3318084,0.33800507,0.3217572,0.3265281975840086,0.31283306897529806,0.3560736273329671,0.3479135994991125,0.3463783317945866,0.3351570549292422,0.5009542277251549,0.34246983006499326
2367,0.22996517,0.24074331,0.28417915,0.13003838,0.1727543924863972,0.2607455760279166,0.1643500512138912,0.11582276020819782,0.13231531737359087,0.1644964120456895,0.008913275469217052,0.19450756025250904
2368,0.22359037,0.2468256,0.26484737,0.12042161,0.1589901715386075,0.19637224527492447,0.15042987911774203,0.09695922985128046,0.09842650487368479,0.12463146235471671,0.010778071815919565,0.17091026832768846
2369,0.30929652,0.30479473,0.31341767,0.2630109,0.29034879247997974,0.31798753800968116,0.2744898299702881,0.26736581454356456,0.2517696301425111,0.26594029475526243,0.2422098421447545,0.2880729395435996
2370,0.4035613,0.41277066,0.39033172,0.4324308,0.44625523188594957,0.4419995366085715,0.41688312025671487,0.4299665862948533,0.41901563191130264,0.43598163107814003,0.5221065255056164,0.42057535861712675
2371,0.6467617,0.63683003,0.5833395,0.7707794,0.7137705991667864,0.6939659428617706,0.716140605961711,0.7857021888144309,0.7579418449454998,0.7309152514178854,0.9094277202879948,0.6891297067441949
2372,0.36735573,0.33686873,0.36056918,0.38456574,0.3206815006697695,0.34522678513588184,0.3481804968918462,0.34207532332892915,0.3670625542648417,0.3356847077362223,0.302466005861728,0.3520155447012801
2373,0.62525463,0.6297484,0.5907068,0.8808657,0.7533821282841796,0.7451656977811246,0.7193040846132321,0.8463835063782099,0.9155003217063683,0.896271421150637,0.991676479669812,0.7534730783400103
2374,0.27507335,0.28534338,0.2939809,0.17737469,0.22217139071592817,0.267794752671838,0.22047719142604943,0.18427288148077053,0.18113271146847015,0.2285166500246402,0.08048099545081469,0.23930873319992502
2375,0.5659354,0.58901185,0.5610569,0.85593176,0.7418028087753415,0.74224051163009,0.7014657410562999,0.8390473681164068,0.8692470593725936,0.8700992475530909,0.9590998572213509,0.7216318465867191
2376,0.32356155,0.33551568,0.336113,0.29573768,0.3213918656994258,0.3111741844190293,0.29507887845417724,0.28083566887854633,0.2568262885808016,0.24994046468164416,0.41404854762230847,0.29416560543036285
2377,0.31341663,0.3140936,0.32311922,0.2528251,0.2982407990081432,0.2735629948960549,0.27979804532961705,0.2625549237700021,0.24378177321402136,0.2680968359141721,0.26890831123250214,0.2854972166967239
2378,0.293616,0.29020485,0.29363856,0.17277992,0.23225709636789799,0.2336980532996183,0.25658525489322026,0.20555471447213086,0.21191433988339456,0.22804847443586107,0.1836947750171083,0.25213152453884125
2379,0.34729743,0.34410992,0.33708993,0.2683963,0.31007006888535654,0.36277038888735014,0.3301888124323627,0.29203826405927297,0.27586480811232966,0.2935788356705819,0.24414738911265238,0.31597713267985994
2380,0.29114154,0.2928666,0.31946322,0.26108262,0.25450203958140016,0.2814376966169575,0.28198388062805346,0.22553839014988902,0.2455463735663682,0.28353296706008824,0.13035951634935097,0.2806875173614286
2381,0.30693203,0.31827474,0.32308313,0.23695771,0.3140550705669284,0.4243963404025425,0.3215479418235543,0.3147882936529839,0.22829075766409726,0.28427341615476,0.4109829266447515,0.2969954593651286
2382,0.27871296,0.27871934,0.3027711,0.18243015,0.21336044316065647,0.23312956540600432,0.18852348666392044,0.17713469406023588,0.19281284797750842,0.21874030526684712,0.05822466993773984,0.2331268974601084
2383,0.24384645,0.23889533,0.2707964,0.1404436,0.1810185594130181,0.28715571941256784,0.2236747824681861,0.14803172380719848,0.1602650074977789,0.19719043184133755,0.03817359692457793,0.21894592959043496
2384,0.5894034,0.60422814,0.5776583,0.83175117,0.7130663170045333,0.7119735412927727,0.6858963565715231,0.8067876088227124,0.8738157442617294,0.845923160219546,0.921564226009332,0.7199521270840991
2385,0.27750587,0.26340365,0.28646165,0.1571205,0.18791613454254258,0.19424881460570148,0.22901454029037915,0.16614168456487705,0.22947909693627827,0.24345696677239329,0.07013374636724282,0.24571260385903013
2386,0.22403593,0.23199359,0.26977414,0.15049668,0.20062540359766268,0.2256040166720698,0.17968817466241688,0.13855717785023725,0.1398178110716199,0.17255987523477717,0.06748134179572804,0.1998340948584364
2387,0.3057363,0.293969,0.3130836,0.25406098,0.22792271038272477,0.28525282453557377,0.25983292678455505,0.2027253233824573,0.23302965820627825,0.24717454619146667,0.08416461840373457,0.26742104255232596
2388,0.3597764,0.33229786,0.33036718,0.29616365,0.2543601568153092,0.3272960487390703,0.32905190356296615,0.27088363070672533,0.3027209942866582,0.2931824640160491,0.33026060516556976,0.3202220163038606
2389,0.6113738,0.62211573,0.5859911,0.857652,0.7276520729236003,0.7408073853681812,0.7320765879795491,0.8320105730844516,0.8757361632404699,0.8573098140610373,0.8940193333882565,0.7333496011369713
2390,0.5697173,0.590094,0.54621,0.756549,0.6671486367752429,0.6408052104985617,0.626079422572928,0.6914361587025762,0.6749094629721876,0.6404078375816453,0.6467147536269845,0.6157778254367734
2391,0.29471138,0.2956985,0.30817738,0.20986943,0.22471414204346946,0.2496426899904456,0.2550661500484498,0.21411242597247107,0.2337754753123674,0.2524887372587596,0.08859124330264577,0.2641631369253714
2392,0.32609025,0.33069828,0.3259263,0.2701258,0.2791091951514231,0.3166881093898691,0.287832383341872,0.2781046906976817,0.2689747304488771,0.27045022619460246,0.3429188987548112,0.29674102365504446
2393,0.30274406,0.29172978,0.30589277,0.21110335,0.2779863077595664,0.26655153762616424,0.28618060955283875,0.24806268678387014,0.23371625653587028,0.2441776833680398,0.17076122269294922,0.27258174104984
2394,0.34416112,0.3306071,0.34068966,0.28819174,0.30310652919284264,0.2987947638685335,0.3067888444494353,0.2647371145709529,0.2993943310395388,0.2966614220038934,0.25424924795118875,0.3138924360302824
2395,0.29621464,0.29793,0.30491224,0.21371858,0.20475496377074362,0.27741510687736043,0.25373675298308784,0.19729012565815912,0.1885669418226013,0.21133763659849542,0.11146917589306109,0.24602805339600647
2396,0.33503792,0.32302293,0.3198127,0.24026065,0.25756206674866416,0.2684168194543797,0.28592699196156796,0.24334521703251882,0.25715439211013724,0.2616551945212076,0.18327437180725129,0.2868662271688008
2397,0.27255467,0.2660038,0.2844984,0.18666376,0.223401349203941,0.26537589623624674,0.25068842949385584,0.19941928011713633,0.23056029980974335,0.26063257279301244,0.2474743050335003,0.2609792857589074
2398,0.35196683,0.3158987,0.3502872,0.24615821,0.3108495810214913,0.3739789642255932,0.3159371037621857,0.2703592016912137,0.22686124915171998,0.2538687269823262,0.2214330779463071,0.2980354310637212
2399,0.3909513,0.37478864,0.37195748,0.32969886,0.3381296668679018,0.36236715602456515,0.337448068964824,0.31988633622259344,0.34216095797787327,0.34298827416297184,0.3942272711513098,0.35913489042344066
2400,0.25971782,0.26747078,0.2953428,0.17971465,0.22711629370322822,0.29752653171019905,0.24991724460336298,0.19647061261873763,0.23532584790757052,0.2598330252286324,0.14304222594994526,0.26143527528317484
2401,0.57355917,0.5836223,0.5549768,0.7727099,0.6958424182332438,0.6944761695818064,0.6747404747276016,0.7454338286779836,0.7178870673775157,0.6551208310111454,0.8455210369104892,0.6434991840548017
2402,0.31060147,0.30146703,0.3253366,0.2727754,0.24222253324008483,0.29872275186088604,0.27177303454013346,0.20974832160777498,0.24468050648260728,0.2841564983529079,0.13610622856472243,0.2857865334699056
2403,0.56216586,0.592548,0.56009054,0.8387553,0.738209124739299,0.7060842659812108,0.6826872568952629,0.832310852250316,0.8287202474795997,0.8175863886753975,0.9757022423326139,0.6998061814721908
2404,0.3042327,0.29157367,0.29679143,0.19804926,0.2382930415965634,0.23875306683080968,0.2714271957588645,0.21387007421174023,0.24245306798648864,0.26051268797284755,0.1793455978367255,0.2713524546593212
2405,0.2779937,0.26304308,0.29216075,0.19246027,0.214028581269198,0.1881142235630237,0.23737877785507244,0.19185282275781698,0.2391165099030701,0.24861728385229634,0.10773948203324486,0.2546073125094078
2406,0.34877318,0.32195503,0.34310967,0.26562905,0.2843517948076331,0.2928421702751143,0.3013570378504367,0.2697127345484509,0.28592268782768443,0.30008347615463293,0.2022709171760087,0.3103103753524786
2407,0.33394772,0.31709707,0.32598704,0.24996309,0.2647512747491326,0.29419170906371656,0.3218359283180547,0.261522300934658,0.3107974607947094,0.30842277646383537,0.24489528851141956,0.3133446092260776
2408,0.55697477,0.5887188,0.56159985,0.8005311,0.6822485458778059,0.6764204744282859,0.6247521005059087,0.7602800500101601,0.8293226885240985,0.8248775503992318,0.8932863907627615,0.6849604413696848
2409,0.31853932,0.30121055,0.31038085,0.20448232,0.25616220904209375,0.30678822525115784,0.27748338266633654,0.2306996356330778,0.2019405471837235,0.22392523899761274,0.19678060228785513,0.2614212506777166
2410,0.5909557,0.59257495,0.55269396,0.80352676,0.7130374331217795,0.6923521441856193,0.7004412255737544,0.8150744811948334,0.8704510084965593,0.8593954682243578,0.938242403321213,0.7167080370895043
2411,0.32009414,0.31150842,0.3204331,0.31091923,0.3225574013681931,0.33387415352917504,0.29324687339768557,0.28464008106163347,0.27630522439840305,0.2826995632385322,0.3310355259277924,0.3040460210259769
2412,0.62499905,0.62315714,0.59232205,0.87574375,0.7599477512556307,0.7713423942801381,0.7305273165615869,0.8661695126377589,0.9040489832246628,0.8828067181778316,0.9607614926399192,0.7505539406618674
2413,0.25680193,0.25807065,0.2773989,0.1660016,0.20061154173306278,0.19419815862974127,0.22713250995638537,0.17030763404956,0.20404193207003765,0.20732484750980512,0.08325826019591072,0.22744765765216984
2414,0.32869405,0.3229539,0.3220181,0.26760635,0.2685199098092451,0.27145799156027034,0.2726866799999989,0.2370360689344299,0.259702232660456,0.2782230579485219,0.1402546247464936,0.28902900684388505
2415,0.2798069,0.2850365,0.3110133,0.23134212,0.23875889648451917,0.24979839893460598,0.25186022674787856,0.23535862262604995,0.2546198103505085,0.2729964377217238,0.1749804739559128,0.27401179481868077
2416,0.6048964,0.6186635,0.5829729,0.8771887,0.7589110364803952,0.7571485730143969,0.7280509873726069,0.8556301931230259,0.8946784768875071,0.9022808038597114,0.9864824884133861,0.7490727194144343
2417,0.33763722,0.33451122,0.3294758,0.28649062,0.3375415373259873,0.36418220863575396,0.3349989780132264,0.3255892216853228,0.2766953088841134,0.3020702043429335,0.45333561874115685,0.3171899204934706
2418,0.30460942,0.30566397,0.32643995,0.24135752,0.2804854405849979,0.32533750249553817,0.2983277192332071,0.24992601447751867,0.30868209738431124,0.2863507329669397,0.10906762794257827,0.3068535307198588
2419,0.400448,0.4154264,0.40050715,0.47158065,0.45627478883230294,0.4390061542282139,0.41545565392793193,0.4416059659307119,0.39985466308653367,0.4018120114998833,0.6465315745125693,0.40985522336724045
2420,0.33017763,0.31040382,0.33149797,0.30053136,0.26356714338137033,0.2747670526035158,0.2931970417842049,0.26003424060911634,0.25554666893787104,0.26734830249451386,0.10325546833137515,0.29192440597258784
2421,0.54268664,0.5697954,0.5417808,0.760203,0.6965728159915068,0.7066119480083473,0.682648798107172,0.764936536913823,0.8610489339087504,0.8671524138493242,0.9183991480801164,0.702561037793534
2422,0.28018957,0.2562433,0.27299947,0.13450041,0.20116487132096877,0.2297229474420825,0.24620966915093428,0.16641651674433333,0.2089576057158073,0.23238052436281437,0.05530787724006604,0.2395667643697818
2423,0.36815637,0.36423832,0.3623575,0.28103653,0.29739488707974393,0.343284081226364,0.3130493509322422,0.2617506805452251,0.24432727336704269,0.2732588344626954,0.20923440592225698,0.30622900702145733
2424,0.61613846,0.62030476,0.58407223,0.85709554,0.7479705011325974,0.7493358549019217,0.729318148264292,0.8463480718392649,0.8682658920421366,0.8569268261745794,0.9665641853847067,0.7358034585174835
2425,0.34508675,0.36671945,0.35109147,0.3112243,0.3606475463220514,0.3510949168560532,0.33617443411501047,0.33302238822278923,0.26431637875263075,0.27338522432027323,0.3642812351624554,0.3148279652469016
2426,0.60416615,0.6231488,0.59081495,0.8908497,0.7605536514287098,0.7517973544422045,0.7146823599164437,0.8541211471625122,0.8666537341223005,0.8638121340385163,0.9852684421807696,0.7363239279802724
2427,0.2630145,0.2669537,0.28269386,0.17071171,0.2094902022831954,0.23692552837868774,0.23097572300542138,0.180714579011244,0.20810848914547794,0.22162248877118382,0.16499329750416125,0.23911573119839682
2428,0.5959573,0.6147496,0.5739524,0.84606725,0.7311013755777942,0.7227259667703394,0.7082093987811904,0.8245288273650109,0.8725927908900951,0.8658853409154826,0.9418703702116353,0.7295428756401691
2429,0.59276164,0.6060258,0.5814563,0.8643901,0.7323383018444379,0.7453255689774203,0.7097462931451671,0.8208932280320352,0.8927670057160852,0.9010923122815022,0.9514273039071899,0.7403584665813382
2430,0.29597777,0.29948437,0.3029824,0.21866803,0.26763612319253116,0.2338956873724928,0.25490486637711196,0.21736587024251186,0.22513176060063084,0.2435889888253761,0.18997882977189287,0.2638792583987618
2431,0.51108223,0.5311276,0.5163461,0.7106311,0.5971354115821653,0.628586741002964,0.5368714973373901,0.6539335321087338,0.8229619100903779,0.8045354731007762,0.5558050295351503,0.645475719997232
2432,0.29671437,0.30565834,0.3172128,0.2286828,0.2732671794063172,0.2797287026921528,0.2891726040664031,0.25000231447538457,0.2197976765927252,0.24685621304915176,0.15226759775568052,0.2745255365788623
2433,0.337201,0.33493465,0.3455223,0.34404463,0.3426781649992167,0.3513441347791121,0.3815063872838498,0.38110947779220844,0.33626649949219545,0.34631042960378877,0.21454390602814044,0.351100182865579
2434,0.5757085,0.59204376,0.5449746,0.77177703,0.6870211337327861,0.6999253832191021,0.6479776643046368,0.7410201005801144,0.7522534242330385,0.6553005257587965,0.9043024639326932,0.644358831277394
2435,0.30431327,0.29541335,0.3092637,0.19392896,0.23793643404920167,0.27147633911914154,0.25028369627148395,0.19998768324319732,0.2121465389996128,0.24286954616097828,0.09418655676077314,0.2638316845698736
2436,0.556463,0.5898999,0.55836517,0.8253161,0.7165699755020758,0.6245903245214984,0.673919827200674,0.7892332216482567,0.7822148681347187,0.727218346150594,0.9029317721462586,0.6681398650232181
2437,0.32355475,0.32821053,0.3308607,0.25241673,0.26522887288801406,0.2918248750491973,0.2852333960421283,0.23452546420713632,0.2638627534576443,0.28479005861564827,0.13500609497637828,0.2898042802283451
2438,0.34292614,0.33950406,0.3416944,0.29767346,0.31066675918977527,0.32630268748239166,0.3171814762040669,0.2970206283185165,0.2760813081742455,0.29567243137250987,0.22669401078605222,0.3158461728374365
2439,0.6504802,0.6650266,0.59644043,0.8493201,0.7618747118064906,0.7478806221207475,0.7408910951651755,0.8607673678183559,0.8816340053860678,0.8878230806071585,0.9751348724421911,0.7563650189256872
2440,0.36082894,0.321731,0.35539356,0.25770897,0.2531681230861441,0.36901241899451676,0.28617476267411474,0.23831652658189056,0.26049138589534476,0.2938199670936802,0.13089336739332194,0.30620622936604885
2441,0.30035567,0.29840386,0.3168942,0.21943617,0.24887213478958067,0.27523594638543425,0.2768405388561074,0.24131601545980738,0.2588503033567648,0.26191754870766887,0.18325575800034266,0.28025533510699974
2442,0.33492914,0.3336975,0.3332795,0.2385077,0.2920510261404465,0.3024065250745133,0.30918819454776547,0.25704848680101433,0.26479207258328546,0.2949279769265299,0.25940954270581446,0.302105825828708
2443,0.25349993,0.24440368,0.27324405,0.16807663,0.20945766432058113,0.21402883026549957,0.2163450989819431,0.17749037778367355,0.1979264995209598,0.21954437962557466,0.09665296925424322,0.22970879602733402
2444,0.27437836,0.2706262,0.28977102,0.18125314,0.2054160051108022,0.24991676807083021,0.2190930948049758,0.1827123984589038,0.20034644935555596,0.23511683711197023,0.10057348668916681,0.2417499568289644
2445,0.34152982,0.3280193,0.33280286,0.23981586,0.27566153298219287,0.31038019522208327,0.2958960440604195,0.23433794500673794,0.23010199593662906,0.26002754225853647,0.12116876807840656,0.28493201667405715
2446,0.325198,0.3222568,0.3278759,0.24898425,0.28975806769253304,0.3405729263922079,0.31212546873984276,0.28321179375159067,0.29205292435192903,0.31275030275490456,0.23089961761358796,0.3143787177852901
2447,0.34361735,0.36666209,0.34116727,0.30371326,0.2583173709764785,0.3692343832839519,0.2796320157744921,0.2697890713487767,0.2914267413553705,0.32557425149143693,0.20760087207939235,0.3181971398146106
2448,0.29251513,0.2959057,0.2995562,0.20909229,0.33515563386836283,0.33560731406903976,0.2966764785563443,0.32533065511153,0.17200941335629114,0.18033901139939787,0.3112782300667953,0.2576965120192943
2449,0.2520283,0.24721567,0.28086132,0.15961054,0.19698262673725728,0.3021376859507433,0.21870095648053994,0.14993765571351308,0.15259290474428922,0.19804115817625328,0.01711207283212842,0.21858597123753523
2450,0.565977,0.59485084,0.56867975,0.8711206,0.7425335864772132,0.782012084095673,0.691117980795163,0.8384527520715765,0.8314763295576165,0.8363660945487055,0.9765608759886952,0.7095144326306768
2451,0.596396,0.64561427,0.5894477,0.8260314,0.6866583794498629,0.73583812964572,0.6399390924619824,0.7404037776399243,0.8613682235111687,0.8709987979992928,0.9141092444279438,0.71598359355282
2452,0.33329684,0.32658228,0.32772118,0.26599425,0.3084332952812959,0.30740977871629294,0.31339078502727014,0.2937409215397146,0.2589163809887638,0.2659958016960703,0.3076890082339105,0.29742538716982486
2453,0.31546554,0.32899734,0.35266683,0.33494794,0.28165931559842444,0.30433950865490267,0.28524183023058935,0.27534735489851336,0.28231121200589937,0.2998127489350101,0.21448932704520374,0.3093209359702135
2454,0.31228384,0.30476943,0.3148715,0.23188171,0.3057125553369363,0.3395655243144495,0.3258314531092735,0.29577808853511234,0.2634721616599945,0.29190581497043827,0.18335402578753618,0.298952620972111
2455,0.3308668,0.30816144,0.31336254,0.18697658,0.2184056937559314,0.22804904227454972,0.26385855505153577,0.18637000718796043,0.24457741022135893,0.26719488606724123,0.08906398739993047,0.27320258961746735
2456,0.3263283,0.32000837,0.32720155,0.27052742,0.28469901400668834,0.30713212513180416,0.2898960518842015,0.26642055414248195,0.3004847650501399,0.3257576084522607,0.18112492912019146,0.3131107258395733
2457,0.3925794,0.38374358,0.37149924,0.34970048,0.43117471724879497,0.4810274704763624,0.3893587915746787,0.3801905753192939,0.3495678706859455,0.35190242333352095,0.5277988868125982,0.375588059878348
2458,0.3415131,0.34530067,0.35544968,0.2822081,0.3409623714147316,0.3332600920398205,0.3407685213495576,0.3266359400023876,0.3410214968184241,0.3561861229681925,0.3202051649177838,0.34339837259793704
2459,0.2512347,0.2498044,0.28221932,0.19384566,0.24273519455432507,0.3274020205521144,0.28127237968680907,0.23240090002711025,0.2721376815969112,0.2674528869070425,0.2783027618183057,0.27101460558097296
2460,0.30565006,0.28220832,0.2964602,0.18689519,0.2328154068587538,0.21857134014127375,0.26160741611670196,0.20736294616052303,0.244363106402883,0.24874869652527626,0.11986716280333871,0.2684595062220267
2461,0.35400704,0.34592974,0.32854673,0.23171075,0.3021958937578103,0.31071022525127884,0.29509061635721234,0.2670911320231223,0.27219488014233084,0.28400594849793503,0.128588961561581,0.305663003308287
2462,0.24428204,0.258094,0.2774747,0.15119256,0.20747947742982015,0.18449489686935988,0.2094017135273991,0.17033407809552806,0.17090362030786116,0.18524256684540466,0.15248973770392993,0.2154814341206511
2463,0.27979153,0.28671572,0.29156512,0.16077259,0.21866597221003148,0.24439553097168476,0.22575432518822244,0.1907493154417749,0.19240236801971727,0.20107085966972113,0.06827246154288202,0.236362128179763
2464,0.58770525,0.597333,0.56705344,0.7864097,0.7124209919707469,0.6907945852249943,0.6835608936823767,0.782412847455832,0.7675765092564206,0.6828438005329784,0.8670005626312903,0.6672911258143535
2465,0.33949488,0.34257412,0.3413561,0.33011842,0.3607224799390224,0.3681490523381311,0.32453837610428965,0.33512583618429687,0.23844571518031527,0.2731316227176167,0.3721977432235934,0.3137203045445115
2466,0.3670129,0.35709488,0.3564806,0.34060228,0.35226211196682866,0.3462793953546136,0.3643267277367893,0.3530417140749627,0.371633011038904,0.3569247039598616,0.541562970876833,0.36089490323771684
2467,0.29506212,0.28177273,0.32458204,0.259458,0.2283595476705127,0.2631145423484874,0.2573915107510563,0.20649050716984713,0.23381124078344567,0.25206498920747206,0.053272207993188256,0.2675866631284073
2468,0.26261514,0.26353112,0.28440493,0.17156725,0.20688828832737177,0.15077219083866716,0.2080617931031214,0.18211465439036711,0.17595980834189687,0.20300007675583073,0.11986024059243357,0.21960137523909223
2469,0.56347483,0.5746093,0.5464249,0.7243322,0.6858876640754993,0.6535587144555791,0.6454213047935018,0.7153457639024523,0.7251380218369767,0.6321369440452258,0.8849434698375994,0.6329044785416558
2470,0.24720907,0.24371676,0.27360094,0.15317956,0.1784048236353863,0.1829644037132884,0.21069199328749688,0.15151463220434308,0.19824338069629954,0.21540595744216237,0.051250651020002945,0.22533328880693193
2471,0.37674662,0.40640125,0.36357492,0.32428855,0.3406558210417883,0.3927881500614789,0.37355432706293346,0.3418457384207593,0.32666015278868477,0.36990458011551397,0.2739751977146758,0.3653219147534693
2472,0.63861996,0.61098397,0.5841451,0.8033633,0.7151730826408782,0.6640364403783053,0.6794451480154317,0.7757986521040626,0.7371578308874781,0.6866588747420248,0.9427222492171671,0.6650817772455668
2473,0.64514625,0.6648072,0.587882,0.8062642,0.7564377368657761,0.6861205936463535,0.7207210566468891,0.8435732356424717,0.7603409525341841,0.7446456319732562,0.9501165442703743,0.6972641480396884
2474,0.35001296,0.3096599,0.36054888,0.2902996,0.2585436055147331,0.3191645189871526,0.31947520168650995,0.2616305425580752,0.2721423031016572,0.2916289291237776,0.11509125533526406,0.3101653709813581
2475,0.25498253,0.26296982,0.29144973,0.19203855,0.21893842520050075,0.23288211125741443,0.22383154818759574,0.18766539828207443,0.21435862855970406,0.216138756670542,0.12647533871589928,0.23950847768661276
2476,0.31035262,0.30573523,0.31211612,0.21965787,0.26915722837356953,0.31877592818288064,0.28876043610494756,0.24053380996117482,0.2718075283189491,0.2869605330657314,0.19190715592821023,0.2923519739493189
2477,0.31970873,0.3274215,0.33815002,0.30695572,0.3130201590098407,0.31353706191705977,0.3011838332444385,0.2908525794399854,0.27888247550693696,0.3002185468064107,0.26480801180962343,0.3098957755962586
2478,0.35436496,0.34484717,0.3375555,0.33563608,0.37126099695202475,0.3549789932709346,0.3732375993119724,0.35337558796619506,0.3205548104492949,0.3301980723124478,0.3232210765652179,0.34103239403164565
2479,0.28635246,0.28360432,0.29281208,0.17704983,0.24981123771993774,0.26752358640435697,0.24853500308822957,0.20879032690100838,0.21213966386813157,0.24766825267013112,0.15982027383682648,0.2570895678063571
2480,0.3161566,0.32710072,0.32013682,0.2725265,0.2887861766570055,0.3048435287839627,0.30707640672688163,0.28150363164667114,0.23138838299241246,0.27179553162962455,0.18116021900708262,0.28592388723226125
2481,0.34343633,0.33666053,0.34748244,0.28627783,0.3104481912626671,0.3045933771724153,0.29506752125374736,0.2847350879940896,0.24884576517656729,0.269743206341602,0.3024677265056837,0.3007566458103422
2482,0.3388106,0.33837423,0.33585104,0.28801593,0.2672697751043941,0.2883094203495825,0.30082586524501415,0.2745336265732489,0.2805614904768686,0.3098424794814475,0.16577958910309518,0.31111859604309433
2483,0.34131715,0.32672787,0.330651,0.25708678,0.27869194644387646,0.32485924635956154,0.32306155731467157,0.2677036816503352,0.3249959873797894,0.3349609326211886,0.1441599337848046,0.3260547822071842
2484,0.34247133,0.32195002,0.33675158,0.27896038,0.2752375930885108,0.285026845520854,0.29368639607402686,0.2616235000754729,0.28785411521937687,0.2930798436014635,0.27286429530012507,0.30646577297459626
2485,0.3565454,0.362135,0.3679932,0.30485252,0.29679908601358146,0.3523400469468069,0.3154471303430958,0.2730624482213163,0.2764801703556897,0.3141509636959897,0.2543151157822386,0.32551678509777004
2486,0.56222934,0.5761026,0.55563456,0.8107206,0.7249578302158078,0.6450705205853121,0.6622372992487665,0.7794593793951017,0.7571890540750188,0.7142782024493233,0.9321906381842517,0.6565669056627619
2487,0.6328964,0.6462394,0.5996342,0.8668324,0.7499615308915131,0.7743585575264534,0.7356152986513758,0.8480448048878811,0.8979964301317089,0.8863218684117472,0.9689037032479979,0.7563773283068935
2488,0.32691622,0.3229478,0.32477936,0.24698326,0.29482887738082836,0.37228015854795016,0.3612879055510965,0.3409135272074399,0.32181981236042334,0.3073174414120287,0.5478315341247663,0.32989669125152293
2489,0.31463185,0.31003606,0.32486016,0.2500211,0.28813524173667526,0.27539907178028084,0.26733071099911565,0.24701354641708217,0.23039088013800488,0.2514338900720574,0.2319020295738495,0.27519138540912813
2490,0.6321813,0.6424373,0.59031445,0.8402297,0.7121434845064911,0.728912198200218,0.6907497546547904,0.8007838898295916,0.8598202695145085,0.8498189545727166,0.8790716535298312,0.7309896038976704
2491,0.3320729,0.3319069,0.3413852,0.26414174,0.3167530500669087,0.2958867683405046,0.3041056016046527,0.2777808265494531,0.27059667373059965,0.31021278681738007,0.3703179585229943,0.3061233109125195
2492,0.56405944,0.5853562,0.5484406,0.70305884,0.665762187899152,0.6766225858569676,0.604976801689324,0.7084122810455944,0.7065343786842945,0.5957177443639147,0.7115663760422261,0.617487264064664
2493,0.6141492,0.62155163,0.58355415,0.87779,0.7611953586278668,0.7585416618052887,0.7371436413549267,0.8623341693271793,0.8866594294755921,0.8864332670476243,0.9872722780473653,0.7461608700809789
2494,0.31542066,0.30350703,0.3118097,0.2270406,0.2602824429361211,0.3001943920808934,0.2738278081310058,0.24712266099951208,0.2704655346343678,0.26602499619426384,0.256683267589052,0.28927044824761
2495,0.36785278,0.36912966,0.3957917,0.45902175,0.3920345332760828,0.3981441138913817,0.38937335769596915,0.39415982020749596,0.3904256556648532,0.40282335639300165,0.4802394067145843,0.3911859601530555
2496,0.3322815,0.34474105,0.31900173,0.2833116,0.3993184070936291,0.38365679405594,0.3256071112189603,0.33164365337056784,0.2800616085972892,0.28172112875350663,0.5150744098792621,0.31855331850318824
2497,0.5632099,0.5744388,0.542234,0.756177,0.6373621500286022,0.6182636819934629,0.6550978693454812,0.6993975581340616,0.7556866409741716,0.6761400290181507,0.8471107221557034,0.6407955897737252
2498,0.25277728,0.25627673,0.28851628,0.20491357,0.3038829029088905,0.27929453106057156,0.27788781048299827,0.24829312418139415,0.21768326187631964,0.22561984442245137,0.5657586204100169,0.257092837758628
2499,0.28654158,0.2912128,0.30533475,0.18174689,0.21543043197934103,0.30007724182439965,0.23960817838533738,0.17913282593771868,0.18829817258911707,0.22791791926982138,0.028919225262340274,0.2489797573006844
2500,0.35713926,0.36948565,0.36426482,0.34351388,0.35102260111037265,0.36835174446702396,0.3261805025984487,0.3318730798954745,0.31002299031188657,0.2901731344679401,0.3524724736507337,0.334633837739981
2501,0.25284347,0.25729176,0.28238326,0.166725,0.2360969424737557,0.2445274604952566,0.22249422703282368,0.19425764939685233,0.2040930055440179,0.22162648291036943,0.1340880438321872,0.23996648373856
2502,0.27434558,0.2821854,0.29630518,0.1959469,0.233179809758838,0.22011732714764892,0.22816691271095993,0.197049070504914,0.1912610277003033,0.22974271225296433,0.11262826716196725,0.24037992324554525
2503,0.3158957,0.32717824,0.3410172,0.2563087,0.22309460874684275,0.30862776442568424,0.227859823652487,0.16964456805622835,0.20337134720642142,0.24142297223216777,0.05111585265878439,0.26663169778156093
2504,0.319482,0.327538,0.33724308,0.29106414,0.35356805311707984,0.3887139842758649,0.30642089470104117,0.3205701506164599,0.25092201873778514,0.23984323668984323,0.44722751677440276,0.3077019466666682
2505,0.28635204,0.27727604,0.29888573,0.16527247,0.20660771347297535,0.2463620160197725,0.22347273186504873,0.1693033817884509,0.16483633421968302,0.19495975335216292,0.03179091239700105,0.22941574461964556
2506,0.3480094,0.3574184,0.3413953,0.30784544,0.3508013692759807,0.4288927926969496,0.3367370752906476,0.34761960494221733,0.2811353831932202,0.287528152456917,0.27769597454785633,0.3288049186525781
2507,0.27021247,0.27911144,0.2806629,0.12652186,0.1879443193845078,0.20762138318080706,0.18577583886595056,0.1448350372462587,0.16292995401236515,0.19520685656434383,0.04699521722853709,0.21548793684106213
2508,0.5049561,0.53981525,0.5410058,0.82001317,0.7025059076092355,0.655787708538176,0.6325478392005981,0.7672148871583041,0.8087978645308643,0.8172381385564126,0.8727846004332604,0.6697274064962131
2509,0.62145483,0.61936057,0.6055659,0.86681974,0.7590284276089089,0.7106991972969382,0.7342848026169188,0.842158852968191,0.8543820721971395,0.8497180954081553,0.9181576646946308,0.7345896296369154
2510,0.41168317,0.40691605,0.38168472,0.44572306,0.4089513736501048,0.4152152515058905,0.3899082337769041,0.40595757542094235,0.39559556776140326,0.33544357988006884,0.5139474974620317,0.39336449727706196
2511,0.34887037,0.3529001,0.36598045,0.3231581,0.2899136785411139,0.28693973581254695,0.3085228609711179,0.2968249774778687,0.3045282175755235,0.28936051665782314,0.2139738863366774,0.3212831779776729
2512,0.62898374,0.64670503,0.60396475,0.89476883,0.7768981774353408,0.7743569410628931,0.7461831686145354,0.8725491325255181,0.9004317364809348,0.895455572366763,0.9882595263099235,0.7596477686665292
2513,0.33905718,0.33747715,0.3473382,0.31886965,0.3322316425465309,0.3936441447760478,0.32224468525841815,0.31305178757834806,0.278313350161005,0.28948901386037995,0.3852153113039697,0.3187909786047619
2514,0.37974674,0.44645643,0.3770119,0.4135797,0.4970400635633966,0.5561994759171116,0.4566129073078698,0.5208162341242918,0.5770550928766988,0.47413670864209523,0.7310519117330169,0.47713071304649535
2515,0.31515923,0.30505192,0.31643397,0.2295239,0.2353787126285379,0.3286315002926705,0.2796104333106174,0.21788118163147746,0.2939682906998886,0.29097915763549087,0.15265087783812056,0.29887539350988523
2516,0.32584247,0.33234695,0.3336652,0.28360552,0.3341268397998548,0.36486814806665135,0.31788986664531976,0.29650416495959864,0.3122724523140879,0.33801036033192056,0.45059043736640725,0.3261945506357157
2517,0.29376727,0.29755086,0.29695797,0.18413201,0.2483817536939263,0.30651007171437905,0.2554050952933608,0.2159789010510819,0.19357130093192834,0.2148970426687758,0.0938123256838054,0.2563604880895429
2518,0.33326995,0.32199726,0.3197393,0.27611563,0.2534127671983647,0.31442201993494107,0.29936773542570855,0.25879966154420464,0.27351626728243,0.28167660267800093,0.17973108567326596,0.30079151440147267
2519,0.30334774,0.29959172,0.3052272,0.22814503,0.2763578954094701,0.2604405127223607,0.27005558359832577,0.2605914178510315,0.22729320629390254,0.24272844046471845,0.16675505781747607,0.2675221848377798
2520,0.29637334,0.28947294,0.30213076,0.18751493,0.26149196065874414,0.25369711831263614,0.2679156109218772,0.23386529163056796,0.25536795787028843,0.2634291987221339,0.20994712940898302,0.27798807827836486
2521,0.6102841,0.62559056,0.5920336,0.8812073,0.7591891419241248,0.7390391623691028,0.7257023086188458,0.85915732356143,0.8753283557586098,0.8796504263593341,0.9826050904222544,0.7422040117495682
2522,0.6088522,0.62106335,0.56689256,0.82230175,0.7353227529894366,0.7716708721985162,0.7100143569566248,0.828175398379886,0.8893864125608761,0.8787203490848073,0.9747185978279228,0.7394148936271985
2523,0.27546257,0.27492517,0.30665526,0.24435718,0.27279605887741487,0.3027838245905793,0.2444400928451035,0.2355405239760627,0.18215697176862938,0.22000810665618023,0.15838860765007107,0.25312472604874137
2524,0.296016,0.29226094,0.30960718,0.1920236,0.22383540172614796,0.23790674937567163,0.24067057909898706,0.19680671599434268,0.21262751421549847,0.2331725952756747,0.13056072069222982,0.2511869714621553
2525,0.29831785,0.30350113,0.32050747,0.21811764,0.3223609611476474,0.3307799327101336,0.2882900225471704,0.26723671659346576,0.24650701962933247,0.2710929490780056,0.3895091784197257,0.28960929311861144
2526,0.3651195,0.33287698,0.33946776,0.30950585,0.29552192185437437,0.3747419679145703,0.32922023679322676,0.28012152927815553,0.27074561235892514,0.2662488187335416,0.29350698298541006,0.31490063060266615
2527,0.29952678,0.278182,0.30494958,0.16956457,0.21124979418924142,0.24136953065360003,0.2534891064115893,0.1677816204150882,0.27034896067614644,0.2763744535772057,0.08932073557735123,0.27058678996027885
2528,0.3083405,0.31036934,0.32761708,0.26014948,0.2649748401830614,0.3049811546985933,0.2866770260827529,0.24007445956778656,0.2655081348663626,0.2973465766725202,0.2013348341261867,0.29607329363214696
2529,0.27679926,0.29993972,0.29585323,0.16211045,0.2270934111547375,0.28936897487789526,0.24672504993736707,0.19536666693525184,0.1885420778479333,0.2175415707045163,0.2673872514324451,0.24351460011019466
2530,0.32058683,0.31581157,0.3103313,0.25733268,0.336446189330299,0.3522580056810907,0.291357337045234,0.2770275282606608,0.2630961901797946,0.26037134101420845,0.343268447754105,0.2928686294617386
2531,0.29603618,0.2895071,0.31283554,0.2526884,0.26473044015411873,0.24873673018234088,0.2914044264775785,0.25338979832419717,0.2752888873168343,0.29121362614602875,0.19663139430274365,0.2885568852914536
2532,0.29125515,0.29702622,0.30524355,0.2430372,0.2753054916470866,0.2856804368835263,0.2766311783070209,0.25109146815155353,0.23363073267662035,0.2545995220292306,0.3271104307967866,0.27354305851345495
2533,0.64398414,0.64016736,0.5935237,0.8785511,0.7733610068055279,0.7738163433699488,0.7535146979513448,0.8783603262249192,0.9074047565184253,0.8877678469356043,0.9907461675462,0.7602598202130711
2534,0.32220292,0.32412675,0.33108646,0.2952612,0.3667947420458729,0.32907052304231843,0.3340006888445786,0.374071178460078,0.2644659864118359,0.2913029279462021,0.3260552125921446,0.31239237205242787
2535,0.35646668,0.36966404,0.35480958,0.3416783,0.33581069596796204,0.3556192511225197,0.32652247037857013,0.32321829623210974,0.2826593517534075,0.29153612703723386,0.32793736651333016,0.3236415655991546
2536,0.33523703,0.3215466,0.327667,0.26345038,0.2782888823533261,0.2741025619010184,0.30225720598208417,0.2584606161194646,0.28298009270655805,0.2856206662188562,0.22151967404764053,0.3020136963660101
2537,0.2518589,0.24998853,0.27440506,0.1393003,0.223770044828942,0.24351269369087283,0.22890118731837275,0.18595228884008047,0.1824003487693658,0.20686318623495742,0.03681983110889843,0.22709291262830483
2538,0.31735167,0.33357787,0.3200701,0.25379348,0.2842283432603946,0.41852106337137684,0.2594765013198571,0.2807766227693837,0.24139717561312451,0.24860098446139708,0.17518034132128085,0.2857697936040893
2539,0.30982962,0.27978787,0.32874188,0.23673305,0.20975482528532532,0.2986142574515741,0.2630491240334863,0.19203121943605178,0.21777445282730015,0.2516090870955295,0.05350869214100481,0.26937269474755005
2540,0.34214386,0.34726366,0.35219342,0.3279728,0.3068786642039134,0.2967614628870792,0.3134222339115018,0.30276564522416943,0.2712510411495111,0.2801423594962147,0.30674637127143595,0.310562255987284
2541,0.37655473,0.3680648,0.3546247,0.33694905,0.4006070044059781,0.3653961348634383,0.4280068689304863,0.4358600349581005,0.3704561412550368,0.3504864114597598,0.5662435703026101,0.3749919294348395
2542,0.2816984,0.30633533,0.30541104,0.22471917,0.2756611897510409,0.28843276101181486,0.26060578563899195,0.23291999310721684,0.2048709199408516,0.25053051837853546,0.2537052623500692,0.2598285979789312
2543,0.27237663,0.28300446,0.2987241,0.17655778,0.23098463764483665,0.23771547241124463,0.2078291550553054,0.18821564984011657,0.16682347140707843,0.21684332239044016,0.0815724421497269,0.2302027130267458
2544,0.6187788,0.62676364,0.58422625,0.86534005,0.7491999108739962,0.7478632369150098,0.7397089706987361,0.8589139313260923,0.9049350035591983,0.896128034807127,0.9895293510599018,0.7540191321690213
2545,0.3372674,0.34584945,0.35090905,0.38485038,0.41765938210403686,0.4306383830614481,0.34815563796309,0.40726599248682077,0.27099864587770595,0.29966020572168395,0.362545412771753,0.3343387637675821
2546,0.35448486,0.33806568,0.34763256,0.33006057,0.3219086308047248,0.33772485563513954,0.343902154796362,0.3439182793991303,0.3468462134153069,0.3288684444846702,0.43363744969107837,0.34398175768240813
2547,0.3329681,0.34220415,0.3435701,0.29957882,0.3515321189066939,0.3609662187899577,0.33941896034642427,0.33316978200798814,0.3153029536487833,0.3263460879577097,0.34906437398409546,0.33265833628050717
2548,0.34612107,0.3522716,0.35202926,0.30539432,0.4386114365835473,0.3798027864649413,0.3386838543424709,0.3738400824243956,0.29829717212490614,0.2899052960585674,0.5630911205534666,0.33415476493713003
2549,0.33641678,0.34066167,0.34175318,0.28360158,0.33432357433623233,0.32962754719457965,0.3087715299055403,0.28469445501965585,0.2881724535288105,0.3031156790905266,0.3006508404807143,0.3157624060703134
2550,0.26527986,0.24948065,0.27906176,0.13629815,0.18330226030342062,0.20318215865149902,0.2079334558653644,0.13461478116252765,0.17826430316598224,0.2052438367040874,0.019173892074040334,0.21907066692442712
2551,0.28213435,0.27963695,0.29210085,0.19935808,0.21909514340519837,0.2648319267577415,0.23259536500554895,0.1884546555859967,0.1908380441235575,0.21330989243598478,0.06422388658584159,0.24233196023070996
2552,0.5993967,0.6165441,0.57879955,0.8431962,0.7245802436678053,0.7271510093315385,0.7124310361001766,0.8257211842763079,0.9193360162727077,0.8726454265153618,0.9422061527547619,0.7411676698713234
2553,0.30576205,0.29984865,0.32401133,0.25542563,0.2651672420165804,0.3434783184222401,0.27248337076627516,0.2700735685986186,0.2160285987102904,0.24003687707759366,0.2909981299830079,0.27312826510736066
2554,0.2673127,0.26034385,0.28176492,0.15887311,0.20801665621580367,0.20251036885692222,0.2308804284228748,0.18044051027022623,0.18380675767261592,0.2067098916046159,0.12768872120717276,0.22767835072538817
2555,0.60471326,0.6265179,0.59351397,0.8788705,0.755656943276379,0.7447531963402526,0.7238773643725966,0.8509783386688046,0.8682840688187303,0.8578194804863548,0.973797075133883,0.7359773738303335
2556,0.30317587,0.30276906,0.3136806,0.2386344,0.26051012829718456,0.2642390238667495,0.28369904540806407,0.2522678249649992,0.2659476447469891,0.28194069941759375,0.1904375056445502,0.2872033658065588
2557,0.28525794,0.28283298,0.30429885,0.21281485,0.25507512167450974,0.2543867034727969,0.2736878807546127,0.23372824670926873,0.2310437249670762,0.26678180704928567,0.19500915227264426,0.269318136994769
2558,0.35210937,0.3669463,0.3504327,0.2858056,0.3542918271948239,0.3692189161390532,0.33545359209202424,0.3193532716033798,0.22857004396480515,0.2673088931029387,0.37176798702273584,0.30520307203259656
2559,0.53277624,0.5624933,0.5364231,0.7874512,0.6959639496801335,0.6560050117782104,0.673831394771539,0.7922246488678925,0.8382253332900833,0.8444695447081194,0.9381440503795236,0.6909794624989617
2560,0.38260317,0.44361576,0.37684798,0.42923206,0.4896613626720089,0.48802972842021586,0.43777757937779577,0.5131097457366878,0.5218847679534241,0.4441833677505035,0.6062952983381291,0.4551714837934628
2561,0.37888232,0.39870492,0.38457316,0.4308753,0.43160609306733566,0.4439676130872324,0.4138266173604258,0.4501143402877454,0.3656556950860993,0.3469668865007023,0.4876344800044959,0.38506310688516604
2562,0.3312967,0.3216796,0.3347805,0.2573914,0.26546359580798906,0.38321328055723075,0.28941053348371176,0.23472076690224455,0.27866093510986534,0.30186136119612755,0.1839864220155135,0.3049680970387861
2563,0.24223943,0.25071022,0.27572536,0.13614771,0.2148391340293315,0.25840930540420237,0.21160095574561416,0.16047580946222867,0.12476823535537958,0.17267986908614014,0.03660281170447242,0.20736261944424003
2564,0.29086095,0.28640404,0.2896734,0.16438214,0.22033700390770633,0.27974028057121647,0.23620379128543956,0.1788771714977963,0.22237057299041005,0.22648507808613658,0.15062674299380152,0.25240756863053165
2565,0.56091917,0.5819186,0.53849113,0.7772416,0.7047541628734969,0.6737578867538871,0.6592992663406269,0.7656314851205657,0.7704632706911789,0.7347299230651048,0.9061435960523403,0.669339649846294
2566,0.61268795,0.6095451,0.5901035,0.85710394,0.7064008756231543,0.6942717436623353,0.6972939994809069,0.7919725724431966,0.890525202152635,0.889592209323442,0.9453073041122501,0.735273524542922
2567,0.5859236,0.5999397,0.5728957,0.8468121,0.7474933516144624,0.724876671230282,0.7229244001370378,0.833966161738274,0.900459493402284,0.8864461149863392,0.9532112017846922,0.7393602470495906
2568,0.60911304,0.6300005,0.58977455,0.8825965,0.7622432939403048,0.7551816575335476,0.7353673806102335,0.8639965462728979,0.8850229432605812,0.8872093824601304,0.9858482735211546,0.748612337494764
2569,0.35220096,0.33537316,0.34702337,0.34089437,0.317019597123291,0.38561946361434823,0.3545020206693191,0.3193703007206613,0.31719754953769996,0.34740276115692803,0.34905442804121256,0.3443839810712668
2570,0.33988786,0.3422089,0.3375338,0.28036207,0.29391757763442133,0.30258585288217826,0.31523636100154534,0.2818976802990164,0.3083964022918499,0.328590190448573,0.2619016461526349,0.3229702363215776
2571,0.39096588,0.4300496,0.38698274,0.37578663,0.38005900966622597,0.4019954928557906,0.38918306762675925,0.4099480356792801,0.3494378438412104,0.3489654626032682,0.45820945536749563,0.38033923564200933
2572,0.3972696,0.32932076,0.36315012,0.30320218,0.2546990115085618,0.3491615307333378,0.3180216491135505,0.25798531616839226,0.23243098456962225,0.27309222101404956,0.11004784462932529,0.3097689192083461
2573,0.31461278,0.3069407,0.31592235,0.25422153,0.25726882183048494,0.2713497455725475,0.28837428669093257,0.2508297855240072,0.2569552611352413,0.25916930002136107,0.13440347984011886,0.2844256810593298
2574,0.5831357,0.5322492,0.528975,0.6336022,0.5256426313049174,0.48911493105701387,0.5629479063917632,0.5478426934457366,0.5722233880333711,0.5583428062328295,0.7370018644131646,0.5485928346721525
2575,0.39873952,0.39208454,0.36774167,0.3309819,0.38603951918361384,0.43461364810143277,0.3894939113366779,0.3887368201781614,0.2939960292494094,0.3188937045815085,0.2704002137007338,0.3547502740253864
2576,0.57912266,0.5664915,0.54410356,0.7767906,0.6204231143620954,0.6946989592252881,0.6445571052492947,0.6877867255905363,0.8595056540095751,0.8358732063527944,0.6908378057509199,0.6924667425052883
2577,0.25740612,0.25051194,0.2862341,0.1608155,0.19054209201379227,0.21026716930403744,0.20755601468578205,0.1502866283098459,0.17761904023591002,0.20631512858487827,0.03536901817191303,0.22050248608311346
2578,0.27179343,0.26211703,0.2994601,0.2244033,0.18402751026210323,0.27665244196931277,0.2071466347528162,0.13214935607551506,0.171211631838777,0.21435867201550024,0.008231159187917203,0.22791237681326662
2579,0.54144424,0.53105235,0.51108897,0.70090234,0.688933565007116,0.6936804146518101,0.6283031165836863,0.7401366870951384,0.7238775887973885,0.6699309717614894,0.8408400809335083,0.6267650037243292
2580,0.3328447,0.3201354,0.31841493,0.16959207,0.21720576917684017,0.1762379508829542,0.26567227996810117,0.19351272821282572,0.2018091712529885,0.21057760911186635,0.09963213871718417,0.2569319500117346
2581,0.62171674,0.6187047,0.5871438,0.8596247,0.739029729053079,0.7676128447175788,0.7343730187424622,0.8526938337314374,0.8978359608430029,0.8668248442127642,0.9518538987435058,0.7468864736527971
2582,0.58239096,0.6004466,0.5754594,0.85276043,0.6955471836374548,0.7547213783709175,0.6535003558153123,0.7698888415939467,0.8627222780182215,0.8827527980181902,0.9308747839657749,0.7164051674154022
2583,0.35755387,0.33068287,0.35287023,0.2948882,0.25434481475933873,0.313536179671336,0.30929562489341617,0.25175239604786503,0.27757928015947214,0.3009455041485477,0.08649379005136028,0.30840182182353587
2584,0.30397362,0.30057544,0.32210588,0.28108662,0.25416915982746113,0.29283283532675686,0.27216920428720687,0.24801652804471547,0.24796122835496442,0.2933212985563028,0.07417774838639489,0.28459519511468007
2585,0.2778589,0.28548703,0.29794163,0.20343156,0.22028412557004282,0.24922461911094368,0.23539707330209172,0.18828709185847664,0.22116399371019752,0.23109637365388364,0.057413660777568695,0.2500620723483386
2586,0.37190726,0.41913176,0.37068683,0.4403637,0.5558171443353597,0.5637794119069401,0.4758691441183308,0.564528779815883,0.6200542964912384,0.4862112639181479,0.8348264291141346,0.490760260261023
2587,0.33746296,0.33602762,0.34063056,0.2686449,0.29586949186438777,0.3058480591768624,0.3039618558049693,0.2863214644965989,0.26777668216395234,0.28811973403903746,0.25699451565602777,0.30506958743091583
2588,0.33420306,0.34559166,0.33287993,0.24200508,0.2882805981437398,0.3084077682367058,0.33208880789510803,0.2901073349250718,0.2855393897506438,0.3217737316207753,0.19538449212814604,0.3107160214294723
2589,0.54567015,0.534749,0.5153859,0.6971992,0.6650310038021445,0.653088057439248,0.6428662180550114,0.7193752070381112,0.7536163207391915,0.6907923795166624,0.8963274480805401,0.6338749375243358
2590,0.3665611,0.44231635,0.37578234,0.45131102,0.5464114713931864,0.534042882563496,0.4590016050962853,0.5368749690865183,0.6280259186451047,0.5432615354824188,0.7346089422953941,0.4946508435273387
2591,0.60093707,0.5997664,0.562441,0.7802451,0.6445960090697309,0.6545822431052771,0.6285161781041695,0.7127446008068786,0.7659456022846688,0.6702144264215931,0.8405043446371417,0.6474669570562174
2592,0.27463815,0.2762295,0.2842767,0.16889538,0.17482808717915582,0.24357855650873295,0.20040888298691512,0.13137841755643972,0.19842513533154255,0.21895241661413678,0.08954678697206704,0.23231924983204552
2593,0.2601101,0.24341698,0.2705917,0.13872036,0.1930420857545394,0.2285713424345321,0.21368941993565854,0.15395947641378224,0.198191458961476,0.21905979868582284,0.04894263124653061,0.2283686462083927
2594,0.20935154,0.20279388,0.24752204,0.09997459,0.13555648217566246,0.10239069065400278,0.1493047204705537,0.07647659159773756,0.11472265498627232,0.11879865845447571,0.0062787335379232865,0.16294831885168687
2595,0.5908051,0.59798104,0.55994433,0.7782171,0.6047717922158177,0.6942739773832777,0.6337293419681583,0.6698723747687911,0.7499695639151138,0.6555654864984664,0.8094845211128344,0.6445820533253697
2596,0.5896688,0.59479845,0.5467757,0.78093654,0.7034847557127786,0.6630030080442907,0.6742293624558121,0.7733092875289913,0.751234037679042,0.6640838626165732,0.9140417631947131,0.6556660423353982
2597,0.5530508,0.57745934,0.53928864,0.7146001,0.6665883423048263,0.6315221638820163,0.6176651448060639,0.7187586128954514,0.6449854657059244,0.5921771787278056,0.7147437862918568,0.5952370833364196
2598,0.54064125,0.5698728,0.5692962,0.8392356,0.7056299883480214,0.6615571740369921,0.6611119444285507,0.7981603218079997,0.8287685440271968,0.8287586209139702,0.8306374233564362,0.6933226450811212
2599,0.30483055,0.30470246,0.3074697,0.22407326,0.24808451147776994,0.2586234933485114,0.2714815283721498,0.22788235063555268,0.24557225932446364,0.247888890503538,0.14764500352215199,0.27359392307542363
2600,0.38884503,0.3619705,0.38550258,0.3493678,0.35552643447492677,0.34134390581110047,0.3645659723094652,0.34440601622589034,0.27320410015842567,0.35001291132367307,0.33822083280220383,0.3454940444657772
2601,0.27914494,0.27909487,0.299141,0.17247331,0.2191794834485577,0.2152712270558789,0.23875096835810772,0.1799376569138535,0.19222613449721793,0.20724171642383898,0.07687679608863637,0.23794666466906533
2602,0.59788555,0.6124765,0.5824943,0.85152847,0.7197399353090717,0.7452788817697671,0.699306143354037,0.8168942163539732,0.878252057865987,0.8622214681278993,0.8993307346994897,0.7278792302686641
2603,0.37631112,0.37185523,0.37607422,0.3997433,0.39769682235625214,0.3673761891666978,0.35645918451709485,0.3700061756198577,0.33459249599248714,0.32206936818664816,0.44541315904314677,0.3534469873034884
2604,0.56170493,0.57602435,0.5406458,0.77101356,0.7103271182918769,0.6594038882389459,0.6625314951055421,0.7789041311809124,0.7512186916344918,0.7435016266654648,0.913957426529354,0.6615580880106504
2605,0.40624708,0.46948272,0.39621013,0.5154442,0.5458409057359437,0.5914808818030701,0.4885511049226528,0.5714820502048449,0.5589548007025035,0.5202225027815447,0.7549449974028789,0.4996432418174079
2606,0.29099935,0.27868152,0.30185708,0.22052817,0.2755724854679091,0.3553416900287181,0.2739320702847419,0.23763125688617812,0.23411741793805554,0.2494807188159857,0.36092250054678104,0.27364715492645486
2607,0.6247876,0.6334005,0.5979513,0.89203036,0.7659599476382238,0.7471529227151974,0.747556835908397,0.8689708491751237,0.8984310886789372,0.9046900499828918,0.9880723138779921,0.7583378403414295
2608,0.60779727,0.617983,0.5810401,0.84073985,0.7401892203301512,0.7442727547739703,0.7204297054642119,0.8376366419101094,0.889104628168863,0.8714162606191488,0.9343172941311364,0.7399885407295319
2609,0.32021356,0.32879326,0.31845492,0.28227752,0.33251514489538414,0.3435234789318414,0.32715347690902197,0.31997947895399376,0.2969146338337917,0.3058687372872987,0.4379738421974035,0.32096294832151206
2610,0.36740708,0.34782043,0.36843014,0.34739786,0.30773138673254297,0.29004819078226696,0.32124317553713244,0.2948280767683569,0.345866456660899,0.3467357407957713,0.20930704755755522,0.34730884246342203
2611,0.35398394,0.365346,0.36668473,0.3198551,0.3422743863989579,0.3450813286299399,0.3218920670188691,0.3119079482942874,0.30004087747962355,0.34741575166801064,0.2958533729811771,0.33834913619193574
2612,0.5654009,0.5528009,0.52419335,0.7336861,0.5724982736592711,0.5957165137467665,0.5736240644730748,0.6237859792030886,0.7065293448442971,0.6935464623207477,0.7839551362964661,0.616875705810771
2613,0.3187746,0.30519062,0.31616554,0.2520116,0.27007113223438994,0.2859283303006176,0.29873995743025195,0.24739911254658345,0.2672818698974094,0.2903154558068633,0.2242517862259113,0.2955969697149293
2614,0.379659,0.37451667,0.37485662,0.38645163,0.3561957265836719,0.3675478768673922,0.34390272588413673,0.36367009032613906,0.3487211263610954,0.3581370169180854,0.22865941961335573,0.36307505926877137
2615,0.30200514,0.30314505,0.31876212,0.23447447,0.2693546729327799,0.2550520548478235,0.2635877772570705,0.2312073393678035,0.24195585220599442,0.25114528171301426,0.1614486655503038,0.2742405326263442
2616,0.57672215,0.5994444,0.58064955,0.86643296,0.7277107876128532,0.7316718550130143,0.7078239511776262,0.8289688831117555,0.8746280566357694,0.8686648684507234,0.9434010782599872,0.7268311456526251
2617,0.3117959,0.32260725,0.33935452,0.28184223,0.25019820724275027,0.3351248765761598,0.2717093318155518,0.24518172344383302,0.2139634504573369,0.218296190288084,0.056553086285181575,0.26974047147631924
2618,0.36091948,0.34274867,0.34593397,0.30955294,0.36509260693974876,0.3685156615926484,0.33572597534780063,0.3394266127361961,0.31313740441317356,0.3116747077795011,0.4018615460367968,0.33675272741422185
2619,0.35327843,0.34986857,0.34498864,0.28450137,0.3043519700619973,0.34168686899541,0.3434962144420954,0.3221984893374277,0.30032601846370915,0.2925494446309063,0.30462776388835344,0.32164083353996026
2620,0.3214776,0.30271512,0.30636066,0.21686211,0.24259659248625312,0.24220669673774645,0.2805343716962853,0.22262127006470447,0.24506794162808454,0.26769523902331666,0.1746027127203058,0.27893272730056723
2621,0.35498452,0.36440971,0.36404884,0.3521852,0.410404697946968,0.37842382046768436,0.3676158182419714,0.4108527654090244,0.32834659818053147,0.3336766854456678,0.7255841970220029,0.35583958441314845
2622,0.31786722,0.30955887,0.32050908,0.3009516,0.3435361061775028,0.3598525408376069,0.3354176691698344,0.32742575161481413,0.30659106291951527,0.3077393217942378,0.3969373875846499,0.3220475068466434
2623,0.31079906,0.30012792,0.31286964,0.19301018,0.2329742958463755,0.23971492696027336,0.2645191123090314,0.20886903970174223,0.23756243437474422,0.2668966574000295,0.09344927757345868,0.27334775271026296
2624,0.2550961,0.2584196,0.2737922,0.14369953,0.19693377066720089,0.27877383170481834,0.21986989564562126,0.169431524315749,0.21433772236727916,0.23746030211541064,0.10533870728994703,0.23830567474631295
2625,0.5718835,0.59728,0.56864655,0.8336293,0.73400540848268,0.6827842382135229,0.7078160671770487,0.8237125902822486,0.8317512040133742,0.8161971735598674,0.9144433725683656,0.7045546431761209
2626,0.28859356,0.28897235,0.3029555,0.19086441,0.2413713830908147,0.25539792509606474,0.2622400535616835,0.21528198799448117,0.23830368620005943,0.25229961191719297,0.14650835830136572,0.2648567208317732
2627,0.26571846,0.25776654,0.27783516,0.16337736,0.21929015733788973,0.19972650822696997,0.2476047185059287,0.1939379101269778,0.2261618971510222,0.24540158508449322,0.07986906428191928,0.24782438640790766
2628,0.44063696,0.4791998,0.4221882,0.5674377,0.5826994107289899,0.5843256682433874,0.486652180375978,0.5990896548900404,0.5927251683899446,0.502696870732116,0.7658171493410852,0.5095789789447697
2629,0.25886697,0.26476994,0.28480977,0.14609264,0.19632412153272932,0.20806851624718234,0.20502653679514854,0.15151038828491462,0.18935919143957153,0.20979765927808286,0.12155407746943028,0.2251076403954559
2630,0.34155995,0.31697673,0.322717,0.24501057,0.25796837009087525,0.26842459999262713,0.2856260996576938,0.249079297442457,0.26306769401261804,0.2685664615053215,0.17705384443587704,0.29092660571199314
2631,0.27729738,0.2607929,0.28096932,0.15623733,0.18121280082516478,0.21276877522741247,0.21642567215676975,0.14275823953357417,0.19027861758921288,0.2056662193468104,0.10343504660611753,0.22770714090928382
2632,0.36776364,0.35406303,0.35209242,0.32784802,0.3701279093241777,0.41011129753573616,0.37182059180215854,0.3533182481526441,0.31145986244540735,0.3264479842853621,0.3710478101986555,0.3457162955038562
2633,0.27389556,0.27189448,0.2935563,0.20117274,0.24024644611610796,0.23023376365545484,0.24626801524854475,0.20608051777731315,0.18023215227056424,0.19917404248073284,0.11522595587993945,0.2386554532591907
2634,0.35427102,0.30879804,0.3445808,0.21756907,0.2262149069659219,0.33240943560928926,0.28583138752550447,0.19916300718429666,0.20704872927742812,0.23604900880791116,0.06885742050159899,0.27319328525157005
2635,0.37413806,0.3734209,0.35957056,0.34297192,0.38539753691143463,0.4105792859381565,0.3856568145543383,0.3490523167118438,0.3046843434733146,0.3232753898228255,0.3742228906004338,0.3507887057214183
2636,0.60506326,0.5695214,0.57982844,0.8075574,0.669002314363257,0.6693381771461359,0.6479772401635593,0.7140594409953628,0.8077854879440336,0.8088060956379965,0.8193498442669174,0.6872152044720959
2637,0.31685758,0.30451402,0.3240091,0.24467821,0.2830524231243219,0.263739659026779,0.3131970762707571,0.27575147662148203,0.2559127110456723,0.2674581225929916,0.2600246910116123,0.28846482568961584
2638,0.3220913,0.32400113,0.32792106,0.2630898,0.2836703659172478,0.28822457573166743,0.28076870670477094,0.25370889249205975,0.2671488329922182,0.28850019125965315,0.1969580537854812,0.29544573569816146
2639,0.61463034,0.63673896,0.5918497,0.8937308,0.7657249823482444,0.7653937987549597,0.7378481330922313,0.8666326683967764,0.8875367160490036,0.8937487705157748,0.9932936177840274,0.7503268443173929
2640,0.36658072,0.36534053,0.36171013,0.2897133,0.3329409179681934,0.38024002561765774,0.334623183757091,0.31317676573138015,0.2814979807105976,0.30422152811688197,0.30698107785222634,0.32710344891149934
2641,0.57120836,0.59637946,0.5699327,0.8671095,0.7434501701218938,0.7314447932149054,0.7124671820765729,0.8403404714141456,0.8884955311952256,0.8950977857214216,0.9738548469558788,0.732512166517378
2642,0.3063627,0.29002318,0.30841762,0.21412098,0.23998175408260275,0.23782390343083776,0.28270882931751157,0.2148394271841761,0.2608108863275905,0.2800347554612883,0.12226174817896991,0.27978956021339874
2643,0.32591483,0.3311196,0.34402913,0.29819772,0.3209853465118919,0.3172207726401556,0.31314028538772004,0.28134385663756856,0.2817478046428161,0.2945324342709651,0.3333200979465143,0.30867767328226176
2644,0.3141637,0.31010538,0.3152554,0.22055233,0.26741201654528285,0.294054752849218,0.2977044215482052,0.25711890490365163,0.2670572748609808,0.282653571464291,0.19249848287467727,0.29050051946665617
2645,0.36485928,0.3581081,0.35693341,0.31753644,0.2974068480813669,0.40620691359060357,0.3087085333265978,0.2798467339944099,0.2944746480457151,0.31626444321469105,0.16900181557844482,0.325951571521145
2646,0.32818943,0.31015426,0.3390197,0.26942274,0.2781908381620237,0.3102623212568123,0.31174637283245976,0.2597907392116349,0.3004143207524665,0.293415349769534,0.19991687603260172,0.3076201796005594
2647,0.2591588,0.25522795,0.27771044,0.16811483,0.20654648428091543,0.19813771737900954,0.2172729498924973,0.17478383584630547,0.2008291191132388,0.22994217923525495,0.09875237684651234,0.23461768821725798
2648,0.3293738,0.31722683,0.33970952,0.2909853,0.30626783025713145,0.3355052097703334,0.31584286331129896,0.27238876722254673,0.29778099480419773,0.31239427981812884,0.28610248392976473,0.3154470990698434
2649,0.27106583,0.25521308,0.29071644,0.19122624,0.244393353470445,0.2709591747644947,0.24063094722783437,0.21249699186655105,0.22084713280711227,0.2254633609136043,0.25820816621026216,0.2537225527145514
2650,0.3339475,0.3249233,0.33999267,0.23628561,0.2823506034745494,0.3335143232147565,0.27908061363010644,0.2651556031471038,0.26326972426060957,0.2754059259343139,0.2245550517185194,0.2984462281082661
2651,0.5958449,0.5928386,0.5608827,0.8067436,0.7012129922975183,0.6949056173506518,0.6699165903187028,0.7887806693181411,0.763299269903074,0.6636577248124345,0.9142117387154854,0.6639008545943156
2652,0.31801385,0.31545436,0.32043624,0.2576763,0.26984839930054483,0.3120689858011282,0.295312023326743,0.2545122845305626,0.261503804237528,0.26568672836887214,0.20281248192550771,0.2924160246353148
2653,0.2670974,0.2502069,0.2825714,0.15950903,0.16880984973782304,0.22028335426503998,0.16935900510126967,0.11395696891185039,0.16233499883712701,0.16244900279716884,0.028049190575851292,0.20622903992538158
2654,0.31111646,0.31497335,0.3343221,0.32308868,0.314918537085838,0.32647863432739915,0.28834356136452033,0.2980690421422028,0.3077851312185248,0.2977134989804059,0.41281635535234046,0.31288589930294275
2655,0.30126822,0.30174807,0.31782693,0.2208471,0.2582572064342755,0.2895865951527881,0.2905171982132753,0.23057250092588105,0.24920875892971192,0.25502007232942997,0.11686282433782307,0.27869363813756837
2656,0.2841398,0.29121977,0.30326805,0.1988537,0.19887063736310337,0.33020941956888106,0.23660038845350365,0.1599483652166819,0.2036215346637719,0.22594829669675237,0.046529970485319726,0.25001483639385624
2657,0.20388404,0.22308692,0.24685332,0.09804529,0.16322810515129346,0.14878032999791518,0.1621425048471504,0.11624324653010601,0.13748192514694227,0.14937320279944039,0.06849360785660871,0.17787390425044683
2658,0.35402298,0.39678884,0.36874065,0.35943514,0.5539417526920387,0.4370956828891378,0.4937654569935178,0.5615884658294792,0.3787397047434503,0.3477155642062012,0.6689719368593854,0.40605247349501744
2659,0.31561357,0.30648312,0.31472594,0.21999402,0.24949802767630969,0.28841673645299004,0.2679197083358683,0.21316640718818675,0.273815453855974,0.28868535826228453,0.2614346664754788,0.28798075463614825
2660,0.6633105,0.6546167,0.5914073,0.7549605,0.69731384975389,0.7107773114620783,0.69203176619013,0.7796711434324533,0.7294093495259804,0.6580405322982321,0.8712480857555637,0.6687140159918255
2661,0.28539112,0.29237342,0.3014478,0.19941132,0.2362165912494961,0.2830286492716875,0.24678569957895471,0.22791893000189095,0.27684603797034046,0.26220355988921085,0.04097872237566007,0.2769145889759827
2662,0.59390867,0.6133193,0.5911445,0.8542188,0.7421134723746536,0.695038591062023,0.7140590945314149,0.8349662411218628,0.853112746502684,0.8578338268746013,0.9684697949076829,0.728074690208757
2663,0.55284864,0.57259774,0.55462104,0.8164815,0.6956843551336196,0.6950643532901569,0.6900642693111624,0.8043325462942077,0.8089344850561482,0.8037014060431715,0.871680525031379,0.6880714569751017
2664,0.64781797,0.6499079,0.6074955,0.8864153,0.7552333420226813,0.7871274148465287,0.7465379480344209,0.852185733820195,0.9012462708097055,0.895005493698702,0.9768959857709814,0.7631987955802473
2665,0.3206734,0.31847596,0.32517397,0.23657405,0.3190430720977766,0.3442527246000132,0.3460466549399243,0.3153360131737441,0.34883046813743857,0.3234597041727858,0.30136491249386455,0.3316383622693583
2666,0.63979477,0.6482598,0.6087146,0.8976849,0.7719421923950444,0.7850140535994121,0.7478996676233323,0.8715406216193318,0.8939615097096739,0.8943243688170149,0.9875305313256237,0.7610200398885073
2667,0.6300003,0.6326858,0.594951,0.8874121,0.756634412328692,0.7780711662141641,0.7387739308576584,0.8580156535536801,0.8881389824145316,0.8757303026572656,0.9495964512968156,0.7504559649165454
2668,0.31029376,0.32424307,0.32434535,0.26422843,0.28341840339128543,0.2860865611237741,0.3059087544612516,0.2738895540691728,0.26315179076206646,0.25571096780040836,0.22503845433626402,0.2903161298819564
2669,0.6093185,0.62637126,0.5928427,0.8759777,0.7622851056942455,0.7297613763555798,0.7193390818905833,0.8616865450030202,0.9097855270633856,0.8944350407247637,0.983876421934687,0.750274989717328
2670,0.38567862,0.36388192,0.37072778,0.4235641,0.38509333719960176,0.44152807602338007,0.3982859655296238,0.40603116024736724,0.3539894228674603,0.3567732239109607,0.5248812012336128,0.3821010597493898
2671,0.57871133,0.59741324,0.5692761,0.8344466,0.7266466801625217,0.7150809039667789,0.6986916526105817,0.8082345897775441,0.8596841710216117,0.8619096476981853,0.9113714376021405,0.7203259629933276
2672,0.25840157,0.2304759,0.28257877,0.18343976,0.18734763610491711,0.19805344413661954,0.19571570584116885,0.15250910613301305,0.1930217080699374,0.2041963492937226,0.03719813195841411,0.222118406472167
2673,0.5771506,0.55298597,0.53655106,0.7565409,0.7304443057390114,0.6940344957425818,0.6544727330816673,0.7919577619680991,0.7672043200514634,0.7155277339858083,0.9307304640428153,0.6603180334464249
2674,0.3004591,0.29748622,0.31132644,0.24521431,0.2671624791058395,0.23330629754640153,0.26799616903338735,0.23356938976088246,0.2505345114627596,0.25616827690438654,0.14663586874062823,0.2739257039868217
2675,0.2711463,0.28588632,0.29366562,0.19157384,0.2535322411410773,0.27929321081657676,0.2574865479774834,0.20336360050221175,0.21527017124655506,0.2282926953999546,0.3106306106657473,0.25554189514454057
2676,0.2877287,0.27952963,0.3119301,0.2421133,0.21739435308430463,0.22839816231514423,0.2422028694846167,0.19265644554358602,0.22613190345332326,0.2515280346265616,0.07751268989101812,0.2587672418547204
2677,0.320508,0.32135087,0.32423544,0.25523987,0.2610205399801532,0.3401240105478644,0.279162224301308,0.22930173770405943,0.22253987641467315,0.2583993283829106,0.19547985623552616,0.2795900388357083
2678,0.31742924,0.31810725,0.31719443,0.20482326,0.2800188400499955,0.352837399626734,0.24396380711291182,0.21606110992911076,0.22111026968012845,0.23227670430963726,0.2509100669787026,0.26949516688062397
2679,0.5641326,0.58755505,0.5469703,0.7610444,0.6992035916672467,0.7126490935323562,0.6648949488232444,0.7783201936913715,0.8393286531492036,0.8283318756172173,0.9171131084721018,0.6950081295827915
2680,0.41172037,0.4093892,0.38615903,0.38906375,0.4108400996838286,0.46119200821585693,0.4526911770656107,0.42119840300549516,0.3254351635094084,0.36758050776755613,0.4565062896707688,0.38777542165762824
2681,0.30158284,0.30501798,0.31169903,0.23811285,0.27201633741483416,0.3105325443880285,0.25498860295909764,0.22571919228338486,0.1988548675586621,0.23092982567851345,0.12912693924215865,0.26178584731669463
2682,0.6057448,0.6215285,0.5857825,0.8754215,0.75552335795603,0.7340885183652913,0.7298259784248489,0.8479871679400885,0.8801916391874756,0.8703335507880204,0.9772638779898097,0.7411640488533064
2683,0.20907584,0.21527795,0.24589148,0.095996246,0.1486462680978621,0.13158788052056586,0.14672973093744113,0.10248746320663342,0.1353219371055668,0.14500288464018732,0.031617187539583536,0.1743325063279036
2684,0.28703687,0.28409114,0.29138193,0.19118366,0.23039146515065284,0.23121747880568075,0.2510321145996369,0.2042066889392201,0.23455863174600608,0.26023732408633915,0.11206769125062474,0.261573916901053
2685,0.5500392,0.5461195,0.5370196,0.7441039,0.590004165514837,0.6609805480967135,0.578755127700475,0.6448495520540979,0.818358168675123,0.7887026781095534,0.7350630273379817,0.6550674234734479
2686,0.5288619,0.5463609,0.5344857,0.7444356,0.5529339495422666,0.6522180488057507,0.5193595676560401,0.5862674386589783,0.7639330689380583,0.7648594158022768,0.4301814752707026,0.6207588859616514
2687,0.2887641,0.2702704,0.29794717,0.17565913,0.2094425073915689,0.22551369167147498,0.2514048564134811,0.20353720461159241,0.24461729821474992,0.2607421844487681,0.043661682384795744,0.2613229089041075
2688,0.25124186,0.24258855,0.27851334,0.17163047,0.19515823263179338,0.23267922623213635,0.20579340123064221,0.1653488639946318,0.16877843174988233,0.174104479904345,0.0617391244246708,0.21615712722573727
2689,0.2522237,0.25018767,0.26561666,0.14902133,0.19293898905940082,0.24862053105448462,0.20613549710132095,0.16320653696208015,0.16839512787011907,0.2141539288810655,0.021438051388484935,0.21925044520600595
2690,0.65576804,0.6547263,0.6026696,0.8497015,0.7068797443419435,0.7603819031835843,0.6918019459816822,0.7721063177040783,0.9050143433578197,0.9000219584716593,0.9594599573373122,0.7511422784712566
2691,0.33722094,0.32318026,0.32379037,0.23760605,0.27149752875139715,0.3091630843576982,0.29878035360587,0.2508214433244909,0.2673842546693601,0.28551164523461176,0.1618024964615115,0.2974680638988595
2692,0.31872743,0.31219068,0.324273,0.24451497,0.26650882389689967,0.2920404627725216,0.29827100769893017,0.26607757912922586,0.25435401217189507,0.27465965319545943,0.17136546991451776,0.2906247775493341
2693,0.31817633,0.31833473,0.33252263,0.1987999,0.2534306388888238,0.3457221815493524,0.26007139362591647,0.20992817844803513,0.2125001736662738,0.24984990518988276,0.12075551487736413,0.2719226312418104
2694,0.5307339,0.5571198,0.5271457,0.7573621,0.6996964130444244,0.7099835028390233,0.651616216884992,0.7622156411349722,0.7831312774715086,0.7897254754020906,0.9074489210136883,0.6679833350782832
2695,0.3292925,0.31783777,0.34580255,0.2601599,0.23695430499180947,0.25457994886538726,0.28719593106469354,0.2186155962417672,0.24490896392484124,0.2756543374813304,0.08334023800443355,0.29003329654903964
2696,0.32478324,0.30466038,0.3322964,0.23644547,0.25435663307368567,0.24827460814193442,0.26492795445589123,0.2416713482663062,0.24670958467225237,0.2898519413440782,0.06428274584963123,0.28440934034995663
2697,0.32719356,0.32740927,0.32749468,0.23626213,0.2919880930198979,0.313329569330412,0.3162376234374607,0.27699177344790327,0.32148601468739807,0.31886813768872335,0.3238645810218578,0.32082447465237013
2698,0.31839803,0.31331927,0.32967085,0.24459228,0.21497034269943463,0.23613288926736872,0.2421680653331395,0.17366973685406784,0.20685625205322547,0.21245328273336642,0.1052506946283726,0.2552004569442467
2699,0.35294133,0.35070494,0.3463767,0.33906612,0.3950362115136319,0.3395921007749825,0.3432446555834393,0.42026448736805955,0.2953580221955767,0.32150858982541475,0.42746735341703734,0.33356047414856105
2700,0.2800787,0.27102366,0.29808614,0.17394373,0.2313222108166199,0.22991931630559975,0.26359910148414517,0.20713091707879494,0.23425909029949166,0.25569628007084194,0.10941879579696474,0.25969155450947234
2701,0.3353632,0.31994528,0.32023543,0.21961252,0.24614996369994513,0.3221635191502717,0.2881371156477686,0.23032992812687508,0.2480832989543857,0.25949282946428887,0.16409329420689264,0.2832814147754315
2702,0.34676522,0.35101306,0.34964424,0.2947612,0.31327074251265147,0.3445270385851098,0.30327843655545017,0.2727950375860694,0.2642381217427279,0.294261570512353,0.2541025365456977,0.30974806031283364
2703,0.29779002,0.30083627,0.3089692,0.20382634,0.24547590361770766,0.3251353403059274,0.24467487824304598,0.20943271569433158,0.2239918974596488,0.2481076042794103,0.19433069838554468,0.2638790447574178
2704,0.31647173,0.30815777,0.31594872,0.21147057,0.21727909139008328,0.25354834427139195,0.23100186751502466,0.19150520942023858,0.2272335233531828,0.26601086077354263,0.10881519706759483,0.2660765467519897
2705,0.59559256,0.6007309,0.5750073,0.8270985,0.6947650647427077,0.6940661923774301,0.7042434097608257,0.7853112149355013,0.8713767791053243,0.8605361299804521,0.8268756536849775,0.721680551179417
2706,0.27397478,0.2690555,0.2857005,0.17192957,0.19561432321116426,0.25875495765193274,0.22315873923801313,0.1669289400773323,0.18109368944815235,0.2022922848865994,0.09552580555913712,0.23041248357342617
2707,0.2711439,0.270367,0.28174943,0.16612868,0.21294722128948246,0.21143108505080552,0.2368951763936054,0.17651351901518136,0.20274549117686336,0.23085596365274172,0.06243564770758062,0.24107630984936584
2708,0.2878855,0.28247795,0.3103789,0.21306753,0.22876666997795492,0.2547202132033586,0.25653385290069786,0.21266092685275337,0.23070919835756812,0.2576219495137303,0.03827970306656888,0.2660379576812356
2709,0.60245997,0.609033,0.5633925,0.79981154,0.7222527469138136,0.7048634677310254,0.7107559089307571,0.8134474968091527,0.8491350835423296,0.8331014978162423,0.8973912277907147,0.7154726475073339
2710,0.59793043,0.594053,0.5817812,0.87503946,0.7642818551527938,0.7754695999854941,0.7422386536996093,0.8657001707474192,0.8997468190115425,0.8780202758410978,0.9793160191273003,0.7455621105729293
2711,0.62220556,0.5974776,0.5949069,0.8020153,0.6594754920643771,0.7097366348984651,0.6523667041774542,0.7455255815848951,0.8383440256988521,0.8274789825980914,0.7702459242227728,0.7054753972037983
2712,0.32947698,0.30189222,0.33382455,0.2758419,0.2888987289424564,0.288376130971013,0.31308418317349784,0.26691629559464713,0.25941525326579706,0.26657895977933,0.17446476917187156,0.29608104032671784
2713,0.59541196,0.60561806,0.5618037,0.7631966,0.7283184259480663,0.6845261001477666,0.6863178622448307,0.799635763172498,0.7285282234533952,0.6391397594981885,0.9148024470134788,0.6515904545692557
2714,0.35883406,0.36917406,0.3661055,0.41003123,0.35489517558259426,0.3726843645056734,0.3324217172918052,0.3444470396668683,0.3162607812574853,0.33430694071173905,0.4186289852960422,0.34614830023002696
2715,0.24817303,0.23011509,0.26359028,0.14263181,0.1905652156517072,0.17446347849530683,0.20954796907714673,0.1438848699603385,0.1759153812542104,0.19233620045082184,0.06011035212201856,0.2105992264633592
2716,0.64130247,0.6485964,0.5937928,0.88642323,0.7705648497296439,0.767179097962207,0.7353636516660952,0.8713052245867698,0.9249830422619064,0.918963960437396,0.9901840078180119,0.7694862561397005
2717,0.3671372,0.3384675,0.3491684,0.30854863,0.3286905787013623,0.33651754106848236,0.32845568643078177,0.3253631039569684,0.29737321351290963,0.3037419975811455,0.2872791025674406,0.32386525191527227
2718,0.37809807,0.3830789,0.37427086,0.36333498,0.42496814493243307,0.39799360762832603,0.3696070101169324,0.38920884902939756,0.28867561969698063,0.28771510474841755,0.3461103135020828,0.3449142930540541
2719,0.3101962,0.28642005,0.3108717,0.21478598,0.244483598191634,0.26431357900598823,0.25066479228003513,0.23083735492798224,0.21186687220677664,0.23056185355091047,0.17741099129664095,0.25924291169619856
2720,0.587753,0.5923406,0.56500274,0.8287619,0.7226153275189471,0.7113729789107263,0.7046602076997809,0.8175737603117594,0.8395717719222887,0.8194721018399486,0.8968811629524807,0.7064476575413501
2721,0.5557392,0.5768219,0.5404047,0.6846409,0.654059480604058,0.6483236300111679,0.6161809098978867,0.7332944383176679,0.6654582628012436,0.6035013504031811,0.7540206979054791,0.6066717575768055
2722,0.36788416,0.32272026,0.36500964,0.3214868,0.28431810190029766,0.3205411910812107,0.3180456224917722,0.2753965937997991,0.3100595979117687,0.3250573681901586,0.0971238267210917,0.32761698532296035
2723,0.38904604,0.37983727,0.3701714,0.38877228,0.4754959033345546,0.46530620534864386,0.4054264237780372,0.43270034610334485,0.28908850072978637,0.31355340932418496,0.6041680938573051,0.36252141921823616
2724,0.222949,0.24522635,0.266097,0.11704211,0.1670564327353018,0.1780522317426944,0.166220189188745,0.11970383803547624,0.13533800978502128,0.1526880348555602,0.03239379259983338,0.18600341308642812
2725,0.57089514,0.6069615,0.57420737,0.84827137,0.7225269596654629,0.6826776334687541,0.6688388891118903,0.8115277251958691,0.8349115779496963,0.8751847959509625,0.9165214656132339,0.7065402247916234
2726,0.4028372,0.39383727,0.36965758,0.30897838,0.3196441418802756,0.2685548406270839,0.37375902406582673,0.3526380618232775,0.2790161281597642,0.2860083173630346,0.26359812682223704,0.33282941390386694
2727,0.6497078,0.62801945,0.59851575,0.79549366,0.7289317425319453,0.6942873000484615,0.7051223342545875,0.8157480952636089,0.7074467258688304,0.631490180436585,0.9510399621621575,0.6629478316072768
2728,0.31221375,0.3052324,0.34829628,0.27833802,0.2484837097052913,0.33424108920789375,0.2843762846917215,0.22216153099792085,0.2446233222547244,0.2635235635499159,0.18314704143412655,0.2878836469992957
2729,0.27834406,0.26709297,0.28538963,0.1771589,0.2226473184338534,0.2513524624427203,0.2540161465287377,0.2049395264439772,0.21666545313576538,0.25446192418052027,0.12581846216240322,0.2542273627869693
2730,0.27683416,0.27661178,0.3010524,0.23022631,0.21816157332985311,0.3056560262117071,0.2763129041292883,0.21354205833769138,0.24504912835133266,0.26471518234558494,0.2470716684497444,0.27005908720264116
2731,0.21097453,0.21431431,0.25232035,0.09240393,0.14123190038767666,0.13501277315991136,0.14387746334116844,0.09361007293702193,0.1376489213523232,0.14939990496904196,0.01964614378832119,0.174223596806969
2732,0.34675962,0.333953,0.34191304,0.34803605,0.2807011966734253,0.34012169528149344,0.3217533168208563,0.26183994766224916,0.2680626336695896,0.26193059347314307,0.19677674177758814,0.3071294418888038
2733,0.29883474,0.2931574,0.3120379,0.24134617,0.2592431514276183,0.25314257886486924,0.2821321304402519,0.2312688064792489,0.25250845192702187,0.24767539215449447,0.1806338305858568,0.2770403616029179
2734,0.35581106,0.34055614,0.3386267,0.29284757,0.3201748108116599,0.32412072915957635,0.320464002572259,0.30888103784265664,0.26785367716147135,0.276812448108526,0.2884289038257065,0.31151370717797955
2735,0.30539006,0.28868708,0.30917308,0.2139509,0.22600182886079226,0.24285056289001275,0.26271693923205075,0.20417868828286384,0.24677807287582215,0.2609627876510212,0.11070661106785935,0.27356111121610915
2736,0.3140899,0.3131774,0.33590794,0.22391024,0.21225817465882976,0.2719487318652275,0.25475215706471444,0.17470627873405592,0.21753092622760892,0.22814297842789336,0.1058585246253343,0.26033071588671775
2737,0.63932747,0.6417861,0.59673846,0.8713175,0.7592681531962763,0.7944809490408935,0.7471632614544429,0.857103162531985,0.8851072943019604,0.8551469857592793,0.9784237842783444,0.7498074656781037
2738,0.5808932,0.5925425,0.5532755,0.77896565,0.7003879855978666,0.6704370364929908,0.6839060119076713,0.7805364818156431,0.8085616813377869,0.7323914874775473,0.8913284696288655,0.6791383028379165
2739,0.58342683,0.59919053,0.5775398,0.8831135,0.7581506577031797,0.7412911870581917,0.7267292490854091,0.860252574653807,0.8805145960989222,0.8896765517341594,0.9929351351149505,0.7390904915614894
2740,0.57617706,0.60197765,0.5756704,0.8472554,0.7396266962788923,0.7079932306060628,0.7067890101075275,0.8320855883088958,0.8689804534030386,0.8561232917585233,0.8882020922899201,0.7201312511183293
2741,0.31949538,0.3340584,0.335936,0.30511364,0.3041846871980579,0.3278479700136818,0.29122630502793617,0.2858535608782547,0.2753136375481809,0.27535621299670365,0.25303224659948303,0.3016726684827985
2742,0.33972412,0.32259327,0.33735964,0.28338656,0.2987422897962385,0.3355587375436647,0.31387439061556943,0.2785389341258121,0.2817029876960346,0.2834469965276994,0.2388090206922658,0.3081225140800169
2743,0.34267697,0.32005775,0.33015436,0.28441253,0.32231492331707823,0.34450525942911375,0.3433438306438141,0.3109638485875863,0.34156067564974524,0.34453782361252955,0.3921127127236714,0.34100828569141506
2744,0.29740083,0.28657037,0.3021711,0.20090875,0.22971774431890415,0.2744129962566988,0.24132283022069884,0.20283210730633314,0.20923849017266377,0.21732678155891452,0.0828049547356157,0.2530753692558274
2745,0.32338053,0.3356536,0.34157532,0.28714663,0.33180699863168767,0.35982008337692567,0.3457078099609486,0.2891092085720712,0.3664195128323794,0.36611621108610864,0.27454540999585325,0.34194399416848426
2746,0.3472217,0.34963855,0.34847984,0.2948703,0.28560191701015675,0.3426352793840836,0.3016491958386306,0.2614232974903671,0.25579175713613433,0.2847942992088307,0.17970146489782035,0.3050435345988314
2747,0.36278945,0.35787055,0.36057746,0.2917953,0.31496338020205733,0.3494368584886572,0.3179032120375481,0.2861691595365722,0.2792121260680352,0.30447205144477263,0.17339236768889166,0.3198540857674755
2748,0.59196156,0.5963737,0.55039924,0.7430193,0.7001992770616761,0.6565250194243291,0.6775283894422808,0.7799570191078999,0.7276791965801678,0.6493127563616261,0.8350536045639279,0.6463523673437275
2749,0.27794105,0.29053473,0.30564645,0.24216327,0.2613732622063733,0.3381307653894041,0.24924523526635145,0.2289262619715598,0.23217502795369088,0.28346796030253923,0.06912866294303181,0.2737302915873544
2750,0.5514401,0.57593364,0.53545094,0.75506127,0.6719223593338424,0.6335686430480486,0.64930540067646,0.7596671438169544,0.7540050992018807,0.7240763314316656,0.9004651847851848,0.6490979374133948
2751,0.6343192,0.6388793,0.5997794,0.89167136,0.7694226701342605,0.7457643425532812,0.7490449093836863,0.8743245546066916,0.8999474450302596,0.89359028153275,0.9799448491388315,0.7579771226491284
2752,0.307762,0.29288512,0.3033848,0.20371719,0.24177480088981707,0.27377317279875335,0.2916387968186712,0.2338227668510701,0.23270948195106939,0.2626925154481902,0.12616144720764555,0.27466231077919545
2753,0.32868892,0.31542727,0.33430213,0.23512876,0.2737521045748882,0.275209760573263,0.2994587456162062,0.26663722205863694,0.30629297151138085,0.3238330740132935,0.08925127420379583,0.315651171879469
2754,0.34281558,0.34819812,0.3534168,0.33653155,0.3006836956207156,0.35759207255346126,0.3427520438131636,0.3275396171766449,0.2834434991576802,0.3247396533354673,0.26993157909935467,0.3277102107630394
2755,0.3398561,0.3324194,0.32662475,0.3122193,0.32417253964305465,0.3774566388374522,0.3196120707182853,0.3105285060289571,0.289055207001408,0.30072395349818326,0.6441247065728973,0.3198690785656856
2756,0.29067165,0.28564438,0.30709583,0.1884611,0.23644253897725206,0.3177283295234588,0.2536659428049818,0.2171627721347001,0.22364853668936396,0.24620218803736632,0.1050629706607515,0.26036943525464473
2757,0.32640857,0.32487717,0.32368565,0.2626544,0.287674230787183,0.3106124584397041,0.2912006222158339,0.2613313606532225,0.25355595019220634,0.2800615980343647,0.2713056714241361,0.29238823382009665
2758,0.32157937,0.32140467,0.33053607,0.2508988,0.2838177448660181,0.2814287943603257,0.28225261365447507,0.2465836885065719,0.24810505024532584,0.2825427011258104,0.21500189307962084,0.28925830793407686
2759,0.2660311,0.28168997,0.29482448,0.16878302,0.2019622170693128,0.26669319178861894,0.18824489441255224,0.15392286519231418,0.13821964414281585,0.17439494151702267,0.07640904709566793,0.21392136829572247
2760,0.6204159,0.62288094,0.5939715,0.8585335,0.7476840792008945,0.7611323485221738,0.7218733925843857,0.8566580981336465,0.8996799798627103,0.884915771387322,0.9792267591571242,0.7509147985035621
2761,0.30648798,0.30149537,0.31362945,0.23966262,0.23940111832859431,0.2839556138078653,0.27283957564490946,0.22820434293428565,0.23224169777696516,0.2418871915190226,0.08537320921842781,0.2699862893717143
2762,0.32560676,0.2999641,0.3145751,0.21882579,0.2315897903909648,0.25174368644549067,0.26914932020972565,0.21017770754762005,0.26522997232034773,0.2673967883373817,0.14578172422499663,0.28193975905706126
2763,0.37147158,0.37165663,0.36213964,0.34420004,0.31315533044696364,0.348338256883913,0.3362161258637029,0.31309015511586463,0.30927599021539665,0.311363906945667,0.4104396535978564,0.34139166527496534
2764,0.29940772,0.30074483,0.31552577,0.25141376,0.30096739276364226,0.2850629373652533,0.2992522753232473,0.2666315416730441,0.21600178886108107,0.26845849653718107,0.1039200516492969,0.27500079623968365
2765,0.352429,0.3337098,0.3454898,0.28931135,0.30645238483638043,0.36470097242092586,0.3240661536861015,0.28216231319084767,0.28200454219854815,0.283769374379562,0.3028515816698769,0.31297631858127195
2766,0.27091667,0.25992948,0.2871595,0.19508538,0.23549014690282988,0.21394017892638484,0.2521212923806509,0.2154185067977899,0.22940694494402658,0.2377124642186046,0.14795160021989023,0.2526747233165052
2767,0.5918443,0.61416614,0.5823084,0.86859256,0.7586528322330215,0.7240747678141048,0.7274984183412128,0.8528103924944027,0.8983117128349957,0.9014812863076888,0.9824554115782433,0.7449353364283627
2768,0.3208358,0.30646658,0.31512803,0.2504821,0.266578350963452,0.30754681024078023,0.288401082565147,0.2579456587146973,0.23490060956843126,0.27452724072079027,0.22003767840908,0.2833975712347081
2769,0.250426,0.26700646,0.28610474,0.16865058,0.19849402120121531,0.1877685957523838,0.18799228219833403,0.14527993832496394,0.16345260117582106,0.17271287425448695,0.023114651985160717,0.21192393068736912
2770,0.3964112,0.36402136,0.3963162,0.35936132,0.3004252914863656,0.32152022705596106,0.3332922822143336,0.2967829839743999,0.2786791605981252,0.3224439663665671,0.11866018196070063,0.3361223184384573
2771,0.31777543,0.30539668,0.3116341,0.23911965,0.2535930091888089,0.27670870896143257,0.2772039745557545,0.23625737127962337,0.2637532439351251,0.28085388333323724,0.1846961614239171,0.28661361096072
2772,0.40982953,0.41771215,0.41009182,0.4992369,0.4149655423922944,0.389583756736659,0.41622203008806125,0.45637365447910144,0.34599701453240755,0.3593615181343648,0.5254438373433878,0.3924276915368571
2773,0.3362475,0.32744858,0.32928103,0.25808153,0.2847256517713149,0.27194998373533197,0.30553708015001,0.2620228494831664,0.24461731760659483,0.24872178743461246,0.28912873014594165,0.28896903133450386
2774,0.6027457,0.6224589,0.5870172,0.8622791,0.7379316335774361,0.7291740591722079,0.7110498376825997,0.8308391304410957,0.877096436913831,0.8571694378346889,0.9385905602541129,0.7325520243745849
2775,0.32906693,0.3145488,0.33173284,0.30747122,0.2917423331993446,0.30258331591342325,0.31425777259282667,0.2745413099071391,0.2895174168962051,0.2948841542075222,0.26129567045552715,0.31216141762501526
2776,0.6011582,0.6167458,0.5821043,0.87631595,0.7593049842984783,0.7512641086315563,0.7300098342677236,0.8579491920702746,0.8687731797760352,0.8558965208040329,0.9867677138351155,0.7356477746683845
2777,0.5412439,0.55668,0.52739584,0.753607,0.659503337101145,0.6634725511123738,0.6463484353701152,0.7379480582781632,0.7426981485674852,0.6952800739581824,0.8236217354239985,0.640148365406148
2778,0.5814171,0.6079554,0.57900536,0.86822826,0.7504501748299567,0.7258515301193684,0.7298213124731945,0.8509634075769774,0.8932673672554952,0.8830810914494591,0.9860518317299704,0.7404076013690507
2779,0.33480784,0.32682776,0.32316905,0.25647062,0.2848128573089845,0.32314347650572517,0.3133225529749607,0.2900347097790652,0.299145703467671,0.31764909456766965,0.3818489467344094,0.319013876950246
2780,0.3747707,0.3296401,0.35813832,0.29424137,0.2903897238108174,0.3367293972706856,0.33657923251942573,0.287542578110906,0.26425709015593657,0.27054857043039754,0.19323179620721542,0.31663899041499455
2781,0.31885713,0.3041787,0.32580075,0.19775915,0.2356514583542218,0.289869615874776,0.25804083038413317,0.22164106097219363,0.22770315754729603,0.24639582586228365,0.06472031449431545,0.2717630717136808
2782,0.26984572,0.26087275,0.28333497,0.17082973,0.2301058587043149,0.2158385390123705,0.2504273594236687,0.2091657969561022,0.2206892496913151,0.24566171633776274,0.13065415948511258,0.250528673831404
2783,0.34016454,0.33915594,0.33917174,0.27541038,0.2982356443409417,0.3129500161441408,0.29518202933626514,0.27072745338337956,0.29006944382113026,0.2917839970475556,0.25346358531459956,0.31095392456434084
2784,0.3352755,0.33284414,0.33082113,0.2546366,0.2658389757962808,0.30276347317782937,0.2959495678164565,0.23988922052706735,0.26117780628261106,0.28800991422795735,0.19238011544005976,0.29677175156083735
2785,0.27601618,0.25870633,0.28492612,0.2060467,0.2307079428453714,0.23787632025660727,0.2539390788130634,0.2082834969618194,0.23646282171564909,0.2400826748682962,0.11874762745473441,0.2548839747703303
2786,0.33311385,0.34174675,0.34178397,0.29247156,0.34065630299535055,0.3439830864837711,0.30566460745011065,0.29744540414957665,0.2843666064132485,0.28971768213410637,0.2903474117598058,0.31442461211262696
2787,0.3174741,0.32733837,0.31925932,0.28360647,0.284658594532843,0.32862015247350135,0.30949095112656244,0.2744349656595307,0.29599689724103906,0.2943461839791352,0.2632741673828845,0.3121525340485744
2788,0.3415226,0.35383803,0.3687536,0.33544144,0.4031376343820612,0.44356971002379764,0.3411933842363395,0.36278009104414727,0.30561055193951264,0.34526078145074396,0.3348473388552461,0.3522455228999085
2789,0.30868697,0.3037343,0.30267453,0.20083556,0.24742316791051627,0.2691690161102525,0.27239963860638433,0.21383875686508125,0.21377638679205108,0.23926935246142889,0.12801732512180772,0.26188041430099185
2790,0.2513438,0.2620965,0.28494176,0.16380218,0.2131486321188591,0.21966428886704134,0.2150401027942796,0.17747891409755154,0.18989129078512787,0.21970379152172298,0.12981586170261758,0.23086519398945593
2791,0.5201878,0.54455435,0.50983787,0.7213937,0.6624702788332251,0.6127982133830452,0.6231003743850125,0.7355614121019342,0.7354347062540111,0.7055121792517218,0.8188437113988831,0.6288624201648603
2792,0.34920487,0.3547812,0.3544194,0.29894924,0.3175769472564661,0.36319340120856003,0.2959534086412061,0.2945053676419071,0.2744761954510661,0.28271117426085324,0.2018131708437755,0.31163506658803136
2793,0.30030242,0.29802343,0.30089712,0.23268095,0.24811426442435205,0.2502502192821304,0.2620785906971038,0.23994710717633289,0.2649561397464762,0.2806588195486922,0.17280563175206792,0.280787924867776
2794,0.28531152,0.29236445,0.29711354,0.20594022,0.26067296199038126,0.27521586885190785,0.2627347527299178,0.2460807167431366,0.21382822777283614,0.2288232197147146,0.1956138224648383,0.2572748475300855
2795,0.28516504,0.29725787,0.31179965,0.20572627,0.23765666262712615,0.2963902303953484,0.26141486922638063,0.21908936895418618,0.23330428222257021,0.256332223511905,0.07463359862562292,0.2653837830772683
2796,0.333977,0.32173252,0.33086243,0.27503982,0.2651700035478327,0.3244676814749519,0.301754553681779,0.23306133967214207,0.278369842840069,0.3027984390422844,0.1468555612086241,0.3028097517150062
2797,0.33332568,0.3283125,0.34221905,0.29685557,0.271126667984368,0.28142032915408854,0.30154979033036244,0.2664122325332528,0.3082732933117957,0.30922456785795566,0.10369039193564822,0.31522473035988546
2798,0.27727076,0.29964772,0.30554754,0.20861927,0.23490077212443122,0.272616236072051,0.22721920146333097,0.20756509086717662,0.2289973184771527,0.2504643533931607,0.035054895832302126,0.25897237549058694
2799,0.31735155,0.31047472,0.32246265,0.23984833,0.26923274029050903,0.2878448508258971,0.28907964408999776,0.22859269441756194,0.24705608912422047,0.28106518745761455,0.22339572747281938,0.2847191854943831
2800,0.3952476,0.3892631,0.36162707,0.31193805,0.3418424151224848,0.416751129550911,0.3632655423413863,0.34034096261520236,0.30108325576450634,0.30300265628314915,0.3585369898060879,0.3465034597974882
2801,0.28849775,0.28492898,0.28941098,0.19607845,0.2469240331428356,0.27893314684010967,0.27293173744592064,0.22977549919050197,0.22496407884965314,0.2427408277367204,0.07268937608123942,0.2610850561524224
2802,0.29499665,0.29969257,0.3017652,0.23007254,0.30283318948962845,0.2957062063236059,0.32335638390253096,0.27010395562631573,0.24458084518991074,0.2379925631556273,0.2576520798226602,0.28140656880583315
2803,0.22017118,0.2394524,0.26188275,0.12705155,0.1905635342272371,0.1880303803162447,0.17390896213535398,0.13618398858131453,0.1414198627915959,0.15023571199032024,0.08624577931153496,0.19124172722684726
2804,0.2903065,0.2784075,0.30577284,0.18675168,0.21798445190254037,0.16848652084813298,0.23695921689659866,0.18743796732580162,0.18027313364525654,0.21109272754347935,0.15561016529251853,0.23585938937218556
2805,0.27017936,0.26743653,0.2849597,0.19376874,0.23091704201128951,0.2696121094613172,0.2456189373776855,0.18521208913183063,0.23819062409375197,0.26751435064546586,0.1645327295699132,0.26032347872948647
2806,0.25577292,0.27026224,0.28759405,0.15963908,0.2057815181820899,0.20883469560484286,0.21470588307599048,0.17361410596352783,0.16628987270076756,0.18234559907945638,0.07105839627325436,0.21704851652059673
2807,0.32366836,0.3106485,0.32715783,0.3075156,0.2940947053863333,0.30188739550620525,0.3180074437004527,0.2746785505007052,0.28832894877267645,0.2942849849705387,0.2701621130696078,0.30973902660875036
2808,0.3382159,0.37667572,0.3593234,0.3597233,0.41928533224503906,0.41162733617203295,0.33883896899795074,0.359274395619404,0.3344072067619831,0.3566058194452356,0.6239429973121369,0.35645625227704747
2809,0.3141195,0.30097282,0.31140104,0.21517293,0.24143403137604696,0.33285472886127493,0.2672330802453555,0.25016673083414975,0.24557098673309677,0.3104751574950694,0.32129401431788684,0.2910131127117597
2810,0.29566896,0.28548595,0.3011942,0.21512885,0.24641921569305567,0.28247239269319196,0.25004413686191196,0.20131282563141242,0.21822090495897103,0.24707209755728368,0.16441634345787776,0.26385866229478305
2811,0.2862385,0.28150094,0.2990095,0.22096542,0.2297694460504069,0.2609060276627205,0.2524881394347922,0.19846475538289005,0.23810699869435864,0.25572689504425944,0.14252445409788717,0.26362669281338014
2812,0.6100408,0.6183323,0.57754165,0.8362409,0.7138785559849253,0.7533653652859381,0.7177267000940868,0.8279036215298419,0.8830597670481746,0.846510725157521,0.8874848684325155,0.7314436354702325
2813,0.33726463,0.32987878,0.3254707,0.24003497,0.29933838600728974,0.3279393724204973,0.29038172737394535,0.2521068277101226,0.2575391464335378,0.2841852764918749,0.25244621584056237,0.29874717573638143
2814,0.5853595,0.603415,0.5634213,0.8393222,0.7112609823160295,0.7048586981709597,0.6910956834981168,0.8008032338734623,0.8574615522613742,0.8418213448809932,0.9226455467146287,0.713399345399292
2815,0.5489359,0.57402384,0.5407907,0.7749659,0.684433519506735,0.6345745131639161,0.6382986203361499,0.7369838370461564,0.7177712733544085,0.6920455734184815,0.8067364500940022,0.6366645533397486
2816,0.29637605,0.2960291,0.30250272,0.19543318,0.2532772418460533,0.2664431990722051,0.29098115196982255,0.2267310504090463,0.24119723612241492,0.2644346675700408,0.12668511849415107,0.27710921347952244
2817,0.32929188,0.31675842,0.33408418,0.24402079,0.3053875587258492,0.28515956190341707,0.2957036300930598,0.2623540523654845,0.2701923833960749,0.25573733080101996,0.20019973945907635,0.2953108957106428
2818,0.30249354,0.30241913,0.3099205,0.21869867,0.25190486337506307,0.30853482370751134,0.283584888524752,0.23900981744860644,0.2620816960250615,0.2840837103372358,0.22125511167424228,0.2881751553947328
2819,0.2920454,0.2849916,0.2999429,0.21263716,0.322494513991779,0.2718647801056323,0.3037259499203612,0.28723428496229486,0.24631235758549358,0.2717244139843564,0.3585234048179962,0.28278664184315777
2820,0.26141757,0.26850438,0.3016479,0.1979113,0.19473639333789153,0.24077388372840886,0.2006102948626157,0.15121807536854245,0.18114060023065118,0.21282206121633823,0.009293915295425326,0.23066779617521088
2821,0.28519368,0.29197136,0.30653054,0.211616,0.2480145578467138,0.29222522150609315,0.2448109751556617,0.207208746087793,0.21396303279116652,0.2562082296104612,0.17038010019125807,0.25988627371783596
2822,0.36996683,0.35829318,0.36789054,0.32881352,0.3532986260951231,0.3902941166769741,0.35790266947024985,0.3733871259243225,0.2994617131216404,0.3242852045870682,0.2946696560145676,0.34109422559129016
2823,0.32608014,0.3295541,0.34179822,0.30205566,0.3166976236655966,0.3380330212322382,0.3103838986195008,0.3001338520122625,0.2682435433843393,0.28706891366874265,0.17495150014849717,0.30779561366411706
2824,0.5681222,0.5925809,0.5534941,0.807361,0.7031742802687292,0.722851784721852,0.7041683969629728,0.8025014899998066,0.8512114720267997,0.8522591999517009,0.9126227673552707,0.7109426635786587
2825,0.28860998,0.27102524,0.29397702,0.17486438,0.21841123491387276,0.2679349268399588,0.2624055236853559,0.19362916735871144,0.24043921437154375,0.24314732519510462,0.11028860558676645,0.2605522298200317
2826,0.59815663,0.619279,0.5820953,0.87009317,0.7595469213271465,0.7371034870943055,0.7230301710077525,0.8560540735266846,0.8829786871960057,0.879130309207197,0.9809633270326609,0.7403421596420241
2827,0.32208103,0.32820964,0.32270935,0.25681758,0.32411438164561807,0.3000509266909027,0.32666789664402807,0.30853187758577116,0.3299510229083263,0.32154070718457933,0.38913428063788175,0.3223771778732351
2828,0.31408954,0.29334053,0.31968626,0.25407884,0.2690659087412767,0.2809084275382859,0.2935390693205944,0.24732413351804822,0.2472468345824872,0.26308450852636645,0.2113022338623492,0.2827250841436938
2829,0.58499235,0.60112596,0.5742594,0.8735005,0.7493051793317941,0.7474074928750235,0.7214413938269282,0.8502127575362808,0.8729435121415239,0.8734823697937015,0.9682082074969314,0.7333050738182287
2830,0.5847626,0.6071814,0.5804275,0.85792863,0.7445491537864127,0.7222670539725085,0.7110466745420315,0.8420414012628397,0.8783210417537651,0.8715838260811232,0.9580511009538316,0.7298562895285816
2831,0.62391484,0.63611317,0.5900443,0.8718793,0.7548122550905906,0.7348672455015354,0.7362158480127566,0.8624106046943544,0.9184898685983048,0.9035198081141218,0.9766633593302491,0.75986465919668
2832,0.29185724,0.28840944,0.29782274,0.15726879,0.20848330110072633,0.2271091788656922,0.24379293093909907,0.1775900195583638,0.22893937274337034,0.2482415286523007,0.06082690770356386,0.2568872318152725
2833,0.36332065,0.36689478,0.34668788,0.29756433,0.3382875906083028,0.38248899188766905,0.34792150843868147,0.30446786897047606,0.2783306909269147,0.3070229409197259,0.23229310737184505,0.3290750116771349
2834,0.5633086,0.59479964,0.563054,0.8178457,0.7276430019525691,0.7304716439908875,0.684043256007767,0.8072477242639364,0.8256667025621521,0.8204366332106842,0.930424720379532,0.7003464478892304
2835,0.57088584,0.6061293,0.56968296,0.83117723,0.7257228414006305,0.71058905518429,0.6760504949013193,0.8110642057149358,0.8509878193192734,0.8521880662982371,0.955657251630139,0.7115711172105958
2836,0.2490137,0.25163358,0.29044595,0.18245932,0.20630678935791263,0.2903104558260553,0.21008236706584352,0.15640939301544363,0.1802352906139192,0.21551425857462467,0.05901094017166425,0.22700083676861524
2837,0.26122564,0.28584346,0.3016879,0.17850058,0.20534603942941568,0.2616839293667757,0.2242833269251768,0.17527720915011172,0.19906242163737087,0.2017559540589114,0.13132404981034,0.2386078763028297
2838,0.32560095,0.3219935,0.33228064,0.34952438,0.3538275242600274,0.3579349198038175,0.3454728022288489,0.34638975047248477,0.3905781427016558,0.34164866342055505,0.3246107138757576,0.349939210665031
2839,0.44412917,0.48524246,0.40622076,0.48347002,0.5489830343262774,0.5446327385159571,0.542562441446837,0.5468093070540467,0.6137306683823291,0.5074017544333854,0.8525537479540812,0.5196164164207098
2840,0.2714531,0.27039322,0.28662837,0.15535076,0.20067629125980346,0.24898729448645057,0.2100265683250706,0.15749737073147507,0.2062354949071589,0.22076542786084657,0.07226760596580543,0.2362289901595227
2841,0.6436085,0.665408,0.6010646,0.8729795,0.7727425061117871,0.7354915097806692,0.7499593458759903,0.8813441138205043,0.8984837408327788,0.8779849458627595,0.9577483513155608,0.7601881048085175
2842,0.30218172,0.28907982,0.306273,0.22381547,0.23625435212902174,0.273280326458201,0.263156717330599,0.23639109589981228,0.24446487157165656,0.25336962089386306,0.1484327275274864,0.2725047662602279
2843,0.32458568,0.30968922,0.324835,0.23121658,0.267514638061467,0.3153616760600385,0.27803928391782323,0.23580052557266495,0.2705993232953911,0.2733275060128128,0.11482458762308516,0.2929021267808598
2844,0.30276895,0.29907113,0.3102768,0.23797269,0.2607717983952527,0.2879074684253018,0.2833021603454608,0.24127335068645284,0.2703409664953727,0.28045749672090975,0.21220152591027555,0.2879004256000174
2845,0.60316736,0.59998596,0.5647148,0.82247746,0.6734776076934226,0.6776978363702343,0.65974306243534,0.7567793902220854,0.7901891316703873,0.7732568943047716,0.9190983164664382,0.6861262823088488
2846,0.34786692,0.33296224,0.34776574,0.30899397,0.275662875848356,0.32980658076543407,0.3150317048108342,0.2792695016880483,0.2937955885687475,0.32706275147425634,0.2687891902878007,0.31940939057909457
2847,0.32318947,0.333286,0.32927093,0.23061578,0.2986194862462043,0.3346851346552663,0.2830467539113969,0.26025892000790884,0.21327966004835322,0.2480508863921492,0.2549807938964389,0.28375747294188536
2848,0.30795074,0.30750132,0.30965388,0.25466448,0.27863102263778394,0.27222120517501514,0.29297844501375997,0.2620869071822857,0.28040953060984114,0.2961041433901702,0.14662031286560118,0.2949278361015453
2849,0.3339849,0.33858734,0.33111694,0.21242216,0.2708562373069051,0.28528049655384563,0.3018473211589902,0.25832084133361544,0.240005145691662,0.2672618702598851,0.3353401538965752,0.289216390738793
2850,0.335284,0.33912355,0.33691564,0.25590944,0.3085158879699016,0.32492580412181693,0.3064944325474534,0.31629751298004627,0.22302567981462165,0.2550243676688124,0.27641590100362656,0.2927332440746031
2851,0.34124282,0.358738,0.37974375,0.38476473,0.35093180673960517,0.4156727809803429,0.3323301626352474,0.30054202045323286,0.30017392938198834,0.3401243468281849,0.23552635705371516,0.33688497858495076
2852,0.32905132,0.32222778,0.33222124,0.2698953,0.2515004311458814,0.3021995347986853,0.29449885036586776,0.235987450994059,0.25217600712232785,0.2845540843093768,0.1032678119918969,0.2933967655809762
2853,0.32529217,0.31874666,0.32194248,0.26167482,0.2766811567390276,0.3137960904486504,0.2943833664331886,0.23494217487327917,0.2590207191848135,0.304027922769039,0.3377281048656992,0.30096385982660917
2854,0.31523842,0.3036151,0.31254497,0.21660776,0.25515351343322135,0.26991658424540216,0.2813125333580707,0.22788661315859401,0.2467338366592225,0.25356171883850853,0.09481174509972647,0.2769245490474409
2855,0.36671996,0.37193656,0.36238125,0.3231655,0.38989013124472843,0.34374285345281796,0.3445850514508281,0.37524585314033215,0.3614819609806686,0.3618265267343042,0.43178669940009806,0.35910542671893503
2856,0.27741617,0.26965708,0.30424857,0.23203106,0.2292102975441231,0.2941867416633042,0.2673118146955345,0.1949838419960404,0.26485636131720774,0.27999144794337555,0.05241965813193635,0.27493965056305625
2857,0.34895873,0.37741584,0.3699503,0.31560534,0.3151110466682123,0.3376715909093396,0.31275746685958195,0.2703259635468444,0.30098716152550964,0.3427481879972574,0.21056480752638135,0.3334391755094133
2858,0.6386296,0.64005774,0.60315114,0.88737744,0.7534197459704826,0.766249301814075,0.7443405941892302,0.8506592196843794,0.9054901303103605,0.9089207056723818,0.974866064366673,0.7633421009104487
2859,0.27724558,0.2854944,0.28804544,0.23313777,0.3872431537503223,0.2860339047901643,0.3501438271747965,0.36475369863308726,0.30466248440398996,0.2830167025632738,0.787994526832626,0.3084415800882613
2860,0.53474087,0.5532342,0.54055905,0.7703073,0.5973723467380793,0.641883403558509,0.5826438332083959,0.6758316606086198,0.8247014868816208,0.8204959501605604,0.6805165305376105,0.6636442243086609
2861,0.27224028,0.27459756,0.29228872,0.20448275,0.301203535938534,0.33624538884329624,0.2592785657612994,0.23237284190679314,0.19021149640378382,0.24329490306384768,0.286523359930327,0.25431467609542624
2862,0.38752818,0.37175307,0.36356688,0.37314573,0.44658944052469296,0.4637178170374723,0.38304486900048335,0.4061168271234966,0.3377055162449227,0.3359695285392966,0.45133905728972135,0.368343982164941
2863,0.3572984,0.35486192,0.33544573,0.29216912,0.3749108220577291,0.4528452266524045,0.34834190299222073,0.4165242989163344,0.2636566361421442,0.25034805019644457,0.2461442741515572,0.32709333767310367
2864,0.3078534,0.29711333,0.31391057,0.27291495,0.25432679223530896,0.25013231034107464,0.280613799160352,0.24525284842099032,0.2681647517631641,0.2754394513879478,0.22891486461458524,0.28690893234674497
2865,0.26007885,0.24441974,0.27069336,0.14439073,0.18114800873361753,0.17532173133695533,0.21028143300814123,0.14633136608978323,0.19690103043551457,0.21048251372491394,0.06324393331908446,0.22217022355354246
2866,0.32066357,0.32075065,0.31607434,0.23570171,0.288178801977048,0.3192091923119805,0.2666574653727637,0.24388118355109648,0.24523778293116427,0.26297525122173265,0.25197935172956193,0.2872590378989573
2867,0.2517653,0.23337731,0.26979402,0.14203435,0.17590377576110616,0.1904020924508457,0.213404180215996,0.143345018553717,0.177752342623369,0.21081821164555067,0.05007150813038774,0.2177029618972822
2868,0.27817103,0.26907396,0.2882204,0.15625715,0.21108163389518703,0.21720308787442172,0.23349679005875745,0.17140855052291032,0.21202606062913237,0.21521777342023118,0.16116615527925932,0.24065719303327965
2869,0.29821172,0.2935909,0.30135307,0.23121183,0.2755243613863014,0.25157925070970694,0.28524877313937963,0.26071344626852416,0.22679741690556754,0.23963149215295773,0.23481715713820278,0.26717455372863064
2870,0.3212541,0.30096096,0.31672257,0.23619524,0.257503425758991,0.28444865532064134,0.27947962341244825,0.23703858343560621,0.25596306996243146,0.264046068571157,0.1835548465824345,0.2843238043723054
2871,0.23499422,0.24019459,0.26616225,0.1425203,0.19279888273735804,0.19993934646707268,0.19508381292396312,0.1523337796881191,0.19216260070347171,0.2003919727507987,0.14034002037108356,0.21637112667249644
2872,0.31740063,0.3033604,0.31460008,0.22792718,0.24960250492710312,0.2849023458718895,0.2879163997380263,0.21948355898912064,0.2736352074375986,0.28596891655114015,0.16809395519479517,0.2917766159746527
2873,0.30175725,0.29574537,0.3085041,0.204482,0.25321862798431005,0.2918485557818089,0.25274800983858614,0.23674622415408764,0.2287567726819706,0.24342833880260537,0.17038766577201098,0.2650319706841211
2874,0.3315348,0.3186744,0.3233241,0.22408035,0.27627865212055003,0.2853399216230882,0.293331948793173,0.25209769971171003,0.2462455333470317,0.25693817647178463,0.22926034042467908,0.28743557800002234
2875,0.56514925,0.5951129,0.57007396,0.81297076,0.7126839459753204,0.6952514381844236,0.679025915328309,0.8036228578741433,0.8355674139082876,0.826051824057671,0.8664783648643011,0.7018682632699186
2876,0.33893856,0.3557635,0.3415408,0.304775,0.29550272526193555,0.3312557404882611,0.3090975512774164,0.27889165896254775,0.2907464460417398,0.29798750289108555,0.46369662480953516,0.32094461670708235
2877,0.2037907,0.2068142,0.24977472,0.092094645,0.13078478651028944,0.10242492392849045,0.127147786434788,0.07349204888411369,0.09997081868788407,0.10598328992905892,0.008322725841310464,0.154006645928248
2878,0.29138583,0.27354878,0.29300717,0.21949978,0.23436579424704013,0.2541256613667867,0.274537495744669,0.2227953033072246,0.27368762616829756,0.27452320161828336,0.12872703425371487,0.2778685989271631
2879,0.6156759,0.61932373,0.5932321,0.8216874,0.7352369759429802,0.7275896880665743,0.7257870328940773,0.8299496482242545,0.8377296333977202,0.8442302943439609,0.8866642996565716,0.7246470280451901
2880,0.4100829,0.4720121,0.38591686,0.36256856,0.4491973956436409,0.5105899970561902,0.42280181790044163,0.4510785591281932,0.44282909167222045,0.39177568252407824,0.6184862863987248,0.4210197403846786
2881,0.2884745,0.29876208,0.31757867,0.2331448,0.26312791800211255,0.3121972624501844,0.23784455274217073,0.21187081886888634,0.1830642033230192,0.2054812803094231,0.06955622961413162,0.24844623994949808
2882,0.29531488,0.3010543,0.31213707,0.22084856,0.27388546350026655,0.30330105666356644,0.2686629751009371,0.2321067001048865,0.2376715223287099,0.2916322881891694,0.23629566300887356,0.2811675751709096
2883,0.24412116,0.2566252,0.2734056,0.13258041,0.17672066791881674,0.2166662950996975,0.18219249885486133,0.12921668087742416,0.15761832318914704,0.1605516486151231,0.08635631929133832,0.20274064107051798
2884,0.28725737,0.2836911,0.30708498,0.16227484,0.17556079632190016,0.2206426920422781,0.18202002902895736,0.132018448199776,0.1252448919359192,0.15456938551149263,0.016933872721706888,0.20501787839973926
2885,0.3248604,0.31440824,0.3174294,0.22966716,0.27673312414747137,0.266661211261106,0.2989287838250044,0.2577669354186866,0.2752694154456158,0.2790379219337482,0.1479992829432245,0.29339831791980286
2886,0.35359898,0.32912734,0.3824899,0.31496093,0.313223510450356,0.3556615343113117,0.3003161197939664,0.2604235569651211,0.232275390305835,0.27562434905508476,0.15834348690580394,0.3052014337444691
2887,0.35607228,0.34239733,0.34262833,0.3080112,0.33196792363958716,0.3358352697121842,0.32545322039692925,0.2990299789733214,0.26908655451007213,0.27912446263253077,0.25787058686588915,0.31537660710876025
2888,0.3229319,0.32151583,0.3347581,0.2851984,0.2957510280919856,0.3168925649909564,0.29028754162477255,0.27027251902561733,0.2544828097766973,0.2729679763148586,0.3536353498227705,0.2944197794469662
2889,0.30471858,0.304048,0.3110188,0.21945195,0.23780330462177024,0.25424130669814693,0.26993568327083656,0.23484931955197963,0.2356935887115817,0.2592388087985732,0.07279193233810924,0.2712531225087028
2890,0.31498456,0.31124574,0.32431564,0.2500043,0.2768351667055017,0.275965947785275,0.26689639696308753,0.24331319398650836,0.23464321660409831,0.2556397887874169,0.21203625521081926,0.27757481856460814
2891,0.2698375,0.2502116,0.28210062,0.15288952,0.18953192794517223,0.22079578740797282,0.23273168409745226,0.18704230144184558,0.20746310966900108,0.2203375780244051,0.09914685264775919,0.23804989685099648
2892,0.24434862,0.25136402,0.273292,0.19910958,0.20510662707363386,0.20797193866675462,0.2281171803968997,0.18344122653202885,0.21339464744853648,0.2230563937517688,0.11294060512192775,0.23585084960269626
2893,0.5936035,0.6003811,0.5844377,0.87944,0.729549942963487,0.7261058774848719,0.6730884039854395,0.8106337309051164,0.8945983336343865,0.8963391688306451,0.9590421596795213,0.7334626860826479
2894,0.5514797,0.57432836,0.52858394,0.7432994,0.6422980974893584,0.6374676140400536,0.6407063162288396,0.7411799898902142,0.7671039815781207,0.7435637537201684,0.8833238170970699,0.6530739507180756
2895,0.58830225,0.6112511,0.5820662,0.88386023,0.7573513703391128,0.731676952532036,0.7203287423539628,0.860686275516151,0.8970833516152676,0.8838323982981138,0.9809289845179896,0.7404751974744367
2896,0.30495864,0.2889604,0.30979708,0.22712001,0.22981816943745798,0.24404281480359077,0.25963615564256015,0.22552941490954695,0.2317582094930946,0.26615717027833197,0.11206019918641426,0.2696099499879767
2897,0.3488589,0.3560044,0.34236312,0.29903263,0.34478381530997726,0.32635961490779497,0.34867715428921164,0.36237595378983267,0.2898656658365713,0.2921467840888222,0.45542296550635486,0.3280689880132899
2898,0.29247117,0.28775644,0.298607,0.21437733,0.2608729920113607,0.34514007966492705,0.31157531001877914,0.2672438001384503,0.2349809199577039,0.26517205635710145,0.2458347500589367,0.28491589043493104
2899,0.26962402,0.25106952,0.29397592,0.2062637,0.21756484739676124,0.37385793866837685,0.24677282138310472,0.17866957759506782,0.20794668516059928,0.22418119694274727,0.04023121388381277,0.24973322371138068
2900,0.30901447,0.295742,0.30608758,0.22376513,0.2356440561264887,0.25840652794154384,0.259900920487488,0.21291975194405754,0.2254816175650979,0.2192779477615821,0.2102886449050493,0.2600451323931664
2901,0.58114284,0.59986436,0.5580253,0.8290669,0.7114825250454088,0.7412446758897406,0.6858666306670772,0.7845144517314111,0.8951976930432094,0.8804301932496251,0.9439585009487492,0.7261500859379981
2902,0.6044448,0.6112473,0.58145297,0.8559626,0.7422495396706277,0.7283228163989247,0.7325109022301263,0.8327982848703515,0.9028535560897872,0.8819120458877283,0.9311533137173356,0.7434693942624867
2903,0.320779,0.33494455,0.3236509,0.2239038,0.27545088577319427,0.28276402277463725,0.3047583958233463,0.2577814295185049,0.2414679952019061,0.24092464622268941,0.20682388119720935,0.28372443885138127
2904,0.62040734,0.6332425,0.5843817,0.8512716,0.7401797611198133,0.7648253585932292,0.719940206797272,0.8283627634317202,0.8886621048594966,0.8780055237796456,0.9421222770747114,0.7455028227404308
2905,0.3203494,0.29512686,0.33251733,0.16158839,0.2355341313683942,0.21588120436798244,0.2487984276281817,0.1893150196498087,0.18862274831728426,0.2056639555664254,0.10653897304645255,0.24952055764627684
2906,0.31838018,0.32278627,0.33191788,0.2723144,0.3098331076024873,0.29690356404590434,0.30811649188713097,0.2930248384191675,0.27492769815636053,0.280419977190527,0.2754684711409942,0.30417994696724476
2907,0.5496081,0.54664165,0.53439516,0.776176,0.6626210014196365,0.6583441407825698,0.6387563863898215,0.7327030990341752,0.7696089334559142,0.7005638443041466,0.8783243059647274,0.646664853835978
2908,0.2322264,0.24438386,0.26752186,0.13380839,0.1910651627642326,0.18896005996131068,0.17936069844401983,0.14475424654466879,0.156539874946328,0.15359166616646358,0.07876055616307098,0.1993224993603941
2909,0.29409274,0.30169728,0.32261115,0.26504347,0.2596332083521248,0.30055285463038434,0.26922103386216845,0.24382663028451787,0.25254830299984554,0.2628263430590097,0.15334205805751652,0.28177816508456793
2910,0.31464157,0.31112912,0.32185787,0.26374024,0.29493099634964387,0.3068781337502624,0.30625175621706013,0.2662829262180372,0.263016979177493,0.25781682795691896,0.3776312250208696,0.29240038415201414
2911,0.2861824,0.29699594,0.2976655,0.1853354,0.2262536957978451,0.23282881454996923,0.24698441475280847,0.19050673568320672,0.22565804674784729,0.24509638667151457,0.08943108086992924,0.25777336464927025
2912,0.34265345,0.3345142,0.32819098,0.24007304,0.2679995448086367,0.3278945942856343,0.3076792733245526,0.2622695427759974,0.2777931033462282,0.27450261794279923,0.2169819352450839,0.3006725394993157
2913,0.31676048,0.3181128,0.3189069,0.23544064,0.2585240547495432,0.27140687066928443,0.2770857975930049,0.24603311699308877,0.2242821360128481,0.24945258511955243,0.14607894373545033,0.27418939178028306
2914,0.5992833,0.6068879,0.56781846,0.823942,0.7068607040247413,0.697106881709342,0.6834179984473516,0.787029106467992,0.8047528242915029,0.7762455111533346,0.92911059371064,0.6915126528622212
2915,0.38515052,0.4201191,0.392644,0.46426687,0.48934708167379704,0.48840083276588897,0.4350177089817603,0.4888787644874991,0.48260455506269667,0.4064454463008066,0.7163529436598913,0.4369714568874793
2916,0.57009673,0.5731646,0.5523641,0.8002758,0.7214088572488485,0.659971139464951,0.6715801001526305,0.794062117602953,0.7739112334158273,0.7403163904923371,0.9343527353628296,0.6700625323417903
2917,0.3495441,0.3350858,0.35687223,0.3220989,0.3551925873587179,0.3820381842001496,0.35890283296954906,0.3356896747193988,0.3275913185902636,0.32153724461943917,0.3667805742047558,0.34343013319342586
2918,0.22965738,0.22363389,0.2662939,0.13311288,0.16815105770780966,0.15027128544695625,0.1701311766530421,0.12394666976780977,0.14133481461034672,0.17696286995352067,0.026599775712839547,0.19265281691311925
2919,0.2642826,0.26403657,0.28834715,0.20651245,0.2181414467103449,0.24860623180539326,0.24404087910613148,0.1816926505257635,0.2130415679553533,0.25104052653162967,0.07986015593697923,0.24874911419540222
2920,0.2759233,0.26745957,0.29888216,0.21734333,0.206773647684167,0.26305134361547095,0.23911082334210895,0.1762644967447646,0.22267461384595993,0.23684892517954337,0.12756626918045413,0.25062124186040713
2921,0.6175684,0.60841066,0.5963157,0.8480172,0.7158047938051852,0.7133261214744082,0.7244020757249013,0.7995888170550144,0.8392447919386669,0.843044488812701,0.833015717380805,0.7236306587755871
2922,0.30066144,0.31190544,0.32164222,0.21950778,0.2593400125895522,0.27930878520258406,0.24409503982387754,0.19951124752680421,0.20999609775777142,0.23183262524565107,0.17646337141645846,0.26119829949392787
2923,0.34897614,0.34912437,0.35997635,0.2772564,0.28324950488586587,0.3441464703937288,0.3006171605194693,0.26936085237775675,0.2708845405337111,0.29239833783652047,0.27792331473836135,0.3110523106191679
2924,0.29952538,0.3020137,0.30450782,0.20456147,0.260100787026637,0.2708209109625277,0.2471738459772766,0.20865708979510708,0.23335570857090282,0.28237267754210893,0.22873996158104956,0.27289421647478285
2925,0.326612,0.30903548,0.31986052,0.2196987,0.23969434301844333,0.3026308118100165,0.25130570005317926,0.22679393779622012,0.31306638213065924,0.2899423858560268,0.0702626520170828,0.2995342152914366
2926,0.5851591,0.58358085,0.5531359,0.7601778,0.6347009680588837,0.6469534267389674,0.6365955030246603,0.6917196287574615,0.7292122140500726,0.6603281730132827,0.8617202112069202,0.6334388424041693
2927,0.30516094,0.29464144,0.31709328,0.23298709,0.2644019087768076,0.2940904110538348,0.28806608202145334,0.25377453274961703,0.25038386383802497,0.2596354139096213,0.2458994343252602,0.2816230488105473
2928,0.33649594,0.34179085,0.3431576,0.31902716,0.35892724359103306,0.34554174107618685,0.3289795902796634,0.3055465681752373,0.3294867272901962,0.3261327059309089,0.437343482405642,0.3362103896263081
2929,0.35027772,0.34599164,0.3350607,0.31008503,0.26248311849989187,0.4090790477014147,0.2631589059278122,0.20947151808627912,0.22685927484306073,0.32326317162840174,0.08089056129284376,0.30387561400518237
2930,0.3457443,0.3561524,0.341013,0.27267453,0.3063148274648651,0.38853124490385615,0.3025715188332642,0.2894172391377093,0.24559955340912892,0.2877063174363134,0.339541711848694,0.309057812715657
2931,0.31209832,0.30292183,0.3167429,0.25646567,0.26827337905872034,0.23774856665319666,0.2678544836775776,0.2434356983383253,0.25475154050637977,0.2782598835073454,0.18728390829053682,0.28014214283703165
2932,0.30986276,0.3191991,0.32977182,0.20850313,0.2297448370979242,0.3064308795991785,0.2764079327362077,0.2171181838925545,0.2414150469662879,0.2615850380296715,0.07687456968747361,0.2807669441829385
2933,0.3349189,0.3617652,0.35320425,0.33173344,0.3351215956087057,0.3240342536502637,0.32575308649204715,0.31733929689624185,0.28883069061411637,0.2954989695631681,0.4083530206525012,0.32359048976206134
2934,0.3704059,0.3754116,0.36687237,0.32337463,0.3309101935542112,0.3389215067621927,0.3362795710995806,0.32131184846301314,0.2908024970805801,0.30543955021756214,0.3840317495974937,0.33101815304134646
2935,0.28666598,0.28482,0.29917127,0.18606973,0.24068218374049674,0.26098343047483563,0.2541012186230989,0.19361043372799275,0.21677665722973288,0.2540516295266909,0.11681808044125455,0.2590888550126637
2936,0.5123537,0.5105709,0.484917,0.6035821,0.6496718105952308,0.601162929456874,0.5716059419549364,0.6829233920403295,0.6783505916693515,0.6275269770047156,0.6978148612144359,0.5850078369024821
2937,0.5506986,0.56286114,0.5282167,0.7534462,0.6348590073075624,0.6210980013606486,0.6255396842377493,0.6908479660898703,0.7524571642857266,0.6944713701654548,0.7985968739287113,0.6355150543668692
2938,0.3241547,0.3040915,0.31542236,0.22270279,0.2407166297868611,0.28687305053784484,0.2893047992218594,0.2424064913434208,0.2755406828330201,0.2841243005803205,0.09933859541467711,0.2899752781265236
2939,0.5863297,0.60509217,0.5722207,0.8773407,0.7512787498574576,0.7048874317242044,0.7231215389618284,0.847791611762057,0.8581819756157403,0.8767951698263875,0.9663277091023014,0.7284694986875343
2940,0.41347083,0.36465198,0.34877014,0.2754575,0.25802427214927887,0.31641827533137673,0.3224830269445271,0.254138023061331,0.2630902861202384,0.27753737069580475,0.33705678302307607,0.3173448680922524
2941,0.39973146,0.45919198,0.40619016,0.45900694,0.5120837341528978,0.5432207980040284,0.4247455822544849,0.485696911036633,0.5377682768244784,0.38963078161242093,0.819938411646042,0.4555202743233302
2942,0.6006711,0.61239827,0.55176437,0.74984545,0.7262046528105579,0.7046686054879656,0.7038099756559426,0.8038049737526674,0.7520657047095677,0.6640061102086403,0.9052303501289709,0.6635056891454949
2943,0.61003745,0.6063143,0.5673705,0.77030104,0.6589297432580911,0.67212213925039,0.6486942122098933,0.7227457029038156,0.7553226294087579,0.6628908120849208,0.8540440051301426,0.654011457745943
2944,0.31690365,0.3122417,0.32610738,0.26439804,0.33621831070992475,0.3142013607214042,0.2952717739246896,0.26660168890881913,0.23914083176821616,0.25753192954852555,0.3181978787334494,0.2871217427348168
2945,0.37573606,0.32793635,0.3488108,0.2057794,0.25339078447128427,0.2646332960655453,0.2970084939698937,0.26110462461581097,0.21057084500588333,0.2254903550315288,0.2083705348856591,0.2811830043417924
2946,0.3253911,0.315214,0.3237322,0.26967624,0.2989416235055618,0.27254795807399584,0.2895558092310801,0.25636472165374397,0.24994550031095822,0.24235777934774094,0.24807018711512713,0.2868744737667906
2947,0.32312846,0.3139515,0.31993052,0.21046408,0.2855129609543602,0.3052470612478335,0.28336671661873775,0.2467558412021588,0.2461390569943985,0.2574420937512599,0.22831240555854979,0.2880921590004441
2948,0.30858144,0.30046886,0.31160587,0.21904211,0.25494753298042516,0.2642754929607915,0.28561042144285287,0.2428128081342828,0.2622392737970925,0.2760335447461569,0.14725261234388892,0.28436734396899443
2949,0.28272772,0.29346913,0.29293594,0.20411722,0.2575993598145332,0.24996738594110268,0.28459091603975195,0.2347144774009573,0.21526968216015713,0.2409048507243229,0.238722816096528,0.26070736728392424
2950,0.3286699,0.32118425,0.3301631,0.2525522,0.28962172519621066,0.28150682305812685,0.29905872158071006,0.2557533441049987,0.2503415379079749,0.2527487442391562,0.24913922603139887,0.28973624684816823
2951,0.4360798,0.5002128,0.42598733,0.5337471,0.6387925976421533,0.6345383408319698,0.5540335412390286,0.6414784132119257,0.5830165109816098,0.5419772265887005,0.8810695796512208,0.5252611116963714
2952,0.28434977,0.28305385,0.29782814,0.2152524,0.24399388630036561,0.293488748910706,0.24116200032380944,0.22813053571856648,0.2377800491085238,0.215766663528261,0.18059584546833407,0.2573537280250734
2953,0.3016318,0.27751148,0.30450144,0.1924693,0.2001348292328322,0.28355119371183507,0.2484071185576838,0.1657057551230284,0.27366090214171424,0.29393955335898514,0.08995585799606788,0.2772634998430355
2954,0.6125532,0.6279764,0.5960903,0.8915458,0.762982742394235,0.7301985869959219,0.7410468602291953,0.8655150065430686,0.8980082253416635,0.9035846135666707,0.9763088051968797,0.754453874552857
2955,0.31928483,0.3019359,0.32756484,0.25956574,0.2561436384552199,0.2731964772097426,0.28761019669166604,0.24482231487981956,0.24819119963865893,0.25732242497603586,0.20238074567042327,0.2832408846076594
2956,0.30757308,0.29772604,0.3146182,0.22371182,0.26154751410249294,0.2588135929270366,0.27693697920053306,0.24047320672457392,0.2571637538231527,0.27256670520370385,0.1170589718576788,0.28479138548365684
2957,0.31168813,0.29655328,0.33781984,0.29992792,0.2821480564182385,0.2966464494242018,0.3059535918374231,0.26712384640485765,0.2966855902385956,0.26847234323975877,0.1997779992877104,0.3046091652721618
2958,0.5790109,0.5723428,0.5428597,0.76476616,0.7029400672806576,0.696607208514914,0.6676877826575961,0.7717640971859561,0.7172377726040982,0.6315083258385299,0.8889425918796622,0.639178692870846
2959,0.25126782,0.25867411,0.28211242,0.14577575,0.183128779727997,0.23078029335043243,0.18106601508914597,0.1277657529762506,0.16587581393903142,0.17154828894236177,0.029453824691608777,0.20840647398161244
2960,0.30430812,0.2829807,0.30694145,0.20107076,0.21255389757355053,0.2879851593843646,0.25633586808763675,0.19795500472490146,0.21745851561805626,0.2584651134975607,0.048219070198803095,0.25954813067533433
2961,0.319462,0.34215322,0.33253706,0.29469737,0.4041427672035568,0.39762261400967785,0.31474563736233657,0.41134726522183385,0.23532313713810327,0.24861407758711312,0.5648927648362717,0.30824998663474684
2962,0.2536077,0.24317655,0.27389193,0.15225825,0.1998095886056976,0.18642347641746437,0.23450917194445653,0.1548716639798243,0.2004847798533916,0.2116423210555422,0.20051145416465088,0.22796637909494435
2963,0.6361474,0.6445355,0.6023511,0.8873563,0.7621442629863512,0.772833801217385,0.7406686925249069,0.8680459627408874,0.8997658870005539,0.9046958833584116,0.9925828135218765,0.7614240585182517
2964,0.253657,0.2420836,0.27029356,0.12118177,0.17137847090110986,0.19543580630507895,0.18125412658960385,0.12893841594542002,0.18195165473633215,0.19352772040395036,0.03903533696283733,0.21281485166135714
2965,0.29424992,0.3128712,0.31935403,0.20724197,0.23170737935455143,0.3321132500610874,0.2678076642085981,0.21222931217736618,0.20143408421920025,0.21893665528821518,0.20514982126016262,0.2579844340655036
2966,0.61176854,0.6234267,0.58827627,0.87156266,0.7540696552808469,0.749861913135052,0.7338972742181724,0.8505606461875368,0.8965292826928742,0.8665050437579886,0.9533969974885418,0.7456138659291838
2967,0.31126377,0.32847935,0.32701534,0.247315,0.27565283590596906,0.3345023969272421,0.28919718451016974,0.25627200630330627,0.23525906129285587,0.2643437246795554,0.13029409530855177,0.2832733989656884
2968,0.52087706,0.54504454,0.5170523,0.6996903,0.6121684304461167,0.6523390785135568,0.5682216295635183,0.650328456357675,0.5944097339028476,0.5800319585141427,0.5837352711975361,0.5731474805021755
2969,0.32857576,0.32927924,0.3271439,0.26608944,0.2955931994037259,0.3228305384619993,0.31931209000100474,0.2869190242102452,0.28147566288769854,0.29256047264374657,0.1863511135197245,0.3067353868321379
2970,0.2909822,0.29299518,0.29100546,0.162945,0.21179689043735223,0.22753935049335744,0.24770354952853996,0.1830180887413783,0.22009128792402502,0.24006891651443435,0.2166723661382211,0.25279363526388515
2971,0.28039438,0.27818793,0.29802418,0.18567309,0.25117807358250743,0.27729687271245634,0.2665055822682921,0.22570169549858,0.22310304163426675,0.25501951347402996,0.1716971687637489,0.2634989517417724
2972,0.3507711,0.3375194,0.3453377,0.31287897,0.3298914825626216,0.2917068891750041,0.3229219356656601,0.3185088612395139,0.3063083971541819,0.3089168231751335,0.3392348422332671,0.3258298443847557
2973,0.29255387,0.28506285,0.30364308,0.21522868,0.24606470808855807,0.2580584718799866,0.2595889788754297,0.20692595600226635,0.2300610188934534,0.2652760584200473,0.16418807380558814,0.26692658952881054
2974,0.54825234,0.5686452,0.53330344,0.75610673,0.7000283320865179,0.6347548098013507,0.6454098630405131,0.7502793546149705,0.7076621086579573,0.7005182389761475,0.8996386201100398,0.6335530340117423
2975,0.62979954,0.6178957,0.56639254,0.76873976,0.5797891601972938,0.673645472230277,0.6013485082169121,0.6289325895757912,0.8290957167482229,0.8168759055680024,0.5954973669922373,0.686007536657393
2976,0.5859276,0.5982306,0.565166,0.8237289,0.7137298895755608,0.7050989535819789,0.6947933187232926,0.8119010749488549,0.8430200652449769,0.8290352340664752,0.8800647494470099,0.7092508155879218
2977,0.6199066,0.63140243,0.5908996,0.871792,0.7525073197462968,0.732345486635632,0.730531621602174,0.8503797851541035,0.8916675674975234,0.8645701256930532,0.9625735655060323,0.7439462996396008
2978,0.34685233,0.33536032,0.32567766,0.27839923,0.3104703139038182,0.378572257673952,0.31785930936159656,0.29542499963503255,0.28428928884862975,0.30093719454382295,0.2576507219349521,0.3186587562048763
2979,0.232555,0.23014858,0.25887606,0.11660113,0.16152730278459684,0.1838111018739171,0.16748428003434612,0.11099221480993218,0.15116468721159582,0.1795895245180245,0.02028819554029161,0.19587546623738322
2980,0.25200075,0.24248083,0.2684055,0.15499106,0.20521054106367856,0.19402348840359207,0.2333085929191157,0.17852982938121437,0.20571602381483264,0.22760717794246102,0.059049018976439084,0.23337094636500294
2981,0.3295235,0.32560024,0.3269146,0.25169784,0.28554209950384524,0.3046910798837493,0.29279548039597386,0.2582427423249625,0.2559953852960701,0.2865830346928927,0.268877747026266,0.2951020197518635
2982,0.31093615,0.2974394,0.31510097,0.2492994,0.29689750411207755,0.29794316175229635,0.2802492045452364,0.2989786945957409,0.28395698568682903,0.2641402430562544,0.24957030282885037,0.2925185182155546
2983,0.3509504,0.3391429,0.34234154,0.28359738,0.2869024033867446,0.32021143689613096,0.3073309291538569,0.28957289323526625,0.2986042530164566,0.3209543711786963,0.25026960188251374,0.31997138966431404
2984,0.58576214,0.6113351,0.5721077,0.83669263,0.730204705229763,0.6992026705520591,0.7138860600023862,0.8197471553290544,0.8442032394281579,0.8344601055972355,0.9147993872537462,0.7142185783501064
2985,0.28845805,0.2947798,0.2994293,0.19886559,0.24509562109787436,0.3100966321018964,0.2832691660180421,0.22027324833317463,0.22263686615067252,0.24937496315854357,0.10172149786764732,0.26558563682404224
2986,0.3216402,0.32754642,0.33571032,0.26956326,0.2802666088962682,0.29933635775612444,0.3013540474795392,0.29797454194927797,0.2863482857852328,0.352277281294179,0.11953565294933015,0.3173760067224757
2987,0.6266732,0.6355609,0.58239275,0.8638322,0.7454148133413725,0.7424311426953574,0.7304526989955659,0.8422427406317645,0.8954329458018302,0.8858398188066845,0.9806313073486536,0.7488461402205924
2988,0.6331368,0.6413455,0.59253645,0.85922277,0.7463415829556114,0.7568412016229977,0.7451607683580905,0.8510925809401255,0.8909600860883682,0.8653974622553665,0.940305987340149,0.7494559259177214
2989,0.2783594,0.2888535,0.29823315,0.1844005,0.20973534502276295,0.22745238326859943,0.21598853008179192,0.16864520346317974,0.2045938659397814,0.22863464008744622,0.12206551669739236,0.2435294553433221
2990,0.34236908,0.3238617,0.3496738,0.32994467,0.3317614549908511,0.33124115978268154,0.3352461404635439,0.32056662372089845,0.28330250836037274,0.3337848774624635,0.18353706790270488,0.3281766122268253
2991,0.2915575,0.28683907,0.2955788,0.19233748,0.2155372665634197,0.2551527769980501,0.24447226818308798,0.19467729100408854,0.20741690545512173,0.23028294968496704,0.07214243640678705,0.25002865254088796
2992,0.2960006,0.29810217,0.29829308,0.2133977,0.3067887848538212,0.33958802063477744,0.2774464511773625,0.26520148024771023,0.2521099008607639,0.2706416760510477,0.27650176262404375,0.282598894011974
2993,0.2679414,0.2663526,0.28717166,0.17548236,0.21692715662867457,0.2808674039683279,0.2333433282546527,0.16355557470149315,0.15831138731867142,0.20879110571133963,0.006856735794669,0.22869332862097974
2994,0.308014,0.3248175,0.32678947,0.24901518,0.3263786601179973,0.3180756204161821,0.29868452827591646,0.31641371236756155,0.29970808695633416,0.3074329851011456,0.2683159002909667,0.3177129189713114
2995,0.3397053,0.30960825,0.3127706,0.24583277,0.2386735980695264,0.2585052140712949,0.28492825965486235,0.2257485137423429,0.2653897238198571,0.2949823923681735,0.11566925860830304,0.2890960831445429
2996,0.29034194,0.2805442,0.29967815,0.21288452,0.24909934427253821,0.29019339675381595,0.26596475390615787,0.22372122100009237,0.22778721133457736,0.25968720199875117,0.18826953775602687,0.26476556686735553
2997,0.30422693,0.31555533,0.3174811,0.24710242,0.240744070283281,0.2685000411193691,0.24363742475128275,0.20829784158785652,0.21510849646086383,0.24012273804916848,0.09952614282975505,0.263417012216842
2998,0.6218363,0.61247206,0.56602013,0.79850245,0.7410905894206856,0.7471253241297026,0.71725695412112,0.8146976247804881,0.8042960076859342,0.7118654836098485,0.9412179676306996,0.695042297019308
2999,0.6326541,0.6078296,0.6006187,0.8298912,0.7299693350242112,0.7290532775442202,0.7143305387187937,0.8135305324483155,0.8429867280148613,0.8234936650185581,0.8561760989500607,0.7220564064347351
3000,0.22325799,0.22086683,0.25072002,0.11954157,0.18343455428692645,0.1990397538777898,0.21439401928562196,0.1377905267868307,0.13573860618716976,0.13559946170981213,0.05892207515008837,0.18833465085697546
3001,0.4243621,0.40716067,0.3953225,0.41729555,0.3741788135336097,0.4165303073232803,0.37605446176194207,0.3663780287311612,0.3602763739949271,0.37843360050251273,0.26785021530171904,0.38615048529355345
3002,0.3040822,0.3036172,0.309263,0.22281632,0.22841787490208532,0.2718909757561031,0.2619228945693604,0.20781613617511904,0.22899727947016763,0.2585295006654681,0.13583620291857207,0.26777062662611584
3003,0.39569137,0.390464,0.37157378,0.33910578,0.3509370706714091,0.35947295313159133,0.37452450760379713,0.35503310987840975,0.3318061878263143,0.3113712688025069,0.4823127480048444,0.3603455929250927
3004,0.31254217,0.34649628,0.3370935,0.26877308,0.29653108048269455,0.3925453718894453,0.2634521698560949,0.25307728516337324,0.2778734015365977,0.28871764015597684,0.20756133204377702,0.3023089479056619
3005,0.6399964,0.64471376,0.58943796,0.834947,0.7119465901645862,0.7504035647707299,0.7111052432672162,0.8010565689015735,0.865699809436069,0.8518574438995292,0.8574376809512575,0.7358366368389309
3006,0.31143555,0.32428938,0.3242518,0.24273849,0.2756443829355029,0.33424631529876864,0.28741057575304607,0.25991152489443026,0.22886051513370073,0.2707160798083504,0.10915407994862034,0.28233553686738616
3007,0.35701942,0.32528174,0.35173097,0.29942417,0.29372183172289656,0.3458384442554861,0.3078357979422365,0.29350810856382503,0.34941683917253785,0.3538149999539667,0.24203847570126502,0.34488412436068344
3008,0.2755618,0.27175575,0.27920225,0.16079685,0.2021688807358776,0.19493028257457226,0.24230538749802624,0.1766681407058388,0.20871243863591332,0.22382348094056667,0.07650363300362022,0.23912838978061965
3009,0.34563893,0.32436243,0.35382047,0.2692848,0.2859827559852836,0.29819531568021423,0.30783192622485533,0.28159847291956874,0.28944224154573195,0.3172243923980137,0.15433097140177998,0.31623482679375586
3010,0.2772423,0.28567022,0.30397105,0.22461386,0.22923559198715168,0.22541575620023516,0.24890092330326635,0.21130414415217272,0.22916901674997958,0.25883762049655623,0.13950355028057107,0.2593520099430188
3011,0.31501082,0.32124963,0.31920666,0.23215434,0.2683591219391442,0.28844726479453414,0.2830683978249459,0.23753523469173188,0.2389718051976415,0.2726802234602985,0.19016262255941674,0.2833386889332006
3012,0.50427914,0.548965,0.45119753,0.5084036,0.5530085900838171,0.5161084753736682,0.5235158582223626,0.6030192899878648,0.5280169626376988,0.4327688901710622,0.776763492421656,0.49386864414931064
3013,0.330223,0.31650153,0.339362,0.2278461,0.2285853049157646,0.30417111118204426,0.2643499505875656,0.22300844300548617,0.22142595129161474,0.2741400647288806,0.05085797036360251,0.2774140443465484
3014,0.3402878,0.33339876,0.349399,0.32194972,0.3028820789525135,0.28084551443956873,0.3369359908080379,0.290324208549996,0.36795181408387184,0.32492322419984,0.23652795769667617,0.3341693425996798
3015,0.33584937,0.33345506,0.33528358,0.26793987,0.2883671564505499,0.3347644493763632,0.2938899311336978,0.2814698778014303,0.26633629589900654,0.2865439327612432,0.21328884639523107,0.3017712823394637
3016,0.30817685,0.313513,0.32585874,0.2507842,0.2799167260881193,0.2543294250532234,0.2703761993211799,0.25556221795268896,0.2577699709381377,0.2651947912131713,0.1876858650103989,0.28464044814626643
3017,0.63812953,0.6554736,0.60779667,0.8577749,0.7411435146409711,0.7453402072730696,0.7483114995246195,0.8457843293077278,0.8909645573679434,0.8756631908225991,0.9613701674982013,0.7510096175529615
3018,0.2896739,0.283053,0.2944401,0.16631158,0.21423156919036992,0.23217709487165655,0.2320951144625929,0.186292499621298,0.2122400692256699,0.22164361663950344,0.11422137930498262,0.24605896027849009
3019,0.3307802,0.33028302,0.34438327,0.27783445,0.3023784022023345,0.27818830668578814,0.2829921730794133,0.28686931735774124,0.24988308049575075,0.27000448333459415,0.19297083785126484,0.29798293631469475
3020,0.29463917,0.2898822,0.3086195,0.27710027,0.2651944689378165,0.3067141529987047,0.26549985982881136,0.24604645085575746,0.26706236339474165,0.28555906683844456,0.12234812490137034,0.28497595807768994
3021,0.34439784,0.3614509,0.3572369,0.31566593,0.31419601634864397,0.3373416921027298,0.3174092604308785,0.2986553309333301,0.28353151938718757,0.27810889047837073,0.19018672412398446,0.3157128302739986
3022,0.33332554,0.32713312,0.31953186,0.22769523,0.33130877554737914,0.31707139501843534,0.31477467261639,0.28125306238514164,0.28101663685152956,0.2946214647725259,0.4587170194024024,0.3135996001192091
3023,0.24159506,0.25249034,0.27126235,0.13833338,0.1901297402291775,0.2364116384684301,0.1831128753149862,0.13248254878727314,0.168644269880937,0.2144157037590751,0.042630993079897296,0.21727155770269474
3024,0.2443058,0.24695416,0.272453,0.15606733,0.19379463019854928,0.16156901317100686,0.19266063621466278,0.15976514726919044,0.17423200590428928,0.19791154121213467,0.07186942931163469,0.21399967039633042
3025,0.60509217,0.61196697,0.5709179,0.8079071,0.7279279673258915,0.7410991943323486,0.7024905165809121,0.8262757653289869,0.7986005842691059,0.7020911701756507,0.9365446208562709,0.6854465935920778
3026,0.6393126,0.66430104,0.60407484,0.8705673,0.770334712836956,0.7186329859281072,0.7457723662964955,0.8691674383585424,0.8825574722077707,0.888610343080537,0.9707702511326863,0.7567831004976233
3027,0.3600163,0.36061123,0.36931327,0.378909,0.31668215100042174,0.31619397139729477,0.31889929226747205,0.3245533347835346,0.2966107608405596,0.30567790789624627,0.4836029922247933,0.32634525436051354
3028,0.37664023,0.3531742,0.37430876,0.32563362,0.32138371805715166,0.32955040081828874,0.33640193564957255,0.3263182088198763,0.3226565435875518,0.3409685671023199,0.3135951004565989,0.34558503431801324
3029,0.31092662,0.30254155,0.32438716,0.25184548,0.2658339623592638,0.2737544505995934,0.28542247998141324,0.2421649238582433,0.2684849299774097,0.2587176532457633,0.28649635295412734,0.28579561551863314
3030,0.29292154,0.2985151,0.31548816,0.1966449,0.25332490879725444,0.23659857787182653,0.25409190108325264,0.21446309456245904,0.24030214878394257,0.23364008798365213,0.16800484425202478,0.2634651992189635
3031,0.21251607,0.22631565,0.25714937,0.10496907,0.15910271674883583,0.1475451571966357,0.1564808680191871,0.10625945368331982,0.11678030837301931,0.145363667831223,0.02618474779478628,0.17244845857605756
3032,0.27803642,0.26449192,0.29136547,0.16359696,0.19688676033842203,0.22570744122519587,0.23420968071429554,0.181990107137581,0.22859341617239268,0.22614262025411005,0.10794405180111633,0.24801770174316648
3033,0.39693195,0.37913746,0.3566187,0.3395751,0.35250726900689083,0.3717275375770398,0.3547899425427075,0.3585136328309557,0.2797196810664013,0.26405878398696525,0.3678900391296934,0.3313601196304814
3034,0.29613632,0.29916555,0.3157839,0.2418674,0.28009437396335346,0.3083163623750828,0.2632111461249701,0.24850831813853413,0.2377588575660527,0.26732314857810646,0.20279905810391402,0.2782866532839719
3035,0.3267758,0.31635636,0.3107594,0.25828013,0.29921293391803727,0.3151993758772752,0.31508692591664395,0.2672327780819944,0.24338731133725305,0.23946053621126503,0.3563645750393202,0.28688861910323993
3036,0.35381818,0.3331396,0.33946237,0.29839617,0.2892416814131916,0.3267829746307049,0.29824037393270975,0.2631568962752816,0.27150809873723886,0.2890950628187171,0.2434391202508756,0.30716100940095326
3037,0.3911674,0.36263877,0.3909877,0.3585209,0.3209512487825853,0.3461312269445776,0.33859377981466715,0.3302686272970258,0.3648661664780746,0.37524758497541943,0.20628657680689172,0.3689792471642267
3038,0.3318502,0.31250957,0.3265149,0.25439066,0.27499699675380335,0.3145273821527695,0.3154363216085328,0.25105150380521957,0.27122826859178495,0.30494956155810904,0.2213448034593723,0.3020321759892931
3039,0.311207,0.30312356,0.31749484,0.23418514,0.24835373372667,0.32999713328382024,0.25584604706468655,0.216064471688119,0.20824395125492107,0.2513881578577875,0.16524892806999547,0.2701106049359041
3040,0.30765194,0.2857478,0.3175187,0.25852972,0.2825873349234319,0.3581647875366105,0.2774569651746153,0.23677207618938972,0.2272164358047754,0.24226066896945517,0.23470457442976128,0.27458956320994277
3041,0.26293534,0.2569557,0.281902,0.15959914,0.21340006591593202,0.19464628373055035,0.2327521689137734,0.1823179242920403,0.17093421887940421,0.1870293328420361,0.1077153521846063,0.2219675242511679
3042,0.3029188,0.2996761,0.31643808,0.20066658,0.23628556435538375,0.32259160772488304,0.25378347340621976,0.21795077184965955,0.22021520409647155,0.2448156576371033,0.18508529556018932,0.2659192457674236
3043,0.5536293,0.56689525,0.55616987,0.83283436,0.713500807314069,0.7257044847331786,0.687856990257845,0.7991122022859464,0.8280870528169526,0.8159748638973066,0.7958853959526679,0.6931990705461872
3044,0.27723157,0.27700502,0.2996532,0.20143309,0.22135150358650524,0.2524606463312994,0.2235501765486901,0.1810159186041578,0.20883473834233346,0.23010856807457172,0.08679603611414738,0.24703753822421767
3045,0.21207924,0.22419183,0.2531917,0.10543215,0.15396373029638333,0.16327670580801548,0.1683137256529236,0.11548636606194655,0.15238728347877534,0.16142052401561943,0.04047994554007266,0.1862655735128126
3046,0.6253804,0.63100386,0.60112697,0.8857878,0.7510565087169241,0.77654500722386,0.7317566272051715,0.8472077050915745,0.8941501493922024,0.8901983417990806,0.9643147011020542,0.7523927026681233
3047,0.5836613,0.6037694,0.57101333,0.8725401,0.7462769222703752,0.7165752736748126,0.7026631316225108,0.8535598796166466,0.8731004274443406,0.8682004806639636,0.9650157911554821,0.7277762131082735
3048,0.27557907,0.27351254,0.2974625,0.20825784,0.238531240506259,0.21822963729950104,0.23406134800234057,0.20285159431376543,0.18514073753131663,0.23240859501062694,0.1234290853159937,0.24199637990949724
3049,0.2897736,0.31010264,0.30736312,0.22103286,0.2411417166787333,0.2640696986455837,0.2417537980040762,0.21552965095132598,0.25970688772519734,0.2456722213137045,0.1754021723187391,0.2727600667741343
3050,0.3316607,0.31047118,0.32688725,0.24762717,0.27147829024064085,0.37172502477986463,0.2823179466488314,0.23003532340151925,0.2510180516339594,0.29298788301184375,0.16925149792141908,0.2953580909020689
3051,0.62262064,0.6346717,0.60309494,0.89537746,0.7669996493654093,0.7501493146461422,0.7333105010366257,0.8669028192482283,0.8947690880859586,0.8948370345023238,0.9770480275279022,0.754666360643875
3052,0.32142234,0.31523022,0.32510093,0.21635163,0.22923698108655494,0.2708980099322981,0.26298496243162994,0.21907210260655735,0.2300724455236523,0.22864677200082634,0.06177301545883847,0.2676063172094843
3053,0.63129485,0.643289,0.600834,0.8947221,0.769539604442216,0.7829510900516523,0.7553513582933999,0.8748518884867875,0.9019134580856198,0.896213283960695,0.993763615359893,0.7615566732499148
3054,0.28967836,0.27317482,0.3028795,0.20317666,0.22902273583176883,0.21946581778848645,0.25208560682522607,0.20886373355242416,0.24954085744786467,0.2414119444242256,0.1209625429822008,0.26246557448445934
3055,0.3536119,0.36235076,0.3548455,0.34702185,0.3786249158911489,0.2977521921399371,0.33738047184296993,0.33629605596357875,0.34604577629212163,0.3357360880422465,0.4007181895175639,0.34966313060782694
3056,0.32874095,0.33173874,0.33762804,0.2265749,0.2547503852647036,0.26103475988510816,0.2689029164267475,0.22439853079354027,0.24634242729441422,0.2509993337529365,0.06088103716569269,0.2838755645653432
3057,0.28089553,0.28476816,0.300503,0.18382509,0.2158164973785483,0.27916333590572207,0.2261163567275438,0.1816246097032602,0.2195166463879572,0.23843995799521273,0.10261674455458306,0.251930204244329
3058,0.60535705,0.6176911,0.587091,0.870051,0.7551616885297313,0.7513628696472283,0.7212324389142719,0.845442679086837,0.8938543022936691,0.8790034022348341,0.9633814533502173,0.7426733534987499
3059,0.38252407,0.37139332,0.37037557,0.34707183,0.3671356712178204,0.413577284203767,0.35562661764050235,0.33580758919411025,0.28339865341910236,0.2989100814348957,0.3215446244478522,0.33704258376135127
3060,0.26252604,0.25937122,0.28464153,0.18073829,0.2197387043924889,0.22456284608884375,0.22446600073084283,0.19001223001971063,0.22599301010468772,0.2514840972663132,0.1165452464647013,0.2479700783654777
3061,0.40396467,0.40326744,0.38356602,0.44518074,0.4283454576368178,0.4002154880642726,0.4185654170955585,0.4500133077181224,0.37675265377132827,0.3644617656669376,0.6338968035697198,0.390783078100891
3062,0.42879134,0.5018279,0.43537658,0.5546501,0.6266087211694581,0.6310929653860524,0.5520729527644429,0.6344843970462191,0.6882738393279602,0.6047621649639757,0.8816686714178298,0.5589519979027056
3063,0.56119794,0.5594895,0.54927385,0.7480194,0.6076891196544681,0.6304315962629589,0.6081544905243221,0.677914586418857,0.714647001050204,0.6410578590071945,0.6501983977575019,0.6203251095674177
3064,0.25647968,0.2512737,0.28374198,0.14355259,0.24875267964159398,0.2781331854060703,0.26769719824046284,0.23958671208454482,0.16742646389557508,0.15833625660309392,0.05287917212834235,0.22477637805784406
3065,0.31695396,0.3045311,0.31227115,0.25347272,0.27187189084602637,0.2692697390301645,0.27845367880182464,0.25905516038982074,0.2552240816506247,0.26237399090205754,0.22136601081308852,0.2850780513283941
3066,0.32670394,0.33215275,0.33571872,0.25823972,0.3215524584314184,0.2928274832882386,0.29743041473619364,0.2755787643913169,0.277853914984185,0.26631224347257076,0.31074638561285245,0.30272722430040605
3067,0.6304154,0.64382786,0.59303945,0.8629793,0.7461752367791694,0.7672960281301313,0.7454097494181356,0.8502587016649008,0.8936677306645114,0.8687744845459339,0.9446572668597494,0.7509694278400507
3068,0.34995112,0.30651262,0.34507072,0.27262855,0.24884249152510063,0.22903934745900706,0.2752733291983313,0.24728277971059737,0.2731649655414913,0.2964605540356738,0.08390264010627428,0.2973464733321226
3069,0.297012,0.28074268,0.29966703,0.22077139,0.23922002019205674,0.2677443358879119,0.26526042912863956,0.20872255547059612,0.22415334677882104,0.2391713341795823,0.15927150471364132,0.2626244031711367
3070,0.32134622,0.3006913,0.31571656,0.21879134,0.2451640084975728,0.27065074249482285,0.26235111755665413,0.21475095202791744,0.23369742908227611,0.24037212138649697,0.14180102205973336,0.2705552605314251
3071,0.31364775,0.3194084,0.31856218,0.26778284,0.3338963302691472,0.33491368439919017,0.31979372031223063,0.3320554274539572,0.2590588994098503,0.2803258235174753,0.7523089866317505,0.3049631011949655
3072,0.30186158,0.29941037,0.30401683,0.20988424,0.2434178007047097,0.24270533694795943,0.268678335211194,0.21908274373245068,0.24052685784541367,0.2596570741540719,0.16518085920034156,0.2696565073089171
3073,0.36236167,0.33712277,0.35714087,0.3488752,0.35495503284093816,0.3514600320019301,0.35963209460544854,0.36688502905237275,0.30949095242757807,0.3274583571082955,0.4680036366902014,0.34575190166344805
3074,0.2694873,0.27604085,0.29266152,0.19301048,0.2337372585701349,0.21812198334217156,0.2330417548598668,0.19745958424899665,0.19704961834051993,0.23171818450413895,0.09891515523944101,0.2411461608087365
3075,0.58859414,0.59121513,0.55205697,0.80039865,0.6826554550549009,0.6625923064438862,0.6646006554068247,0.7624673784498314,0.7857741176981956,0.7510723129287926,0.8719646553691675,0.6743438165549105
3076,0.28150612,0.28229526,0.28757456,0.17811659,0.22401563465588376,0.2647414557449418,0.23530846884324488,0.1777598112715822,0.1904533517441423,0.2335443870600437,0.09256691955057693,0.24503361234682738
3077,0.60701257,0.6198855,0.58652085,0.88200694,0.7567220907140235,0.7293572936288972,0.7294116138275406,0.8567308910445177,0.8871286261196476,0.8756090718430093,0.9712458009673591,0.7408711191887575
3078,0.289145,0.28232232,0.29552627,0.17853352,0.2239813081223962,0.24204243201981307,0.25773101216768063,0.20058712653773353,0.2358064875606695,0.2580517486639565,0.11445939054012495,0.26508921955439646
3079,0.60255086,0.61222494,0.5699224,0.83086014,0.7389412509838971,0.7453180950692583,0.7134925670803598,0.8431657744818668,0.8857678315209853,0.856673004073963,0.9503720504714552,0.7317406255886073
3080,0.24224396,0.23567644,0.2781709,0.16184635,0.18889708063882155,0.21844493269307996,0.19651023457496083,0.13377549087586754,0.1743071357265497,0.2081000587823345,0.023481359871826056,0.2159138849581555
3081,0.38075086,0.39314872,0.3584217,0.24448009,0.35876378422882266,0.37185433310463006,0.33840892038139214,0.31816436141692084,0.2248139467487718,0.24111983425111044,0.24263921244707776,0.3090095027869624
3082,0.552402,0.57351285,0.5370501,0.7584387,0.6926660710944335,0.6290802545411596,0.6317482650422115,0.7385451421237103,0.7724101102145479,0.6795691809493343,0.911481479106601,0.6474269417039352
3083,0.29520732,0.29316238,0.30425754,0.22159371,0.24507554285453576,0.2987954197080844,0.2561855705415876,0.21943606455112447,0.23170072201723144,0.25510128447556807,0.14617414141560828,0.2698628386016997
3084,0.5760637,0.5889195,0.5862996,0.8706257,0.74146578488311,0.6864037657468309,0.7171079577464102,0.8366136703778568,0.9074044625686948,0.8709396024435947,0.9305738711924876,0.7346854275435221
3085,0.5877276,0.60374784,0.5753988,0.83533335,0.7337817043744368,0.7144413389688169,0.7107440586037116,0.8249960592233594,0.8664647819642701,0.8491196134059242,0.9243315591043941,0.7225572185594071
3086,0.30736408,0.31516275,0.31807396,0.23830357,0.3013599836070685,0.3161229851424391,0.2757364425645313,0.2609368947919755,0.2668121007456471,0.28702510858214864,0.27107528245606016,0.2942637875266477
3087,0.39095443,0.41257986,0.3965477,0.42242926,0.40839593390618045,0.4175235032737308,0.37070333270606387,0.4177422405257502,0.35677585994649885,0.3508669702573135,0.34577160179331495,0.37838957785886707
3088,0.36566964,0.35057673,0.34475482,0.31215364,0.30061680964697757,0.3374923400509417,0.3499371729139815,0.2958404440440766,0.32530521767210113,0.3131464483636751,0.2430281814150014,0.33658435545130067
3089,0.3410866,0.34817058,0.33262444,0.31429058,0.3035371009368194,0.3022063012670976,0.3292945081089421,0.29968966754322846,0.28854890612827366,0.3217351192509158,0.18650793412550332,0.31950508524287563
3090,0.63190377,0.6404721,0.5946088,0.86415786,0.7444727902730544,0.7109039104218836,0.685356542060598,0.8192086847961868,0.8946901214620043,0.8732693440671957,0.9664616808572941,0.7431014169608343
3091,0.3273806,0.31588843,0.33082458,0.28920606,0.3149164754784756,0.37953468063283774,0.32980291193359695,0.2979938163227492,0.31051684993444945,0.331642803780839,0.15849405860683677,0.32411095327444966
3092,0.30736768,0.30291635,0.31038207,0.22694576,0.22912616679293318,0.25449941298461354,0.2578025651067094,0.21374645088369487,0.2629737200123604,0.2814638593650379,0.07760860340541169,0.2802561191831062
3093,0.39824528,0.40700588,0.36967415,0.38028455,0.4795128437870166,0.48112788612398577,0.4495129323880732,0.4544967824772851,0.3376261744057255,0.3722343975652154,0.6093667868001684,0.3918949175890002
3094,0.33860475,0.3350914,0.34530085,0.3077268,0.2905342753022386,0.3458874472561789,0.30243451020478707,0.2957584823397368,0.24332876609554824,0.26525757048020593,0.2881685982107771,0.29917367528761113
3095,0.33898464,0.33240348,0.33579975,0.2723864,0.29397858727744497,0.337349913041008,0.33213631543013344,0.27779473059814125,0.26531775213682957,0.325662798942115,0.15113188723143622,0.31699473463044847
3096,0.31240475,0.29305455,0.31501865,0.24591371,0.27219246419931337,0.29047333838955824,0.2883876895619162,0.23679226537673576,0.27600874938515285,0.2851546481122693,0.2887884056039268,0.2912079673062212
3097,0.57011867,0.60341334,0.5798353,0.870179,0.7511321487489889,0.7449433632504929,0.7353231754107441,0.8534869385478802,0.8938187065114717,0.8810384649386342,0.9830309326785921,0.7388625770828385
3098,0.3350431,0.33028185,0.32805616,0.21756442,0.25883932365726947,0.2958829520022238,0.2799661281539764,0.21983091514440178,0.22550113496546365,0.267007034552284,0.05489479396817778,0.2808941821717622
3099,0.35614407,0.37047115,0.37496406,0.39039385,0.34705361417056824,0.3607201017757432,0.32459007033209153,0.3318706494909888,0.3219861850034708,0.33792016213747156,0.4321988206183674,0.3480348095326831
3100,0.24504896,0.25607607,0.2759965,0.14552537,0.19157285782236405,0.21662916276392413,0.19914899647523412,0.15362361688772214,0.1735561990507286,0.20132214094860174,0.09738098583238192,0.2180357989576744
3101,0.36622077,0.35078287,0.3575793,0.3607574,0.3480843053693904,0.39283448791361913,0.3379603083458885,0.32538162632923445,0.3202892621917931,0.34867309207476815,0.28716179290415994,0.34690017565955156
3102,0.2740538,0.26002446,0.29689616,0.21242869,0.2003208033838479,0.2514457595830767,0.22251355279223423,0.16718868520626248,0.2038022529685211,0.21249975845511804,0.10520821285618438,0.2404167253674737
3103,0.2701094,0.2729103,0.29339463,0.19224244,0.22335700203654668,0.2100981140095234,0.2386710123250714,0.187851641178079,0.20962816497311954,0.23404221788803287,0.059028240623082893,0.24284390415963125
3104,0.20907584,0.21527795,0.24589148,0.095996246,0.1486462680978621,0.13158788052056586,0.14672973093744113,0.10248746320663342,0.1353219371055668,0.14500288464018732,0.031617187539583536,0.1743325063279036
3105,0.6433569,0.64169514,0.60218966,0.88304836,0.7035866947333322,0.7470005270060881,0.7187409258718447,0.8242091352610081,0.8993089903558527,0.8917420627806454,0.8738070001047411,0.7497165488800873
3106,0.59842557,0.6089172,0.5871352,0.85441387,0.6699386030136172,0.6923420810500784,0.6537598819747921,0.7449267942997633,0.8542101324079537,0.8522533900999052,0.8528257107449921,0.7083160175482756
3107,0.30214554,0.3090691,0.3191995,0.23289278,0.2590550380542216,0.34456592259615015,0.2589058305147316,0.22265707759345438,0.22738774856618932,0.26150803823596275,0.22415399950331732,0.27311620601548153
3108,0.3136992,0.30237618,0.30616012,0.20436795,0.25102335024957256,0.30832372644415046,0.2855747131280125,0.23104490542484518,0.25438119931325337,0.2847269375906869,0.10313884671884617,0.2845759116613493
3109,0.36232108,0.35626644,0.36746997,0.34302533,0.32211059949082393,0.30835739540487284,0.3508774877218366,0.31652422265620794,0.3090247892436423,0.3233004908411483,0.39751477800475377,0.3347802159706417
3110,0.29779205,0.30277276,0.30875975,0.1979349,0.23574535693940152,0.2504195984222069,0.24834429965143237,0.1925309544385919,0.22486982838353992,0.2518233130659384,0.10515704109862303,0.26192164527945466
3111,0.32792667,0.3301393,0.33429486,0.25883117,0.3458360596147708,0.4232497615219639,0.34723824611350995,0.33202743256669054,0.2705161270127861,0.28338957582206303,0.45320647963774574,0.3161679437796905
3112,0.33897996,0.40644425,0.3445268,0.31369874,0.31929896025185345,0.33329706855760943,0.317822887873821,0.30046535744470415,0.30619342462425775,0.29665765620791074,0.3911653430087084,0.3288617127308987
3113,0.3201561,0.31901923,0.32142043,0.24228184,0.2505715528019838,0.31237763840373056,0.29568874970201947,0.23280170215785806,0.25743065133253007,0.2819984143539753,0.24085618483361282,0.28968972697059453
3114,0.2815264,0.29151472,0.3022105,0.19667158,0.24992384151033228,0.28264610818080593,0.24949238087407605,0.19539418432076947,0.19893663168822884,0.22440195822245892,0.09425927202030192,0.2524062982754152
3115,0.35308787,0.34388515,0.3452158,0.2747034,0.2934486249935858,0.3295341082178148,0.3117321725010245,0.3153408218491252,0.30799294751034945,0.2662876041632988,0.2600985890436127,0.3180988478472697
3116,0.30176905,0.29756987,0.30842057,0.21301815,0.2580999030330452,0.3001976939942007,0.26422989910203104,0.2477140194499529,0.23276738084567078,0.25503396831057784,0.10678297991128131,0.2736203727601169
3117,0.2961781,0.31001967,0.32057828,0.24930122,0.26224106077169057,0.29255377627733703,0.246096099196801,0.20639884974117048,0.20027579832032716,0.23011725416345485,0.09503868777390014,0.25865772315719876
3118,0.3028342,0.29622352,0.31222996,0.23579557,0.2726075580946471,0.27093082075479474,0.27249413543966644,0.235059962844542,0.2523150257712496,0.26779213361083054,0.10331049387353466,0.28172495767605704
3119,0.30848026,0.30841857,0.32021618,0.219973,0.2546785105629646,0.2675534910592856,0.2563119972564919,0.227666638706315,0.23704813267113778,0.22330628456790547,0.10562851310787698,0.26925539029503703
3120,0.3532578,0.3429336,0.34873867,0.2718544,0.3085985161550989,0.34235026349840453,0.30863032563716347,0.3046685526859368,0.2852625890377992,0.3087418838212194,0.26626415354108185,0.3204625065439032
3121,0.5915546,0.60315293,0.56812257,0.839965,0.7074908281336205,0.7055125782632342,0.700056814976147,0.8178505767324342,0.8483447454323192,0.8284242957525997,0.8524504615621634,0.7117630530012469
3122,0.2730083,0.27907613,0.2892998,0.16029787,0.21932818544053373,0.23596073134237644,0.2270629912958789,0.18885318413855678,0.1895392615349812,0.21040482852198386,0.0931989534524961,0.23680125494887677
3123,0.25678325,0.27469426,0.28652135,0.14065465,0.21696596329695286,0.3008920866423617,0.20756977296345588,0.1704821496140479,0.1555538327357337,0.18475931055943057,0.009851091852103411,0.219875461051718
3124,0.6241843,0.603081,0.5845976,0.80095834,0.7109754253127883,0.6692969420396093,0.6798802077604813,0.7602285397921753,0.7296963589194314,0.6909170429247042,0.9123880799692856,0.6611318091163783
3125,0.3245886,0.3269229,0.3229022,0.20129609,0.2625256421101569,0.26553756840377557,0.27801146489558526,0.2324016388199809,0.2250741813920151,0.23748377056549702,0.1214623631390592,0.2743778991569466
3126,0.6198239,0.6282886,0.57420236,0.7646922,0.5435450091378777,0.6729624172534591,0.5353470179482145,0.5779212738253138,0.828811851583804,0.8196954672000436,0.47130394685157667,0.6680664129867162
3127,0.32130733,0.31586555,0.32038552,0.28708276,0.2756968888700561,0.33129693339233457,0.32348141803287034,0.24699277634058542,0.28948478844416253,0.2781349629652743,0.2519913633063047,0.30036846436692377
3128,0.36298624,0.36998552,0.36837482,0.29947084,0.3678958089440631,0.3825259132175123,0.32867889890707297,0.3277624071370962,0.2772914431064461,0.2840063796364083,0.2799096730897943,0.3241455195042766
3129,0.38038078,0.3743679,0.37776545,0.39149565,0.3772184095701086,0.3925414276756714,0.3550255409867891,0.3707170694084016,0.3272456809709999,0.3246300959330841,0.4356915582918782,0.35226276570599574
3130,0.2923695,0.28098506,0.30461365,0.30682498,0.2341645980008705,0.33172436409705053,0.2650573353279295,0.1998545839111393,0.22148738692967065,0.24030128795095704,0.04325399014758531,0.2679145771764754
3131,0.28972718,0.30203635,0.31454167,0.24973468,0.27722461335106735,0.2653873491786737,0.27960032319199135,0.24392780365717326,0.21135225995732787,0.21863425236146689,0.29845219822086655,0.264816548633803
3132,0.3031687,0.2935852,0.30631456,0.18943682,0.22655258298011632,0.2464038235006878,0.27152902854253,0.2291743127614671,0.2517840990954888,0.24921706797453388,0.08894191742720833,0.2754408187827932
3133,0.35170272,0.3391392,0.35214713,0.32073954,0.3427381989756088,0.31065574721696404,0.3521328188571499,0.3408136839476186,0.3257014396419712,0.32147380059480984,0.33414548679486966,0.33842134252918504
3134,0.2587595,0.255369,0.2737849,0.1576018,0.20217722113482367,0.21001594634252424,0.22596790392744714,0.16488610407335239,0.17192648087860574,0.1882420783808389,0.06859147080102022,0.22176050579518586
3135,0.37637568,0.38354415,0.37165362,0.36427274,0.38037036475154706,0.4068825125875767,0.3675395465937767,0.3757268054556931,0.3637650327218275,0.3629068905027947,0.45655879374843816,0.371223336902142
3136,0.32382002,0.3277904,0.34619606,0.3266248,0.35451415761034033,0.31801520333167793,0.3015518418970947,0.3067673173576215,0.2749136739205749,0.2919312519841115,0.34357319553994586,0.30910234012510784
3137,0.23917341,0.23980145,0.26748055,0.1515718,0.1765537478404435,0.19242703648896162,0.20666002800097205,0.13305221476278475,0.199061967404376,0.2013652296320983,0.0375550909308612,0.21923772155031857
3138,0.2916321,0.27186447,0.29440862,0.21010873,0.23159356624294963,0.29739738274849425,0.2623207260170799,0.2017585047032974,0.21365325033241406,0.2439043319607109,0.18778197677226663,0.2584093908311023
3139,0.35197562,0.34722763,0.34758174,0.30428395,0.31203018428671114,0.3285744125591802,0.3131867537363221,0.3037664528173279,0.2779552512202916,0.2869067174893983,0.2315913552119199,0.313999872810686
3140,0.27890804,0.27105474,0.2809802,0.17241699,0.21023087196591633,0.21046046159043738,0.23705131724576667,0.18234526255559416,0.23437575167189303,0.24033711812526648,0.13145054621113636,0.2513400292640694
3141,0.29948688,0.29394346,0.30275935,0.2416741,0.26567213118397986,0.2778134742000923,0.2762195437734397,0.2539739840888411,0.2356962679524383,0.24856924826885432,0.3285550481316476,0.27227476312396565
3142,0.3075994,0.2975495,0.30836755,0.21610193,0.2941444395834596,0.3667267773759855,0.29557485555449664,0.23182227643652992,0.24990938589449874,0.2753551481021386,0.18414361234800797,0.2858532263127049
3143,0.29461265,0.28498608,0.30068284,0.16556373,0.2125857839057402,0.3033023076307696,0.2425799770144367,0.1812110714410117,0.20561719529208072,0.2415966742438756,0.08699750832367842,0.2539560206119781
3144,0.5671959,0.59014595,0.57720613,0.8795684,0.7495136346013973,0.7089962140258769,0.7108201915798544,0.8437749569169469,0.8676544229095251,0.8676034179485799,0.9829258357077393,0.7256769307056351
3145,0.2755125,0.29835027,0.30254272,0.2315642,0.2708814388363918,0.25311417541111914,0.2622355343251666,0.2268344869274473,0.2222282501041395,0.2532923158487961,0.20671603139737763,0.2618125987235745
3146,0.6176147,0.6312651,0.59489346,0.89239895,0.7651903166588124,0.7531775782670166,0.7368447614795863,0.8711719187349276,0.9021535758633308,0.9041796629093068,0.9893137607252676,0.7552121378533262
3147,0.3852691,0.44668525,0.3822798,0.45642304,0.5366189620990527,0.5977966656685322,0.46560002815493606,0.5564344660871742,0.5344701445030855,0.49512107391588855,0.7500289911192237,0.46910330083948304
3148,0.60098594,0.6114085,0.5879928,0.89055157,0.756523300896947,0.7689326983999536,0.7290323601589046,0.8567144742324618,0.8917633485886288,0.9035958145612486,0.978451370193028,0.7485122826796079
3149,0.36916,0.3512043,0.35904986,0.34642115,0.3462362766342891,0.31483934831235494,0.36862195480003523,0.3399149014948147,0.3152427096011903,0.36039563607882347,0.4500311431497247,0.3500372322415318
3150,0.3768801,0.4233295,0.38361683,0.4434701,0.5268941552577598,0.5137840610015946,0.45585078279706276,0.5093340226326906,0.5266451605915388,0.4277601967744945,0.5084074498263434,0.44549858287532607
3151,0.2926245,0.3246881,0.30769172,0.241572,0.3062284383717411,0.3680909060959103,0.31340332873362803,0.25514596511291154,0.2534476607226378,0.2661673838981061,0.2514130605555803,0.2916857336571989
3152,0.25934505,0.25437626,0.2750408,0.13561806,0.1635053014612929,0.20743668972524137,0.18725738064303168,0.10976483853226318,0.11887926961449438,0.14459068846435613,0.007618793309031813,0.19473015135331956
3153,0.28080767,0.29571158,0.30405518,0.21929877,0.21988036257261365,0.20993318945764639,0.22369619313169342,0.18672989152110026,0.2206155038002211,0.2379509502345977,0.08595126616537047,0.24723223815691792
3154,0.33789054,0.3383876,0.3458987,0.31079784,0.3650642069491915,0.38591328878154735,0.33247146650748827,0.33920343511021456,0.26663926663416654,0.29558958536301416,0.3087764083929841,0.3221172429256834
3155,0.30609664,0.29850507,0.3134777,0.21540955,0.2443982323476071,0.30247165462350256,0.28739939797016306,0.2382299448566579,0.20910719020120966,0.2392097644230084,0.07539130489561299,0.26782246030014734
3156,0.5522201,0.55333084,0.52800006,0.70389235,0.7064790092285842,0.6717251880615507,0.6395272554658952,0.7542467315243304,0.7422028982577096,0.6974688582003181,0.8702213686656121,0.6413632323581597
3157,0.65983284,0.6534269,0.6028789,0.84818286,0.7509516702585509,0.7571093340081329,0.7511433977857862,0.8488234190390405,0.8831899245271744,0.8648158097686149,0.9444605537929995,0.7539001156240349
3158,0.38254336,0.4049042,0.40910625,0.44718313,0.4454638554245228,0.5097731085131239,0.3876212736422865,0.39348531241509904,0.39223910194339295,0.4011342172064408,0.6238544755146636,0.40210669345806815
3159,0.54868567,0.56261945,0.5369533,0.7551171,0.6569689240694385,0.6572554410824335,0.6476363513748866,0.7405938855585159,0.8254541126206144,0.8166264138676175,0.8262376934897626,0.6795158010008966
3160,0.33615232,0.32640368,0.32197493,0.23721239,0.2546245269860473,0.3259252795773366,0.2899895460140973,0.24931005959131064,0.25484526544634967,0.2715748235795494,0.33508337130206717,0.2926757882557178
3161,0.36004886,0.3644001,0.3706022,0.32651308,0.30621112390691674,0.3396410602673292,0.32341317878421993,0.3130930161572608,0.3741823059072395,0.3888662959808405,0.2303913433647164,0.35600914372142645
3162,0.28328374,0.2861181,0.3034102,0.20618336,0.23563249231734001,0.2587942322727999,0.24458983976746523,0.19049446644470447,0.23949832852425787,0.23055195649106705,0.19194728769319225,0.2617192978044469
3163,0.5958071,0.60122246,0.56189424,0.8231889,0.7292891070930683,0.6793268988311045,0.6809269379470348,0.8094763052982215,0.7842848623590941,0.7498181641659267,0.9630189155446501,0.6837763443556623
3164,0.54956686,0.57759714,0.5519646,0.83204097,0.7250648949061821,0.6736351929671645,0.6757357780540696,0.8039627362631233,0.8279616096255674,0.8040212320308792,0.960367197364338,0.6855222918795888
3165,0.35586327,0.34753996,0.33691564,0.26176685,0.29781665647412475,0.3590520452861044,0.3385365917278403,0.30267678132502573,0.31599869408011994,0.30981908368622857,0.27870969089633235,0.32964985992179524
3166,0.33140898,0.32585043,0.33612114,0.2879366,0.32575888243632634,0.30967877296508495,0.32753551342639253,0.3110149725841166,0.26931196808414837,0.30113932507531727,0.38263075055084755,0.31269934548906503
3167,0.24804115,0.24687946,0.29373246,0.1691382,0.23870589709474302,0.2809958530619049,0.19877417030008387,0.18593452541846087,0.16292998538054296,0.2025853488861027,0.04271931549804566,0.2234629614617206
3168,0.30904844,0.29572818,0.3206859,0.24057743,0.2616177646828614,0.26766379658271294,0.26470675141495364,0.21739952906131474,0.2751374047402311,0.2608467159765185,0.11694157244756442,0.28053961780356657
3169,0.31142882,0.30993766,0.31757355,0.25123015,0.302416894471997,0.3206245601426653,0.2948918925860961,0.2884910997062904,0.25729637321393795,0.28517270035940684,0.12865631466984737,0.291838865309768
3170,0.38891894,0.39643744,0.36756366,0.3820573,0.39101228458195897,0.4215323145420312,0.4034912283614506,0.41710818315029136,0.4201196644260028,0.41018889696617766,0.5467712053117029,0.40154610449924644
3171,0.31091532,0.30231944,0.3315438,0.22346945,0.23202929692409957,0.2904912775174395,0.2737774947000557,0.2139710700120106,0.2449407364267966,0.23440547540388684,0.09481201295196451,0.2770335745493108
3172,0.35228592,0.35408273,0.34489042,0.30402708,0.29675623480311886,0.27548917955268937,0.29885033254951543,0.2877313116507607,0.2552084333463792,0.2891698037202183,0.24548137987338842,0.3038482038421846
3173,0.30377275,0.28163296,0.3105181,0.20893517,0.19103429963146454,0.2284835912978708,0.21999715094711716,0.15033684661695146,0.1742609199759806,0.19124554792344992,0.027491037004567686,0.23418469737632924
3174,0.33293518,0.31608793,0.33137923,0.24857911,0.3069308095021366,0.2864968776024077,0.3192153685444523,0.27310527492876246,0.28949018088506107,0.31989200772152004,0.22775711114750874,0.3121614123998236
3175,0.37576285,0.370636,0.37016806,0.31506482,0.4126955459537639,0.4067816898537936,0.40028916367874035,0.4038748100291757,0.31365500532360435,0.36483098905368383,0.29878629658302913,0.36454492690014273
3176,0.30742118,0.32063252,0.31708527,0.23871282,0.2727755276755618,0.3063955701884221,0.2771306707839519,0.22928663567460728,0.2460515917638793,0.25531892147070756,0.14356949708724615,0.28173476144714255
3177,0.29688734,0.2955253,0.311129,0.21000585,0.23987135631978634,0.2633752796367122,0.24553933511070838,0.21072712590964562,0.2051038118700567,0.234867579169061,0.1498881050703913,0.25740139306897936
3178,0.37482232,0.3777774,0.36873046,0.37943247,0.40331680451169705,0.45626687219959255,0.3840154137599453,0.40165594282365047,0.3174322100349644,0.3075101766908812,0.4637408505729531,0.35362841476742013
3179,0.29721424,0.28062528,0.32195905,0.22808118,0.22669127373159412,0.2757853459163642,0.25734804225431673,0.2025535707267639,0.24655080300891355,0.24535755093012068,0.17129753045242066,0.2691393714515115
3180,0.299286,0.29217094,0.31441313,0.2459081,0.23982758012644273,0.2672703138287309,0.2616683665009722,0.21675799894520648,0.24074804274119854,0.2599487439133964,0.11127158595210444,0.2722289081639164
3181,0.32312542,0.32183018,0.33291978,0.25778174,0.2805459804347451,0.2524310012558958,0.2796199677883647,0.26113045030824883,0.25474273796366964,0.2709205458414214,0.24119547672905814,0.2872382774598934
3182,0.3105183,0.31986004,0.32666954,0.26988682,0.30551824872434385,0.2864689883231085,0.28867865725437203,0.27217732396954825,0.24560284180434672,0.2253706488007686,0.2779328394424348,0.28064018916017464
3183,0.30056924,0.2986003,0.3195463,0.22220731,0.25298784165434374,0.275997259819763,0.25896991140128794,0.20714634607240057,0.2114228002330274,0.24539089554491786,0.15171099112654773,0.2634916459024607
3184,0.45981398,0.45287403,0.42011723,0.43122584,0.4387518496611996,0.3982798979417074,0.43561249583406997,0.4901556911475928,0.4003951850956353,0.3860409878068756,0.5173424720963586,0.41391359801406197
3185,0.24497783,0.2396559,0.26355106,0.1309773,0.17499997535131895,0.20338151774392815,0.18378235263054948,0.13169145638731097,0.15523966979795595,0.1867776571304541,0.03198508086257644,0.20550548297475174
3186,0.3020615,0.30471522,0.3200728,0.22693053,0.2514573736592013,0.2851869760990466,0.2632965384924816,0.2372117407257802,0.24654935212984141,0.2642196040360696,0.11585078409536194,0.2772057136797737
3187,0.34248644,0.3111022,0.3081997,0.23250976,0.24776597681869394,0.3065514642163538,0.2659182774142209,0.2300833604934827,0.2377027044918097,0.2801756750416891,0.26826140625288886,0.2850769049389913
3188,0.3688007,0.3400275,0.3702349,0.2937424,0.3074437299809434,0.3673380420966575,0.30596620363131255,0.272758495895958,0.3056121269906917,0.3321550646721812,0.19745419520645452,0.33509883781440136
3189,0.26499072,0.2666734,0.29923216,0.19568455,0.2104343320569721,0.25865244407342775,0.20832347609060423,0.17172245619089424,0.1639607294048886,0.2118813695309357,0.2409942763256813,0.22954125472156495
3190,0.29183578,0.28462178,0.3054765,0.21305749,0.2203309582765165,0.28853130087140527,0.2719443526545421,0.2034692551017927,0.23387314868266343,0.25354111873834934,0.1122683362743168,0.26829197726792786
3191,0.39348918,0.40648288,0.40300187,0.45876783,0.4593065529129053,0.37274434236163767,0.44380434938000557,0.4900635684089276,0.3491673202637492,0.36850852648116417,0.5478870568404767,0.39327255509650905
3192,0.29186565,0.28971067,0.3003758,0.20162082,0.23100350515644014,0.2416198180324331,0.2651317081792531,0.2115358698013195,0.21699957935909575,0.24978429939029256,0.08094132184444651,0.2608076678547188
3193,0.31685576,0.3011389,0.31433567,0.2565549,0.26881846532849085,0.31034880597790193,0.2904783864062177,0.255399206784975,0.23203030688221196,0.2777373328241288,0.2772088965548372,0.283327702840476
3194,0.3529923,0.36060566,0.36110488,0.3640902,0.3591346581402727,0.34304934581078006,0.3411857821139449,0.3283540636281216,0.3147698872080614,0.2979381163758738,0.3345865063641026,0.3363009569464005
3195,0.3925422,0.37816978,0.3901594,0.45974532,0.3879031714790025,0.3861006006753777,0.4008165762797825,0.4050514130395477,0.4365308994746956,0.41239161039648753,0.4705007950715242,0.40398750659677135
3196,0.29087353,0.29634765,0.30920058,0.20357189,0.23436394571830052,0.27231268592502933,0.23321708045412431,0.19654754135393956,0.2054149850381425,0.216985627216762,0.1303416558408257,0.2510565959974854
3197,0.37518877,0.38963702,0.3774307,0.41096807,0.4514363303271741,0.44718295366614697,0.4304363496049456,0.4458567711756155,0.376102940615227,0.33533321282163,0.457206708603339,0.38365348846286423
3198,0.34988245,0.37635562,0.3775382,0.3450577,0.31247328552310066,0.3290896438667435,0.31502105386057233,0.3192315791088274,0.3214439023936075,0.34687845116785143,0.2121089548415151,0.34039441043324226
3199,0.59173286,0.60181123,0.5788194,0.87614936,0.7601070650629711,0.7103998412246414,0.7260069287614205,0.8576186436819431,0.9016758015035302,0.8843179698537014,0.9729090878825704,0.7450702538767006
3200,0.34593454,0.34469467,0.35021916,0.3241169,0.32734742873822226,0.31658218961913814,0.30283090763806647,0.2760077573215652,0.29029245610729826,0.29697742985061026,0.223564212595603,0.3161002684114947
3201,0.36462182,0.33368447,0.36539406,0.3093299,0.2660525732177451,0.29094618599998967,0.3145041433347081,0.2747132685407186,0.31582554900499044,0.32198458713898287,0.18109273623304442,0.32895865591396733
3202,0.6171907,0.6269135,0.5927865,0.89674044,0.765353397441635,0.7773858591126618,0.739793297312112,0.8706806173314551,0.9007081820462212,0.8969663979589496,0.9926892313798066,0.7556091338924238
3203,0.35926643,0.3132685,0.3423383,0.19778122,0.2747731604864586,0.25828049665362196,0.30302217675861104,0.22902916904458454,0.2126731109309521,0.2312340199152439,0.1904085837863639,0.2777910839073675
3204,0.328331,0.35121354,0.35142124,0.35721916,0.41659060934294334,0.3225936488780206,0.3787640319660757,0.4060642169373222,0.3010465705161403,0.30104462549275623,0.4735370673286666,0.33705640337064763
3205,0.29985327,0.2956133,0.31168216,0.22992937,0.2585739887418074,0.35524939346163203,0.2683789515468325,0.21349200866072726,0.2489885827092893,0.30388803824928945,0.07823098751751137,0.28482610617402304
3206,0.22017118,0.2394524,0.26188275,0.12713467,0.1911929772556283,0.1880303803162447,0.17390896213535398,0.13618398858131453,0.14136924161850312,0.15045748852272295,0.0971339232068718,0.1913590879278043
3207,0.3432374,0.30300254,0.3551392,0.24737504,0.24959529676315176,0.24259698846469205,0.31272805189247616,0.23077385796660982,0.2489194759762358,0.2918869329035571,0.050462312238294026,0.2946982890269666
3208,0.3287415,0.318698,0.3332524,0.25650865,0.29518765442473816,0.2949647093869535,0.3219152314976155,0.28055437762213675,0.24951453199711474,0.2596782414788273,0.1596095893772823,0.29344096735949665
3209,0.30817932,0.29748368,0.3221449,0.23846719,0.2630813927006478,0.2778383389162961,0.28284746421936174,0.24723340183125905,0.24774236189043472,0.25923000232405424,0.23724379168497442,0.27956286662138013
3210,0.3224761,0.307985,0.3291227,0.23467287,0.2478680180060031,0.2746251697083596,0.26311267834184243,0.20007011174483358,0.26064660357707714,0.22921569700090244,0.11133119751848353,0.277042890925452
3211,0.27142116,0.27434346,0.2923839,0.18219014,0.22335676120994208,0.22982370138433766,0.21739129212807812,0.1695065242385733,0.19701271449616678,0.22058740155498793,0.06385031189391119,0.23835479952080893
3212,0.58204734,0.60047805,0.57356095,0.8480387,0.725566577961252,0.710384413209961,0.7037646505435509,0.8320695272852584,0.8607894165602274,0.8516148087659745,0.9191118144749375,0.7191440981167051
3213,0.3664775,0.3760478,0.37800056,0.3582193,0.37301629619915494,0.44229435110394333,0.3562711265119445,0.3664979352313797,0.323339932442978,0.31795474569051896,0.5203624081328494,0.35144394086495245
3214,0.6113328,0.620519,0.58446485,0.8501107,0.7408471442942404,0.728420314714368,0.7225727636388659,0.8382517895456203,0.8614292041768659,0.8333333416041034,0.9289276271876247,0.7278442205023197
3215,0.6291801,0.6355456,0.6050955,0.87317914,0.7521223897794804,0.7365700831565505,0.7313752811006493,0.8461916014727195,0.8841419900452075,0.8954586823650755,0.970274258121562,0.7510036685211762
3216,0.31174135,0.32020998,0.31777167,0.23522663,0.25717731092421364,0.32812456318233424,0.27283780165710414,0.25391841909204305,0.2427526616995877,0.2705745723592874,0.34314451121952705,0.2830743648928425
3217,0.36924067,0.3203413,0.35325217,0.24137028,0.24957398983718967,0.2945604735766387,0.2663494099654441,0.2121252803121821,0.20248560023248893,0.23306129849963328,0.08694005809109848,0.2774225330204766
3218,0.3017357,0.30400372,0.30938372,0.2210731,0.2622978098573904,0.26822443087232467,0.2885806410775773,0.25569467388523565,0.2507582647429268,0.2718091473108941,0.09665813258342684,0.28165706441773797
3219,0.27057678,0.2604652,0.28066728,0.1883813,0.21964964889755612,0.2056141463641758,0.24592860271071607,0.189734215608707,0.23173378645678663,0.2565255583618597,0.10464590419832476,0.25272941863448795
3220,0.33845657,0.33749375,0.33798856,0.2544514,0.26340590365405103,0.24355506067951155,0.2702701271389077,0.23804802384408985,0.24166215479860725,0.2554230411782922,0.09196391387593808,0.28334637711484395
3221,0.62818134,0.62163645,0.60442096,0.84409446,0.7629677636220438,0.7359942181613169,0.7468801402381946,0.8569815071958343,0.8803896455849192,0.8892403208808233,0.960488085363948,0.7505953014828453
3222,0.30274743,0.29710063,0.31335682,0.27934495,0.3012735080414298,0.3245639971325529,0.3061440803620695,0.25694024824571465,0.2464579142991749,0.26849067679307304,0.2787366461692786,0.29221281454283954
3223,0.26932472,0.26226348,0.2913256,0.18817845,0.21238458698893425,0.3168672973728274,0.19421535142259594,0.15638951006804597,0.15184421629759792,0.17558955643209934,0.017976651815445076,0.2204054526780348
3224,0.32819206,0.33552018,0.33325028,0.27861083,0.2893825879271097,0.30356626055430047,0.28960631176152696,0.2570747030662245,0.2579599540518535,0.27840686779965196,0.17407961020765522,0.29662179119508825
3225,0.22227469,0.21382491,0.26025188,0.11134146,0.13694993576798264,0.10683015852581638,0.1455659333172865,0.07675175633269336,0.13274250443285265,0.13851807832551444,0.010974092431154414,0.1739859873356779
3226,0.5793921,0.5787072,0.55091393,0.75078094,0.6349238196717399,0.6427272878827073,0.6168463838882722,0.7083261705993006,0.7006871185561988,0.5940301312443197,0.7688310413484322,0.617994354800371
3227,0.31420085,0.2873922,0.29933864,0.23375866,0.2673053475851706,0.33723751798511314,0.29386257193760695,0.25568335038165413,0.2819387966919729,0.3059104921260132,0.23656419171764415,0.29539372686634485
3228,0.59546435,0.5969564,0.5639925,0.7376214,0.5853593742636789,0.663869927113434,0.6053997374597617,0.6244358113315853,0.7493423921436048,0.6337414971754127,0.6303428772305188,0.6313140382164886
3229,0.20178612,0.22186093,0.24646392,0.097917095,0.1603138994819519,0.14735628657168384,0.1595401016945609,0.11657400868166679,0.13587904629318598,0.14887815515619446,0.05981439656104862,0.1766543424672078
3230,0.40249643,0.39181912,0.37251785,0.3232417,0.4058966277176522,0.3869063440310966,0.38222209222237874,0.38587921990401863,0.38415266539018667,0.3844977437512715,0.5046997675889402,0.38630032538830245
3231,0.364858,0.33870974,0.335365,0.26782918,0.2656434486628294,0.30364676564044224,0.28953014878336414,0.24963511934229735,0.33333508516571986,0.3650454575694411,0.22009220399889978,0.32916829516450663
3232,0.3377102,0.33581352,0.33343285,0.27354318,0.31710091239229454,0.2901125980728265,0.3171244510439923,0.27339675182804846,0.2635600047002529,0.29100213874248404,0.4095746282936007,0.305799936032997
3233,0.32404515,0.3122446,0.32440752,0.23358402,0.2731537312439417,0.28002401725946846,0.2748842666338871,0.23439296858444686,0.26349107389031684,0.28203690361177625,0.1893094406614157,0.29050096076417276
3234,0.28672025,0.27402902,0.2887412,0.170571,0.20903413338542598,0.2555242248738107,0.24889399918767802,0.17385856841931285,0.25776355957383357,0.27267908009075476,0.09914155442840845,0.2642754586517355
3235,0.35767597,0.3418199,0.33779055,0.28627548,0.2856162149941803,0.38094895499055254,0.28202174092639093,0.24723857158698692,0.2291876599544878,0.25145157563431614,0.24272715148980045,0.2897880756656923
3236,0.3803596,0.37787813,0.366925,0.3739815,0.3803696595795554,0.3523823635983393,0.36396395283607774,0.37190637154232087,0.3562228735902523,0.3647342973064841,0.4719690184295451,0.3675909015837094
3237,0.3678135,0.3508964,0.35098225,0.32874802,0.31659563397653195,0.3766625327264928,0.3516979418029195,0.3010587495574756,0.30175920852134575,0.3374934106495934,0.23142747615226883,0.333773249984612
3238,0.28571278,0.29029563,0.30533233,0.19430032,0.2486142814774704,0.24808287692229486,0.25946395787433596,0.20835149728415772,0.2085025635177184,0.2267400671195711,0.1809191454438041,0.254673341189839
3239,0.3269295,0.31755957,0.3314278,0.27344438,0.2941232045994437,0.3238322799477392,0.29875460061692066,0.2573307728571063,0.2837539187253662,0.3024657025803542,0.24047992383067732,0.306604121442367
3240,0.24414377,0.25767583,0.28374228,0.16585962,0.1860240879080619,0.18985536580647516,0.17561113633341638,0.1454444166458293,0.17968338314417426,0.20366469212259625,0.0512256178058514,0.21446153396634005
3241,0.57764363,0.5788837,0.5496567,0.7794395,0.7029407544091372,0.6823915921690779,0.6734996986180275,0.7808424953435538,0.7604667749636744,0.714017685381946,0.8065008087816006,0.6635988810471153
3242,0.30036694,0.30631554,0.3028175,0.23177417,0.2573138665977508,0.24957567197424205,0.27323956682722683,0.2501265761537058,0.2880560000751347,0.26655354145837096,0.17651978397338727,0.2868380516318533
3243,0.59026533,0.6126598,0.57955706,0.86741745,0.749246588776349,0.6997244100932862,0.7059470132296285,0.8469985726745483,0.8909029768247134,0.8919030825572163,0.984401404284913,0.7344857837952223
3244,0.5871491,0.5998884,0.57978815,0.84754056,0.7022657159521624,0.7175599975145762,0.6844420690248638,0.7969053944896287,0.8847758737226952,0.8854384046625239,0.91354498864644,0.726145967509932
3245,0.33941054,0.33798587,0.3393558,0.28292388,0.24370278104132,0.31562738888066655,0.2810382860003761,0.2120419858103792,0.2615039635290803,0.284416420863942,0.07629829509846138,0.29722299819083536
3246,0.37078607,0.34440643,0.36231264,0.2788175,0.30343465917569057,0.31164071520226444,0.3368645273842533,0.292809637267761,0.26486621843360997,0.2925887322584386,0.14495654206088196,0.316319602114265
3247,0.46902353,0.49401298,0.50367427,0.7316185,0.6012104943078528,0.562884204212655,0.5457240476877147,0.6471184232299108,0.7251570676308193,0.7672954958133574,0.790517461930739,0.611890659456161
3248,0.3178317,0.31919223,0.3190368,0.22555606,0.2785618138660978,0.3586989616344838,0.29774656948168476,0.2896698609417846,0.21882648098641103,0.2816299504550722,0.11294499153104547,0.29390266991430947
3249,0.3489001,0.34467983,0.35823396,0.32695448,0.3155961050241506,0.38711597589004654,0.3298383324812773,0.30960716220639944,0.2564760304126554,0.303752026070268,0.24557349676969747,0.3191672604192005
3250,0.30036548,0.29220328,0.30087742,0.17771582,0.24462269208489545,0.26899556856106677,0.2533651851541362,0.21183703729324752,0.23278173193337065,0.24317869080315724,0.08129265797281189,0.26489912117378867
3251,0.32475027,0.31878042,0.3408979,0.23447981,0.2620989074517393,0.28446479694859256,0.2969320734648272,0.22586551642900501,0.2654642832165869,0.2564531768608508,0.1341612132289086,0.28840825523068137
3252,0.36793265,0.36141625,0.35509646,0.38138294,0.3744534489093982,0.4303780268624731,0.3890595136472418,0.4112205916273706,0.3446639809157449,0.33629873943706967,0.43887462485009177,0.3611329565496164
3253,0.28316393,0.28411362,0.31304955,0.1915972,0.23081397756835287,0.25947242342748533,0.2520669135691073,0.191958435082225,0.23063707918618478,0.22341722728012953,0.0857669764784535,0.25701460384490055
3254,0.30126178,0.29033306,0.313871,0.22288294,0.2511902242678586,0.25034145143771697,0.2631565618191443,0.22099577277425317,0.2390533332997055,0.24670231341943444,0.12635730180023363,0.2686952121009836
3255,0.37567824,0.37162095,0.36852974,0.35797763,0.38174231825791183,0.361609322267104,0.33498569611426104,0.33905134325072617,0.34296880975493005,0.3352900185942999,0.528444550946558,0.3534545590427743
3256,0.28798038,0.28573367,0.3050296,0.20949855,0.2502808513301429,0.2428177897144966,0.24089046446538162,0.21286392700378726,0.2017457643878266,0.23756038771574306,0.18997994396610413,0.25311481894119225
3257,0.5721331,0.597444,0.55010366,0.7681935,0.7109156412408306,0.6666629609238135,0.6755749052405311,0.7747555232450241,0.7353718956128383,0.6677845117449567,0.8765706478579613,0.6486294268968121
3258,0.58021176,0.5833927,0.54998124,0.7602734,0.7015958339814294,0.6903284121298319,0.6706248971186116,0.7749856057994611,0.7129165193119869,0.622222093794278,0.8756225129388848,0.6393959501324968
3259,0.35260385,0.35063156,0.36805546,0.32465568,0.35420977217801414,0.3647720536675151,0.35530135805704444,0.3389625879072706,0.30159262045137025,0.3111957412295509,0.34301595360170434,0.336437217742484
3260,0.25672403,0.25705528,0.27844608,0.19029145,0.21114309025846772,0.17966512980258692,0.2355206431869687,0.19308697591827464,0.23635062842956148,0.2300444394326425,0.09733156345527424,0.2449945512868894
3261,0.3872572,0.38615853,0.38111123,0.37897032,0.35306601934318504,0.3709570372080819,0.3574542479133672,0.33330224531255837,0.3566170410599067,0.36791080253431085,0.4293855329827216,0.36692138347591613
3262,0.37188005,0.3546198,0.350424,0.29673004,0.3628919135731033,0.36933558900759705,0.3581193295892966,0.3448135006675187,0.35304014638106096,0.35859391324612894,0.41010462514177604,0.3556032004745612
3263,0.5392988,0.5412944,0.5335977,0.7440301,0.6726634809948945,0.6623039691998293,0.6431557496130431,0.7367075025709853,0.7086596752364545,0.5975413258729945,0.8394423927352849,0.6149889937498194
3264,0.27865785,0.26982167,0.2855396,0.17773059,0.19752146767793935,0.2737163790899227,0.21357297245058326,0.1451367773029686,0.19010049311170607,0.20267280076311014,0.039838312345232954,0.2356585746229424
3265,0.5471441,0.5637417,0.54512054,0.81484574,0.6551969458723671,0.6718405888386585,0.6427238730079672,0.7397500117921979,0.8353658864212761,0.8032617131745239,0.8565539467883937,0.682587577588463
3266,0.6054009,0.6037644,0.5719948,0.79127693,0.6996456153373884,0.7033331532416394,0.6854074713285508,0.7767322659865366,0.7858145647406711,0.6977066239494655,0.9084442460996982,0.6780339240415445
3267,0.24213496,0.25100952,0.27565894,0.15230876,0.18815854836795007,0.19022220134534346,0.1878997656294576,0.15338319371575748,0.15901321295120271,0.19034175697933264,0.02386631206297004,0.20837611546597262
3268,0.3806062,0.3590187,0.33685577,0.2142741,0.2592941414543917,0.3350221272964741,0.34437792532433914,0.29459385512803277,0.2538537617154335,0.2506657304871067,0.28020404810123123,0.3060456643908555
3269,0.33137557,0.34725976,0.3541395,0.3036029,0.3346428312169396,0.36333674890814,0.3447638349656633,0.3348834451209146,0.32120558249773273,0.3309021388535667,0.3062196910223094,0.33967817005359957
3270,0.5972501,0.6159009,0.5757275,0.8731167,0.7566078432662378,0.7316716809001698,0.727254797811874,0.8464154362975792,0.866292924436163,0.8513369347404964,0.9815276201433563,0.729096171198566
3271,0.57174045,0.5731558,0.5437846,0.78964216,0.6600171892164146,0.6543236303771122,0.6436131997325949,0.7455132100447714,0.8390967413221878,0.8300211471999435,0.7891776654016631,0.6863698372691573
3272,0.5755788,0.6027706,0.5781088,0.8717755,0.7585538846382966,0.7341930285887373,0.71968985808359,0.8509127223401236,0.8833365663301909,0.8847344642858446,0.9510730231718945,0.7336128013358564
3273,0.2573834,0.2609157,0.28077635,0.15354487,0.21126582655066,0.2591445094203063,0.1970128544638092,0.1556064801307115,0.17396953150633965,0.20360131410234333,0.10044622739650726,0.2236879578037955
3274,0.64087015,0.6660409,0.59855473,0.8727294,0.7681794608876567,0.718179507523532,0.7433108324764993,0.877533561901308,0.8874385093200207,0.8766958933646951,0.9793100256237762,0.7550694201257998
3275,0.37634388,0.3610207,0.35318395,0.30179417,0.31219634089353726,0.3505511665646549,0.33822811095142047,0.30133714348894036,0.2776690625709011,0.30145078018923777,0.20362466483429115,0.3281571649427213
3276,0.2324448,0.23056737,0.27310175,0.1571573,0.1962738992259065,0.20356697385518335,0.19694507907458156,0.14604717550633048,0.14898829357689844,0.16956677927274985,0.06584521017377562,0.20545075463771195
3277,0.29841948,0.30829075,0.3144607,0.21854582,0.2798368256142707,0.2669316390545061,0.2817881954985021,0.2358907578681321,0.2647185208940933,0.2632622524305249,0.3025882020999572,0.280836736965321
3278,0.32961172,0.30671912,0.31525236,0.23806421,0.2519949917370902,0.3838426867581733,0.31105976134508817,0.25961932424545886,0.2927633610194958,0.29227058580263304,0.11898457266067981,0.3045247325066488
3279,0.67264277,0.68276227,0.6133923,0.88593626,0.7838408752858088,0.7834851076890518,0.7784529481584681,0.8872427876501693,0.8953200645959507,0.8932745925798571,0.9899605593487241,0.7736868562893178
3280,0.31281814,0.3257244,0.33153388,0.2696337,0.2519412396055877,0.29919087071993056,0.27131642721381055,0.231920259308369,0.22104655011508215,0.252032873109837,0.13897500085717956,0.2762647857861961
3281,0.3398561,0.33750898,0.3306798,0.32160205,0.3303727640940227,0.3820209438737995,0.32174419690132217,0.31321796987147055,0.2948686934096008,0.3025253727903963,0.6625293888881442,0.32240009036635764
3282,0.28508693,0.28326917,0.29091248,0.16100875,0.20203168857273157,0.25187093541210637,0.21928132128470498,0.1598270759333505,0.19268522868492363,0.21535730190651914,0.0727636390169568,0.23799128285126003
3283,0.3295469,0.33707836,0.33429533,0.30196467,0.32197982704637423,0.40062818153719404,0.30954297770163886,0.28402682627828924,0.2563547266065849,0.2620528793379209,0.3779638073974317,0.30621448969587667
3284,0.30771014,0.31038985,0.32205287,0.24442041,0.29459010591722,0.2892302418350096,0.27617643409826964,0.2608627999640416,0.24513103479173926,0.24002842145770123,0.2664299429496153,0.2776943964280053
3285,0.24546075,0.24354124,0.2734695,0.14738046,0.20114109112940293,0.2702138130355645,0.22945218418765628,0.15910347671342256,0.18054885844518548,0.21161184238810388,0.027342315840121124,0.22819817347904997
3286,0.3305214,0.3234078,0.34665525,0.3089866,0.2688326354189728,0.303946881373479,0.323269366274327,0.29910536964990464,0.30687286123437474,0.30603558230006866,0.32581291797133816,0.32053859533908363
3287,0.3684094,0.36791873,0.35865265,0.35932845,0.3616516856004332,0.4152214032856973,0.3671860414014823,0.38486268556487857,0.320594612523737,0.322139612571692,0.27010290607434545,0.3537195483538601
3288,0.30671567,0.30989438,0.3195139,0.21176612,0.26510399740017804,0.26707521148723296,0.27242334533707335,0.26098597576001215,0.20663541486162335,0.23721701741842996,0.11108187689284113,0.269636325201397
3289,0.35046643,0.32054183,0.35288143,0.33355397,0.3006159506610686,0.2811937621284589,0.33395236906093345,0.3119791339008888,0.3527976997136917,0.30968101172045126,0.29844295979940727,0.33210647052102954
3290,0.27003035,0.25339726,0.2821578,0.16077323,0.19169523835415428,0.21679134040815193,0.21424830012478563,0.16102510267321046,0.2013950099184128,0.22601742963258897,0.06912273349879315,0.23314463172576275
3291,0.29192472,0.27827588,0.29001904,0.16548881,0.21760123209690985,0.2197102910325437,0.24896758235763256,0.1746797058546203,0.2143242766025097,0.23579436074244886,0.11002634828054629,0.24862367518313483
3292,0.31744394,0.32390565,0.34226155,0.2524531,0.2751052963176724,0.29046817612117726,0.28712627488707565,0.24594447428542415,0.29135542752480575,0.29515702862809723,0.09163891403410969,0.3058767483658452
3293,0.5642706,0.5960596,0.5681449,0.8308487,0.7252385288936641,0.7100579087972925,0.6764810188636641,0.8098290621276609,0.8536333104552017,0.8523398203966506,0.9056689017494598,0.7104636008766587
3294,0.55549973,0.57888687,0.53071135,0.73597616,0.628136166727183,0.6210793977297084,0.6495057382384735,0.7327354144722439,0.7287832093464199,0.6751601646147001,0.7621236776731471,0.6359668343488196
3295,0.2827899,0.2902742,0.30936816,0.2140213,0.22856269554713857,0.2974644824017576,0.24517211383008383,0.18809251797815948,0.19184159559949596,0.21682816929365348,0.009430719482715655,0.24952075645703312
3296,0.26657766,0.2559115,0.28317103,0.14448747,0.1893314200380834,0.1846140079928183,0.20377423561859337,0.14551936669368976,0.16277324212229333,0.1899204597976669,0.048925497270881114,0.2128437794008299
3297,0.3218163,0.32504097,0.32625908,0.26475596,0.2971433676084917,0.2751558929884672,0.31338873143432433,0.2634774589899332,0.25488000210656153,0.262582373177053,0.3048172749570949,0.2915716784669534
3298,0.2612808,0.25703862,0.27772117,0.14917716,0.19146996161652569,0.20474468190166722,0.20334606440056308,0.15655022114104428,0.20523556817492397,0.22915846980653734,0.03493747990076006,0.2308497156664219
3299,0.33520198,0.35100645,0.34353137,0.28525764,0.3193421252092371,0.32287812840831764,0.3248434874646155,0.2937352062222527,0.2719939723437222,0.2997808567007982,0.26590831878060084,0.3163147765744383
3300,0.36803347,0.38316077,0.36924443,0.319777,0.35509794552114643,0.34569741874439497,0.37459791012658117,0.3460377548672133,0.33694282948073856,0.35467510238709654,0.2946179849020192,0.35673139995005165
3301,0.321842,0.32256895,0.31923342,0.23823953,0.2727165857445759,0.37097226737894845,0.3379152731679763,0.30651424926889287,0.2741424348723517,0.2779821983132349,0.3417578890548302,0.30772635471066395
3302,0.32900742,0.33151108,0.3411766,0.2840745,0.3009107322504245,0.3191751279705428,0.2880255170367287,0.2735755228479298,0.2431437038268732,0.27360859910482577,0.2066927109799263,0.2948389553361078
3303,0.30879748,0.30015653,0.3061946,0.22748098,0.2391498163133418,0.3239428625408709,0.2537548009552337,0.2098750612006625,0.20351992289481,0.20463221838048234,0.18011738734927468,0.25439189830677367
3304,0.34345442,0.3111278,0.33649835,0.27111363,0.280195323711461,0.289744364918495,0.28533511588603916,0.25675488650483796,0.2266941306631849,0.2407657873299553,0.20131875674647937,0.2788475550177951
3305,0.32380432,0.3149,0.32767797,0.2540416,0.2555435480406141,0.27315226159630446,0.290543370717366,0.22289764325375505,0.3086699526174685,0.3055307273663887,0.13281117043940371,0.3069327301928663
3306,0.29909825,0.2863846,0.32345605,0.27426842,0.270099927651039,0.3119747172245893,0.30985562098410324,0.2518913167103081,0.28751695802346394,0.30778569118303817,0.20580583684534312,0.3028263480660098
3307,0.28052023,0.27721405,0.29251623,0.19286849,0.22170989192470797,0.2949805721251272,0.23904687572067357,0.1822221870001161,0.21213157212627237,0.22265590747908798,0.1317364643506738,0.249555883051173
3308,0.2601056,0.27891955,0.2941594,0.20047097,0.2305245696172245,0.24676299044845734,0.23514388087669982,0.18455811729977617,0.20585004010546246,0.22367590190900288,0.2113613735369046,0.24274887953474816
3309,0.34722167,0.32630017,0.3339115,0.27848756,0.29884007388402545,0.379505152115703,0.32442120965945864,0.2839193963954407,0.2739476482427659,0.3069255784612043,0.24955634567586582,0.3151958807119728
3310,0.31255215,0.3144877,0.32333654,0.22928587,0.22212366971596179,0.3726440051471795,0.2364003042287397,0.20401723957859946,0.21471913326595357,0.24522715614607304,0.08923774149887094,0.2670258812079403
3311,0.3060692,0.29367295,0.3032109,0.19395022,0.2180682153795451,0.22593961758443007,0.24709024500767834,0.18007350483213078,0.21650529296322665,0.21670680272533263,0.07950444797032714,0.2504433372911976
3312,0.35912848,0.36006895,0.3905362,0.3368097,0.33879379261431597,0.3923409822162788,0.3403173862803328,0.33033117619249086,0.33098866761036855,0.34181199829429654,0.3132701248430691,0.350894152079699
3313,0.32198438,0.31998652,0.3193936,0.2251885,0.3178948026687414,0.2919893455031417,0.3174757627171778,0.2539415241432816,0.2908715480054544,0.3042763438142909,0.30370268397136685,0.3076517607608741
3314,0.3516745,0.3143552,0.31975842,0.24447575,0.23701832421280108,0.23656490028075,0.2642416148378529,0.25310671204868546,0.3060711927943126,0.3135260876347198,0.12492194797478237,0.3051469652612363
3315,0.32543743,0.32018533,0.33578485,0.31270826,0.3130993648610755,0.3028433032278235,0.30605816306739697,0.3065038023910403,0.2599175810920443,0.256770358100172,0.304201207900273,0.2993911086017321
3316,0.38764605,0.3468003,0.39248028,0.36141673,0.279665616104015,0.31555240980457305,0.3213982366937889,0.2828802146926857,0.27687944667927417,0.2809112486903669,0.08610104905825505,0.32278053964734216
3317,0.39850423,0.3603411,0.36728042,0.33834583,0.343578586767611,0.3957614420995933,0.36870102339968397,0.3236988739015663,0.3280125529982837,0.3285846345795821,0.3073799104797607,0.3537730967716128
3318,0.34063974,0.34936342,0.34427932,0.26154587,0.29701304119409444,0.3283382916065891,0.3042901502758132,0.27750177404334386,0.2550649273826221,0.2750296794790243,0.24468009060345955,0.3015141326916269
3319,0.28237513,0.26994544,0.28825665,0.18887019,0.2280344430112839,0.22824780274041623,0.26406479049937237,0.21166076993613644,0.23133410265816967,0.2370628058504908,0.12957385253271173,0.25524399207753723
3320,0.34146768,0.34431583,0.33840042,0.23769195,0.2768639742527861,0.29052943534112696,0.2668796902960696,0.24184333848878875,0.27521548072899854,0.281484862444359,0.15477620129333772,0.29816077889282466
3321,0.2787586,0.27743596,0.30439362,0.20646214,0.24130639729166464,0.2577784374714508,0.2411928015758571,0.21169876234271823,0.1947035234146023,0.23646628407696987,0.14202196959657792,0.24798895976589744
3322,0.35645157,0.344434,0.36193907,0.36930498,0.3678196581082097,0.42003978894250676,0.3992126182315236,0.39801969513367597,0.31440483340689357,0.32390285154859655,0.4364485403727502,0.354619894499457
3323,0.31992275,0.31244168,0.33300337,0.31080177,0.27824965761069176,0.2794436621192,0.30305414012140275,0.2694908010151655,0.27407390888761546,0.2878485378812611,0.2381186301549234,0.3009096417133976
3324,0.6110307,0.61873066,0.5876788,0.8868723,0.7556577531217371,0.7325259168059166,0.732353617976756,0.8579807482000081,0.8771679039697352,0.8721907353424575,0.9818151599351441,0.7409493108494415
3325,0.51212573,0.54692525,0.5390542,0.78099716,0.7052225251590295,0.6582847460699746,0.6667445231890127,0.7917158572845541,0.8330640064486943,0.8495298922845287,0.9124801817183223,0.6874131188936945
3326,0.35977647,0.36374444,0.3462933,0.32688808,0.360321667575355,0.4147783033005738,0.33602529718471785,0.3631628924761114,0.2887546360800136,0.3293562864514017,0.577729441501758,0.3400728498470386
3327,0.41303325,0.4569315,0.3882781,0.45207518,0.5188992228564755,0.604651792509433,0.4420583421007557,0.49526816238665516,0.5366840054632169,0.4517218839675687,0.7049153062529157,0.46407394807615054
3328,0.59565365,0.6172092,0.58225286,0.8688108,0.7527475652689952,0.7407182144414237,0.7266796491410763,0.8435429520931141,0.883898752611322,0.8574181785652059,0.9446639535562544,0.7372408632858382
3329,0.3063894,0.30102563,0.31475648,0.23172879,0.27021524485227033,0.30602232282349257,0.27258059061594714,0.24384604994161457,0.21019295312685665,0.24662669519960048,0.1921429312264818,0.26667598492237715
3330,0.29059833,0.2688684,0.30095538,0.24094403,0.2299136914420313,0.2645485944785911,0.23440686413981543,0.21496379749395134,0.19678893270529216,0.21899250780426693,0.18972832439037088,0.24961472282008668
3331,0.30723268,0.30264813,0.3028374,0.2396998,0.2835227206719994,0.3208601791859599,0.25741700075693225,0.2427140465974457,0.23878104988976437,0.2549098023954858,0.24568644472697926,0.2752846505160608
3332,0.3549913,0.3401463,0.34593397,0.34778407,0.2970906881177245,0.4117840346220635,0.3248138553042238,0.2936127865660303,0.31665510144760195,0.3277539651390856,0.36530456756823926,0.33779949343603255
3333,0.57468265,0.59864366,0.5749687,0.84650916,0.7204355664954174,0.7078774219521764,0.6728672686681004,0.7946608507551394,0.885633635410221,0.8897441456012685,0.8538735007257721,0.7243876501860245
3334,0.34022194,0.32263345,0.34307745,0.30601883,0.3420275567119549,0.31738891266089486,0.3239233739147592,0.3393272243740372,0.2662046028280363,0.31699560665158,0.3909437006729244,0.32030858534150664
3335,0.600165,0.6084286,0.5656853,0.82089794,0.6838483468592549,0.702545420972101,0.6709124671907827,0.7694199004858339,0.8102861609625338,0.7793537952363637,0.9095756577659435,0.6909290355351136
3336,0.56262004,0.5713679,0.54424435,0.72109145,0.6629038646903349,0.6342728800467577,0.6419943544909505,0.744290880247439,0.698945286128517,0.614650202082229,0.6935366421580464,0.6190882449924883
3337,0.26017022,0.26383948,0.27951977,0.17439763,0.20118885152128,0.22393842434725109,0.2279180049668577,0.14861811401175515,0.1987486024733131,0.20987435990953857,0.017843213664590997,0.23262720900825978
3338,0.5840766,0.60852367,0.57498395,0.869252,0.7615269941317543,0.7282620571766801,0.72303470375617,0.8627387970925753,0.8743958908987638,0.8666850179397511,0.9790218800028045,0.7326870154712781
3339,0.57713324,0.57442486,0.55751616,0.7639477,0.6659757755368572,0.6868918679546613,0.6458410708322102,0.7658361486736003,0.7182165493095812,0.6468859139676763,0.7526383192178351,0.6373459768415809
3340,0.392412,0.45171937,0.38629326,0.47241983,0.5692982205053778,0.6083310486465109,0.4698465968256806,0.5509097258990718,0.5900836706270608,0.4967251262236365,0.8280352775507545,0.4901018030959963
3341,0.23791571,0.24590358,0.273654,0.12677136,0.16265818866650758,0.16857908771424707,0.1707995186671562,0.11325959862268753,0.13524592803306495,0.17593701182542923,0.01631048704610517,0.19268443524585852
3342,0.3078401,0.2991206,0.3115719,0.21586886,0.26296842434066026,0.31819901699472114,0.29191086880982187,0.24519462397506692,0.2741406474413863,0.2936804189436826,0.24455102072608734,0.2966504740832442
3343,0.33159986,0.3502394,0.33460087,0.24030101,0.2870067314942667,0.3084077682367058,0.31434409699679233,0.27887645781938986,0.2839046707243767,0.3142925784060776,0.15705283393021044,0.30817584221404426
3344,0.56422496,0.5822164,0.560077,0.8291234,0.7226664136624507,0.70184968233794,0.700964541740065,0.8230867936797747,0.8440587865622812,0.8253216694485739,0.9416595988705039,0.7051921157097909
3345,0.3014165,0.2910202,0.30677715,0.2289469,0.24937273526454926,0.21684342454962313,0.26412749385956447,0.2330364724589294,0.23018774599996722,0.23332962704523377,0.19297525342818775,0.26259960031937457
3346,0.30792266,0.2961474,0.31786093,0.24891993,0.2644506072811797,0.24408119937126954,0.27766066180297827,0.22696342583967422,0.26032777382181427,0.267466070943567,0.15118223353217597,0.28156992873553166
3347,0.37155738,0.3743928,0.36534056,0.35762447,0.3626924100212762,0.3672480997965087,0.32928305029899707,0.3361083087373491,0.29331670039470953,0.31061391356111073,0.38007759631719973,0.33584675080221177
3348,0.28148535,0.30117208,0.30787605,0.25995204,0.33345639161495017,0.2812508435578746,0.2831175433617463,0.268067410689499,0.22578832993339928,0.2668803873159136,0.31329159460137923,0.27365895792081096
3349,0.27338055,0.26950315,0.2754828,0.14145921,0.20431920483679758,0.24031034564941792,0.2405439051040223,0.16650894281423606,0.19899858233478301,0.23543383662473985,0.049741281169197446,0.23879675396981498
3350,0.61002785,0.6222233,0.5874796,0.86871445,0.7403201466976311,0.7403482825456933,0.7197472311898936,0.83722254790154,0.8962738105312213,0.8884153224766894,0.9576115956544218,0.7445832990640969
3351,0.35053906,0.3323024,0.335169,0.27032477,0.25359859050888145,0.31960774859204033,0.3005925256088312,0.24284191078925982,0.27841901345467773,0.30276589724416625,0.15207111192759587,0.30542488558309144
3352,0.65145123,0.6394122,0.5856632,0.76475537,0.727598764645786,0.6762842160469033,0.7057440173305178,0.7947798440791237,0.7082493108968826,0.6314066311026612,0.8829243660396721,0.6600177092274973
3353,0.34859443,0.32309553,0.32126155,0.24478078,0.24775627133239397,0.3088152925281658,0.28962223038978907,0.25225430331108956,0.2716312046700583,0.2654771678116528,0.259249921801371,0.294372073873796
3354,0.371026,0.35939416,0.36052155,0.3443032,0.39341518415542076,0.3981716215912543,0.3739791802129795,0.3597774698160474,0.31323948755366665,0.34646264155284673,0.510775901878364,0.3510746234784493
3355,0.36404496,0.40245715,0.37548208,0.34956294,0.4829092081154148,0.5055758739862687,0.44138976593960616,0.45842742810594556,0.2863527300850527,0.31420640819217666,0.6148955719716943,0.3690750322164508
3356,0.29877028,0.302002,0.30421928,0.19799814,0.26848397030919485,0.29151155846524474,0.2770777183076432,0.2104153385057844,0.20584201824639198,0.24412579669877252,0.3321636796062046,0.2631804993428116
3357,0.33313927,0.3474055,0.33926067,0.27653125,0.3027427648502915,0.29745760398918664,0.30068193543936106,0.28624615752636995,0.26389965473629096,0.2708005325254116,0.2976945040868416,0.3013940099738158
3358,0.26520482,0.26080817,0.2745312,0.12504674,0.17761306595878884,0.2224949548196024,0.20481364632280066,0.13042268373500207,0.17552623385759852,0.19978053611240262,0.04137749414773294,0.21979118642477027
3359,0.3472182,0.34749287,0.34880218,0.3091317,0.31952553668493733,0.31662700593813675,0.32356446084786666,0.3087852841661184,0.284999503690554,0.30390246249315034,0.2661797686176256,0.3220016452178093
3360,0.31699,0.30994758,0.30287653,0.2042267,0.24966391845442187,0.2529188532276963,0.29262600987888243,0.22883032086009852,0.2508365172110948,0.26310913117270884,0.16311638816770332,0.27921295349512265
3361,0.3175087,0.31798834,0.32420626,0.25659573,0.29035760805784827,0.27910272915758527,0.30120272559167666,0.268414426102769,0.2491218644342561,0.2607289056466996,0.22726089986639675,0.28711882203099337
3362,0.3891847,0.37620643,0.37184185,0.36104554,0.37271846770616607,0.4180743449835834,0.3709297185630556,0.3509112570875991,0.29937708221754955,0.3160811214957861,0.36936031008556885,0.34947880666532033
3363,0.31098214,0.29999328,0.30516973,0.21258311,0.21860368464540986,0.2538606278058155,0.2531990424726857,0.1953299970088,0.25858374613285273,0.28697223418718887,0.05098262595020149,0.2773395467678303
3364,0.32217222,0.31910962,0.3352851,0.2864102,0.29320581371110477,0.33055341476628136,0.323604151636559,0.2804572128557149,0.30925022927724194,0.3385732951033774,0.20856209835359615,0.32505114987333966
3365,0.35184014,0.3475636,0.35033312,0.2972021,0.28822942348131686,0.33811895321812474,0.3096593578601694,0.28277431524633234,0.2549562764180192,0.2754608779345108,0.20476363587501784,0.3060514755918055
3366,0.33995515,0.3153633,0.34346977,0.30453414,0.315021947560693,0.3310647234559128,0.30734382096899643,0.28339070697540325,0.28912032339215654,0.2914921426655992,0.45227651614110426,0.31377074166915725
3367,0.32330912,0.31711185,0.32167873,0.23224024,0.27023984596683687,0.3434218506299353,0.2796214760867232,0.2564232434499671,0.25153532073673956,0.2597531022710883,0.2385659429460044,0.29178049544205087
3368,0.35511583,0.35237843,0.34745994,0.28786698,0.3253220016814263,0.3345693972932272,0.3067681931775275,0.30181135294000094,0.2741024110769718,0.2963799914107142,0.23553914957285307,0.31275745626967477
3369,0.33357185,0.32214278,0.3190934,0.2763906,0.3165134252403762,0.3479634923319079,0.3235438369291125,0.2962465880467192,0.311633079507038,0.32795887873960405,0.2834185887348629,0.32329687191846096
3370,0.34558633,0.3226055,0.34051442,0.24793224,0.22689964940722068,0.2856472571449289,0.2877112901076279,0.21643882385706098,0.2623330041314862,0.2571255299426289,0.1056927373080315,0.29008213242315456
3371,0.6285211,0.60056794,0.58554614,0.7804657,0.6733738700520825,0.7212881947674302,0.6794684543608361,0.723817331590198,0.7048082251890772,0.6139663670771938,0.9027568050783799,0.6476093221167778
3372,0.18876477,0.19772021,0.24156575,0.09221087,0.1430559818895917,0.12133435697896902,0.13591850761983557,0.0869631042653597,0.09966082945628196,0.1260533683014592,0.010008758206851875,0.1549101365520787
3373,0.55094063,0.58791655,0.5627283,0.811221,0.6712994121886208,0.7022275517821394,0.6354161067243073,0.7486556651565521,0.8272630908531384,0.8221221812141974,0.8119831499093463,0.6870508365754866
3374,0.26203954,0.2564366,0.27111208,0.13683698,0.27921937507116634,0.2898568308594087,0.3355423367815139,0.27974410217922707,0.22260245624739436,0.2365488411505272,0.17441453957450165,0.26165938329476207
3375,0.5651439,0.56704646,0.5422551,0.7796329,0.6541702004151067,0.6595446361983504,0.6283556931743781,0.7369165915984642,0.8196290424524431,0.8219823684788594,0.8581255508902441,0.6786911659923393
3376,0.29132774,0.2861585,0.30823568,0.19843502,0.20120159971323207,0.27208530873131237,0.20367033405875481,0.16734491116948602,0.18199909137498466,0.22594791825695718,0.05864768443687394,0.23805138009757468
3377,0.25996977,0.25705475,0.27510136,0.1607002,0.2372725769303866,0.27169198243580067,0.2634003214995261,0.18748588405488897,0.2204657977277305,0.2455359149464472,0.09202662339241556,0.24850929926804408
3378,0.35303873,0.3687841,0.3592833,0.271283,0.3084406880097851,0.3114837846828485,0.3201394950714933,0.3017771368599197,0.3183862916496055,0.3498068932707845,0.24995522121802244,0.33418958114152103
3379,0.29526195,0.30697614,0.32142562,0.26339412,0.29316622410859455,0.30794200119355186,0.27802358824454054,0.28743780990664547,0.21201478149435546,0.24412425479466773,0.17298810800970404,0.27247948642705727
3380,0.27883643,0.27356416,0.2909872,0.17900851,0.2013480002141123,0.25190775482468153,0.22278948291688988,0.1650737474556374,0.204438909030107,0.22451607639649312,0.09487006962890632,0.24435353990683967
3381,0.30911508,0.28992,0.3432544,0.28240258,0.235279312708705,0.23444768904586014,0.27538203747746204,0.2266175327025403,0.19963111755509538,0.22821527222235502,0.08299845817272519,0.2630035327960372
3382,0.37364203,0.368586,0.35779476,0.30674678,0.32307596694015717,0.34729323401142775,0.3214100116560864,0.31756201518059457,0.2768906951734699,0.2932513031490193,0.3269153737551658,0.3233260973116644
3383,0.3172276,0.31826538,0.31992853,0.24049675,0.29996459426907773,0.28886658963546596,0.2661765871426449,0.2450459914365833,0.24180107218445182,0.2459891496028992,0.18728237423433527,0.28191597350014175
3384,0.31778997,0.31158444,0.31088108,0.261622,0.2572377581601365,0.32578390116491734,0.29282961951241615,0.25661057975909723,0.22860855186489076,0.25402355171794194,0.10845098917727078,0.2794986760840709
3385,0.26461178,0.2522649,0.27994132,0.17801002,0.20779892600042507,0.2602099805704251,0.239206630098657,0.16529350105062324,0.19625701355375846,0.21755580598033247,0.08919280657200446,0.23697584401544228
3386,0.54973394,0.5783819,0.53252006,0.74722296,0.6807128077277318,0.6591372356389366,0.6459980037403464,0.7559351324255801,0.7366116198095296,0.637751849411889,0.7677448436074603,0.6347747980730613
3387,0.3482567,0.33735135,0.34332034,0.34051338,0.3918168468321682,0.45090180226799603,0.35898150663444506,0.38762620100567513,0.3387099391473914,0.34039612646192974,0.4688788152309337,0.35487112304589874
3388,0.6281842,0.6135853,0.5873507,0.74302447,0.7159276682221274,0.6907682163508856,0.6763953274500184,0.782151751455153,0.6875424109954598,0.6136433576958475,0.8925918486082904,0.6437269456556061
3389,0.3273654,0.33789623,0.3306979,0.24329059,0.30671370746267773,0.333548164431285,0.28438965557163803,0.28716183917940413,0.2617457054907214,0.28938108003338386,0.35307908824652445,0.2996325105965985
3390,0.5512149,0.57781255,0.5514169,0.8217266,0.6664420224664731,0.7031304359509344,0.6454370722363285,0.769033349547526,0.7892509114390844,0.7813861274960945,0.844867740136463,0.6721774879545845
3391,0.35086408,0.3361359,0.34315643,0.29319674,0.2906530162556867,0.3372762727846476,0.3059253648793919,0.2884563345876061,0.3194425793856125,0.3346373162944104,0.23391058813265353,0.3299673534518509
3392,0.27184778,0.27444392,0.30335367,0.23848304,0.3105535247691919,0.32633157732240514,0.29259117344261815,0.2576933259030561,0.30448901239235765,0.3190573612603725,0.32249180853436915,0.3020941147112237
3393,0.3046277,0.29609698,0.31589606,0.23408127,0.27241372338246866,0.31905787006245756,0.30526365838542435,0.25576962830300126,0.30470327736897634,0.30011076301703243,0.1191310898228208,0.30223743491089283
3394,0.63492846,0.63108873,0.5945815,0.859746,0.7605208816517913,0.7869496409669472,0.7396421001311249,0.8526228507657965,0.8901063291608333,0.8925116233026472,0.9876490249923006,0.7559478758642315
3395,0.31108898,0.32018378,0.3421464,0.2831441,0.28611362759873094,0.32026292343985235,0.2979035275181803,0.2585207547126554,0.264616979535894,0.30103164591413467,0.18926218364340452,0.3035155555088413
3396,0.29632944,0.29398653,0.31185085,0.2197512,0.24413299930631904,0.23997552711819753,0.27533126803868746,0.2215848448866456,0.25615926887483353,0.2942865861905072,0.1064687054611038,0.27831881636738903
3397,0.29169834,0.28928924,0.30736226,0.21488039,0.23383081967830194,0.2696439543746848,0.2599080259309125,0.2080987272589759,0.2179355677522587,0.24789343816494291,0.07203183755485587,0.26207354130473515
3398,0.3508231,0.32900915,0.3498475,0.31289354,0.30316166766600644,0.3358681397951987,0.32382409497077275,0.3462824188563297,0.3053455850035471,0.3136519718841703,0.1979075661875262,0.33043622981685494
3399,0.44696316,0.5157566,0.44275397,0.5861529,0.6502654540800934,0.6521658768404676,0.5226900847327953,0.6452404064183259,0.5956832187241496,0.5226389374576487,0.907880606488155,0.5304645860774606
3400,0.28822032,0.28783357,0.2985362,0.18198521,0.24293162700849588,0.2208474029637543,0.262437014846811,0.22018246600836963,0.2365363595057151,0.24984983264508753,0.1818199209484663,0.26158532421780106
3401,0.34026265,0.33589098,0.3212067,0.2683505,0.3190044889465585,0.36811388379879123,0.31398448604149054,0.29390487748478106,0.26432734064301067,0.24412712266261377,0.14482168817189822,0.30050069570237026
3402,0.36498004,0.32922956,0.33413666,0.29247838,0.2748025727203337,0.33510657889516277,0.329504638309866,0.28045061555348527,0.31836533602560463,0.3263318940028791,0.16032776694172246,0.32809701013978315
3403,0.3143534,0.3241892,0.33611447,0.254894,0.2835559692226527,0.3098277225287852,0.27631742323102065,0.24677722446247738,0.2612526278691438,0.29129431709764525,0.2519018314673195,0.29786050279536774
3404,0.32398525,0.3408703,0.3531091,0.35731953,0.355905098179874,0.37716158276564526,0.32055638859868385,0.3166868582797457,0.3361438269127543,0.38373403522768573,0.30779213278949163,0.34585961057011977
3405,0.25732586,0.26067537,0.28548747,0.16380623,0.20628641540104362,0.26404114567824094,0.2233689144389092,0.1680622128384059,0.1658987534310224,0.21633655207798932,0.036620253551612525,0.2276867346685591
3406,0.27493936,0.28606993,0.29701972,0.2158879,0.3066361214615235,0.3148982619700341,0.25530289636126857,0.28401322864962053,0.19232074835979085,0.23874130389956855,0.3513275276819802,0.2605978168781489
3407,0.36632738,0.36436656,0.3667779,0.34072334,0.3457437085856919,0.3929898852848147,0.35188877597486473,0.33547519227577594,0.3837080281038815,0.3667411131788079,0.3488588429917839,0.366759184471522
3408,0.52138394,0.5562816,0.54493797,0.8308915,0.6891566028427606,0.679643058988345,0.61142992670634,0.7646641448533724,0.8116397287542266,0.8328443833446377,0.9531795364683667,0.6762548566824715
3409,0.32512796,0.31186995,0.32045582,0.24851914,0.2662586695179978,0.2802024463813599,0.2990500130822126,0.2534180362531564,0.27280874476281386,0.2709757413157333,0.17890713190035146,0.29275169779533633
3410,0.25951275,0.26066846,0.29468536,0.17512546,0.21376152352191058,0.24691271977489,0.22017667112599043,0.18091290806302124,0.1811153075122638,0.19876987900987403,0.1082943973997973,0.2303962244713788
3411,0.5796054,0.58538795,0.5705002,0.8289329,0.7181987566177885,0.7031621715640959,0.6753266224783339,0.8107913420189098,0.865581794031238,0.8474973809520667,0.957790059713042,0.7128509017820089
3412,0.59373724,0.6072358,0.579903,0.87447834,0.7410968012818224,0.7297562764552155,0.7192850895933425,0.8350431105196741,0.8943843665146991,0.8856564208970814,0.9157554520121789,0.7391125113973903
3413,0.3638668,0.33110648,0.36843187,0.30301476,0.2701697046073668,0.3138779375674793,0.301934650529214,0.2555207280745083,0.2984206573664393,0.3148239596435357,0.13547680380412477,0.32060933318577195
3414,0.23193514,0.23674405,0.27828255,0.123187445,0.16617087764820157,0.19810306961463384,0.17691991374404242,0.12098117885544642,0.15032844241156415,0.1826841822961343,0.021517176161351393,0.19866409942903115
3415,0.3432121,0.31095493,0.32777125,0.2629004,0.28413308029254336,0.37397566196443177,0.31164850517037224,0.2956078409764736,0.27496916696960366,0.28858788400340396,0.29093345327554876,0.31138008062714073
3416,0.23191157,0.22761026,0.27413696,0.12839773,0.18698347135930632,0.23378718065510967,0.1928068800015006,0.15543933865011933,0.15436510799671738,0.19810261203438584,0.0071320141634076736,0.20755239985649704
3417,0.4447794,0.3648582,0.41203722,0.31148642,0.27120836922928265,0.31510710464138764,0.34553402006119416,0.2828174826681493,0.23831315299840788,0.27198066238333707,0.07959512190608377,0.32395709674016215
3418,0.51767766,0.52320784,0.49733272,0.59658605,0.5327669909920028,0.5451537200778662,0.521193252180306,0.5437127387307716,0.699550185960377,0.6510872915040619,0.7016444325733431,0.5799573317862452
3419,0.38462707,0.3613425,0.37780935,0.39423043,0.37359831445706915,0.38520962899610967,0.3332925465275594,0.3622812421181647,0.30750714129631496,0.3100884526870896,0.4297588276366578,0.347670691509272
3420,0.31447926,0.32615417,0.33382204,0.24071868,0.26971628321329677,0.27472199915896306,0.27474482594468386,0.25987044959626193,0.20697136583718642,0.24824579961401544,0.10292842868035872,0.27039832393521573
3421,0.27758217,0.28153235,0.29472142,0.20914027,0.21685543270664018,0.1996192826300615,0.20009072249235982,0.1662044047413636,0.18607176373527984,0.22143270037175694,0.12674914086417344,0.229551968551207
3422,0.34076002,0.31645876,0.35436904,0.2744191,0.3281306273874935,0.3518514425418693,0.34745972598664554,0.3239198407524707,0.2617545304505029,0.29867228104623017,0.2591441972876879,0.31730626361542685
3423,0.3270529,0.3109969,0.3170095,0.22359324,0.2689822032110432,0.2728201774867052,0.26803397460236233,0.22326419397781544,0.23557336644533988,0.2516854673820294,0.17435416713839774,0.27589847421380187
3424,0.2562119,0.26136178,0.2972054,0.18089995,0.20492047625622306,0.20909849037414635,0.21534419275051997,0.17127962215217019,0.1884928279546243,0.21231267778852153,0.08545868290681788,0.23074782905169494
3425,0.5842587,0.60555613,0.5841571,0.85341823,0.7402188878679871,0.7387561097371199,0.7117254428009365,0.8364216692033996,0.8828859129664937,0.8662785157811648,0.9413218612795872,0.730731511401645
3426,0.25083178,0.25899,0.30111107,0.20188741,0.2065819527937418,0.2289754288893638,0.2167340721593522,0.18188554812151803,0.19481797764571476,0.24036022687134428,0.1906924313330825,0.23823303688788705
3427,0.2632579,0.25109985,0.29118717,0.19803736,0.18973238515788954,0.18940402038491447,0.20009807046718783,0.16264721854797975,0.17615399862089587,0.2184573127695319,0.02380093839007651,0.22469236206359372
3428,0.5933572,0.6050933,0.5794807,0.8664114,0.6958516532698124,0.7335455402217901,0.6839344516826614,0.8087491725677524,0.8999976426735635,0.8985255710717365,0.9369547970332075,0.7338694849494773
3429,0.28970936,0.27041927,0.2939829,0.2039769,0.2254422609800574,0.21418666346578036,0.258832318148726,0.20369829369115808,0.22958242955618116,0.24585921406877992,0.12155834715682783,0.2596257978802792
3430,0.314433,0.30173856,0.3192878,0.22294986,0.30172669162664245,0.3870582856551069,0.3117364113050498,0.23682004017970035,0.26645917633977917,0.3177004816659445,0.19882598343220378,0.3047869776813647
3431,0.243714,0.24114223,0.27363187,0.13100219,0.16505202164183955,0.1797280276245148,0.16532423696465748,0.1307498565867547,0.14587431618257213,0.14817712756222895,0.07327237925747315,0.1928104386728053
3432,0.31969434,0.33270162,0.3424912,0.34536982,0.3384732988978992,0.40039877200447005,0.3520455442941386,0.31916434201900074,0.27354263028710846,0.3256835760634023,0.3267868803013715,0.32111428815064025
3433,0.5888804,0.6042737,0.57517225,0.8619631,0.7449687103571927,0.7504466932328574,0.7069774468452664,0.8400182419312063,0.8867718410917872,0.8760457168777871,0.9655650154148356,0.7345284315549804
3434,0.26842058,0.26109123,0.28106683,0.17550275,0.22905336617545707,0.26012211123464796,0.24961499753208463,0.198276516880819,0.21829576473593287,0.23249386766426827,0.10492507330180852,0.24733567421503527
3435,0.5540143,0.5890048,0.57032275,0.8360019,0.6947750399186966,0.6334862010507203,0.6357362589994595,0.7577914834043697,0.8664187368622619,0.8597815570563379,0.8772624601661179,0.7021258049107925
3436,0.6082996,0.62587535,0.58538985,0.86200744,0.731939942309493,0.7441621286174611,0.7211480652997329,0.8441363634825582,0.8813461645386484,0.8653914492733131,0.9100834803322609,0.7383635712412027
3437,0.5704111,0.5806469,0.55995035,0.77389973,0.6541052166897329,0.7006629952819908,0.6423549789817977,0.7315075579045873,0.8561616099121254,0.8512322071096706,0.8380744712785144,0.6985653012067867
3438,0.34189352,0.34390983,0.35415885,0.38514775,0.3543527978242336,0.38680995731500023,0.34074771158497,0.3863619434818245,0.28195539191612784,0.3378324614857985,0.26096364126302235,0.3402933965151474
3439,0.3600185,0.35151336,0.3567459,0.3055895,0.3167656557692806,0.3635917751892701,0.3428051131570901,0.3026814909860518,0.2929848155549506,0.2943731208231379,0.3696593705559727,0.3278128452354719
3440,0.33356172,0.32304043,0.3503169,0.31201068,0.2877628702808325,0.27199985176013036,0.30290989897928133,0.2697572630026845,0.26779861316358,0.28293724963382033,0.21569338810495928,0.30303931712550375
3441,0.25977826,0.26956332,0.27491185,0.15083012,0.2418497810033203,0.2212188094659074,0.24134284015889557,0.1951170557290348,0.18329390484510644,0.20435000176825402,0.1640351893092426,0.23250631687671341
3442,0.4217483,0.48422846,0.39847383,0.4966113,0.5811369759262716,0.644324455573518,0.5247232438702731,0.5739858812621698,0.6010702453378636,0.5115021180019383,0.8892972628258138,0.5127420880055101
3443,0.3625981,0.35363132,0.35103843,0.3310357,0.36799616163196536,0.3984863972169962,0.36783239357936204,0.3671965726333939,0.34650887473622183,0.32929210181921886,0.4683389361885605,0.35388325664579695
3444,0.30758157,0.2916933,0.2959866,0.16709244,0.2164339219309424,0.23208463631646897,0.2537131767167751,0.18029809204659894,0.21601728238271992,0.23416135633093355,0.08568619542764612,0.2547384392792868
3445,0.27256438,0.27756137,0.28603482,0.1654,0.21622350021279862,0.24595502530748212,0.21670121375278942,0.1780648910587543,0.1864774870485842,0.21526611880264118,0.15832687416306898,0.23366079955908364
3446,0.2810431,0.26947767,0.29814202,0.19262518,0.21839993924574636,0.23057991351391444,0.23866158659170894,0.1852017080639083,0.21938920754880656,0.2359990306460494,0.06088006014529368,0.24808933752613832
3447,0.6183187,0.6269096,0.59523314,0.88055867,0.7614426658678838,0.7509960775974355,0.7415679032343607,0.8595200048051502,0.8839083629984874,0.890072483596261,0.9820490150947853,0.7497543686365781
3448,0.5750003,0.6051409,0.5762231,0.8495408,0.733609812068915,0.7020927996954326,0.7109497698926749,0.8293378501754528,0.8701671955822741,0.8574405587261438,0.923289148111832,0.7260467552786609
3449,0.29199442,0.28054008,0.30444628,0.22578645,0.2164233683610794,0.2745760853599025,0.22379539833047962,0.18832702038673738,0.21553779708125959,0.2404057623801296,0.1567045452189872,0.2550912325887015
3450,0.2985766,0.2874792,0.30178195,0.17950729,0.24873959529876633,0.26947164619595815,0.28047598260417694,0.23646961041612027,0.24970578530160395,0.2750432738915029,0.10468504495068576,0.27485393199694136
3451,0.36074674,0.35292757,0.3385309,0.31529522,0.3277198496981823,0.34485882069328844,0.3533960746572894,0.3207492583575885,0.30819231406606884,0.29948585950807133,0.2859669857731809,0.33028789636279143
3452,0.31275344,0.33018833,0.3420032,0.33183008,0.31759063611620053,0.348772667191327,0.33777441129773533,0.2982338302163754,0.31093323298446385,0.29738826417658176,0.30775415207011386,0.3232475349711841
3453,0.3383442,0.33726448,0.33563298,0.27534628,0.3023365763777542,0.2901686298027691,0.3188226192832259,0.2950701905370581,0.2757856333612073,0.29309033639130366,0.26783923974821205,0.3076566312830423
3454,0.63748133,0.6729304,0.6046437,0.87825286,0.7810831800143759,0.7739006041533377,0.7712197082283201,0.8806643576686912,0.8902351302907118,0.8767320333283763,0.9789981645579491,0.7620069072057274
3455,0.346378,0.32083473,0.3283341,0.26890868,0.28553184719999336,0.3358071125349378,0.30356773838291706,0.27992344947029296,0.2877920593440528,0.3005415341506566,0.2044380826429039,0.3126197357422035
3456,0.32339025,0.32130077,0.33952394,0.28150573,0.2980900439301725,0.2828389287555177,0.295731481423386,0.26854903977873046,0.27557462771789065,0.2961815449106573,0.3289581299808905,0.3023888597920405
3457,0.5531741,0.5637021,0.53439647,0.7683302,0.6853013028099604,0.6440296481422204,0.6502769319177827,0.7664164644213018,0.7841730528191065,0.7404580592235556,0.7858177444990672,0.6566156803706449
3458,0.3020254,0.2980439,0.31106707,0.19952874,0.26034301861037157,0.26268843508310946,0.26653108902249756,0.2253019041393141,0.30121871956494545,0.2853490824702381,0.1854148502899852,0.28988034488904957
3459,0.27903455,0.27722365,0.29557633,0.21553418,0.23060998741103406,0.22041763324126656,0.2551857133778653,0.21155803841272877,0.25415031419858664,0.23677267269385416,0.20758298302576222,0.2631039604148142
3460,0.27819315,0.2938513,0.30640158,0.21997805,0.2409440949149552,0.2511313991422881,0.2463514166571954,0.2240564803427894,0.2018723456251522,0.23324034907887709,0.1959005650661235,0.2527812940168079
3461,0.30260578,0.31283575,0.30717492,0.20548527,0.241532400987178,0.3018482792136904,0.2744042704399039,0.2074166127186127,0.26223107440121135,0.2559553190383077,0.21026853808905194,0.2815254248470402
3462,0.3462452,0.3354965,0.33871692,0.27322894,0.28764354967922257,0.333919633108518,0.3224791270063866,0.2780590396499568,0.30931812791273305,0.3142200536014211,0.1773897981242604,0.3205961771755605
3463,0.32338965,0.30241638,0.32913154,0.21865639,0.2638942412024852,0.2738480312798354,0.26777358502323034,0.23050226171119795,0.2507021942453483,0.2680074129337936,0.16834455923036146,0.27819938098492497
3464,0.36496982,0.3804882,0.37134454,0.39674506,0.43344124012047586,0.383483692572493,0.3963800665144571,0.4106683255413676,0.33273147152343513,0.3264737931843591,0.46100002328611744,0.3667091454223518
3465,0.34271336,0.34217453,0.33871523,0.2688951,0.3416903712770861,0.32657847175669674,0.3382025601669582,0.3033767221061695,0.2996037468074605,0.2905247081093554,0.34525988251601003,0.32118553654662596
3466,0.311973,0.3028719,0.3184221,0.24414127,0.2428791395141891,0.29343552515889176,0.28405488933674305,0.21806569417266916,0.22262247469105628,0.25020483900544754,0.075136646216604,0.27122902176011404
3467,0.3358329,0.32487315,0.35153407,0.35509494,0.32930011856901775,0.3565257313622728,0.30021367611891653,0.28429132510297117,0.3208632850227882,0.33429573942394336,0.20472096029970693,0.3309400350502045
3468,0.29185492,0.28629074,0.3025958,0.18391787,0.24125371383193056,0.24505675902718496,0.2716925540859826,0.22320769547104202,0.22741408328067436,0.2532087055547902,0.115826352380653,0.26433123373083905
3469,0.38110155,0.43444362,0.3789826,0.39861792,0.48038566089679086,0.47581430690649273,0.4083513397809971,0.46075725792323147,0.46422082115807006,0.3855229385472443,0.5232443970711318,0.4188056090598634
3470,0.30339417,0.29152682,0.3114512,0.23052773,0.24640289152599332,0.280996684587181,0.2761267218329365,0.22968571623940917,0.2487294665782543,0.25553693773679276,0.08482942533635544,0.277035770080812
3471,0.5707964,0.5803712,0.560776,0.81157434,0.69845427926568,0.6983484685535468,0.6871848684722889,0.7973803029382268,0.8410223524815574,0.8314688979993639,0.886721906489471,0.703676711543756
3472,0.5964787,0.61351097,0.58149505,0.8707236,0.7539339291196371,0.7309761653041356,0.7230194223444201,0.8475413868377052,0.8809351017928787,0.8972067827440616,0.98635075437447,0.7407218833679176
3473,0.6297633,0.6387247,0.60422266,0.8931797,0.7667627407904591,0.8082208620835105,0.7431605107926502,0.8674432944490513,0.8998816605364661,0.899167270467092,0.9913800921883388,0.7607895528366481
3474,0.25280845,0.25675073,0.28284234,0.19577,0.21914641775857602,0.16138111542301972,0.22934024582430404,0.18891080922412304,0.22675912736887893,0.2249207290392988,0.16227235742617308,0.24105227760071252
3475,0.29756612,0.282798,0.30649862,0.20294733,0.23146868538271664,0.23623446955173094,0.25455403934315085,0.23065359759446197,0.2460132840510369,0.26900902513538194,0.1288558915178764,0.2713186680672751
3476,0.6549634,0.6612782,0.5986057,0.8725154,0.7720338874838715,0.7708525346087367,0.7542218811086322,0.8792994750288379,0.889640295350325,0.8835440594481507,0.9896597940268987,0.7604372718431869
3477,0.37531537,0.3718349,0.38243642,0.39362898,0.375818036209612,0.31677027792252355,0.3706344527848894,0.36032155392282006,0.40107796235289095,0.3758449886283686,0.3909910097439975,0.3812912236631608
3478,0.57603234,0.5876308,0.57202905,0.8400067,0.6985420713066908,0.684391556633103,0.6884326649286636,0.7922688720973102,0.9028803225703497,0.8929792214394177,0.8737843263271877,0.7279277578220003
3479,0.35405067,0.35036716,0.35323602,0.28598112,0.33094998037117096,0.3702611283762565,0.3310847518896549,0.30596337570335225,0.27460346917164735,0.2990447621530931,0.3250636569475972,0.31982613357771783
3480,0.62318695,0.6225668,0.5818587,0.85763204,0.7173515820701037,0.747280290013563,0.6930507777424124,0.8109141323115383,0.8955454093889079,0.887939525153403,0.9752690935783885,0.7387798455991093
3481,0.46014237,0.50368273,0.41731745,0.5720823,0.6836950851300038,0.6970528891846041,0.5761042241393616,0.7145508911381176,0.6677850402050345,0.6249181745692002,0.8977186459201569,0.5719401492359035
3482,0.39043447,0.398749,0.38834602,0.416933,0.4373811965083651,0.4368279970292989,0.42072174960793174,0.44710745934273977,0.36494353576114485,0.33717259266735633,0.4824276014055764,0.38486335668633737
3483,0.3572741,0.35055518,0.35046932,0.32559115,0.3370881443072692,0.31829437881576894,0.32181534469625295,0.29428599232099645,0.2906230122033847,0.3019658563035902,0.3330544205580188,0.3257229952976358
3484,0.629717,0.63015175,0.59629905,0.88990843,0.7649943143238628,0.7773075349572126,0.7470216050261501,0.8678970476114589,0.8991255472822296,0.895657101398202,0.9834419771854064,0.7588352063445412
3485,0.22101311,0.22256462,0.25825322,0.11845436,0.15760501739792082,0.16538608354092316,0.15101960001283196,0.1021084214319096,0.13053856443429085,0.1242983106415756,0.0449711557134008,0.17610409283516443
3486,0.57313883,0.60027516,0.57705003,0.8745831,0.7522537158396311,0.7139423459059053,0.7151053728284881,0.8507622034096844,0.8942963624155441,0.9011738684451416,0.9703970945373813,0.7381952145135336
3487,0.32554823,0.3112871,0.31326118,0.21312785,0.2430483210219799,0.26823338749780345,0.27419930029171374,0.21775458769238995,0.27340302474965134,0.28388768812069987,0.11084325475238518,0.28945269063026885
3488,0.32227612,0.31135064,0.3243912,0.2474769,0.28648775991214326,0.3210180246699866,0.2853552354327393,0.25608250109127967,0.24582565522234753,0.28243519556880614,0.3379063828415593,0.2875445501315744
3489,0.32796586,0.33125788,0.33751312,0.3102519,0.35959813417040803,0.3755571529463406,0.31436513925846055,0.32203510435797644,0.2981874525773939,0.3025996519347755,0.5146633284743997,0.3261810949781058
3490,0.58688104,0.6071741,0.5739388,0.8364685,0.6971735193552746,0.6966376698253111,0.6933371748266277,0.7854259523748037,0.8918037519565425,0.8791343464371668,0.9220421812818026,0.7266429274121247
3491,0.5785864,0.60262895,0.5764066,0.84992564,0.721393558426396,0.7278441345865859,0.6812061888550012,0.8076876287871613,0.8478818188936079,0.8400271452531249,0.9253351257535701,0.7120328175070664
3492,0.30032533,0.28588897,0.3016842,0.19203345,0.2054685307688709,0.23293613529919535,0.24047844766807783,0.17172523509945425,0.25515519604186515,0.2682350905165081,0.09734762566939323,0.26641372940782754
3493,0.33992425,0.36399364,0.35074463,0.299102,0.3518324426837821,0.3607240435168869,0.342137109378981,0.32076833753162265,0.26838328845032994,0.2789929695790844,0.3724143401326812,0.31592858063223633
3494,0.30794704,0.30641538,0.31247297,0.2160079,0.2574095170333571,0.25945245597829486,0.2742386759300351,0.23062822305719735,0.24470667834570978,0.26355100130711284,0.24247382676553872,0.2756380013436174
3495,0.5487395,0.56427103,0.5466137,0.7312087,0.6460848615375825,0.6228211279734708,0.6176162147240779,0.7050404703649222,0.711612061181101,0.6126298799240745,0.6772880701657218,0.6159566962452695
3496,0.24492097,0.24761648,0.27664623,0.17128786,0.20061444342061802,0.18947517758229163,0.21604457249237496,0.16759763800818417,0.20431352669487418,0.2023670946112015,0.10173080031283672,0.22835667853654157
3497,0.58841974,0.596678,0.55778795,0.777182,0.7098874675654425,0.7119183219887982,0.6869713645636015,0.7686425974148712,0.7787990959202303,0.6945275579251077,0.8972070415988117,0.6699276913750362
3498,0.33846438,0.31151405,0.32776445,0.28128147,0.2811962209373104,0.32300376120395086,0.2807505914275687,0.250586802504277,0.2741215509843534,0.29622651419906776,0.17270359616771508,0.30231398184337016
3499,0.5761146,0.5862392,0.5452999,0.73708117,0.6697614634703544,0.639086761274487,0.6493585792390555,0.7350350469944054,0.6983652870422391,0.6104791299522728,0.8239462229180713,0.6237825012879783
3500,0.3626632,0.33569533,0.3409969,0.2628377,0.26459202336796384,0.34004643822463654,0.3289868955779004,0.27810346398860525,0.29907649149743437,0.3327666751736061,0.21925578150649225,0.3242011184617376
3501,0.3187303,0.3375297,0.30879354,0.2299138,0.2948634400644183,0.3295060899821819,0.26805730846618997,0.2761588387302695,0.21260175110005414,0.24627006703364596,0.20472579882931785,0.2774748353217355
3502,0.33244318,0.31405035,0.32506377,0.20333438,0.25139327684290363,0.3078222870361569,0.2880130028567603,0.25655627158723965,0.2518642839537316,0.2699496659649586,0.20703092476449275,0.28440579476779
3503,0.2626117,0.25947967,0.2861604,0.1509693,0.18831014880985597,0.2527321225920036,0.20316923310922705,0.14213670732448397,0.16659919014212676,0.20466420290218196,0.018855012402618665,0.22349923084960038
3504,0.6080283,0.6276948,0.5888424,0.86488473,0.7525806810150091,0.7442183023035543,0.7287981075976919,0.8515065891603133,0.8882586709161719,0.8939546458370108,0.9712992861178854,0.7483771374379928
3505,0.2969306,0.2995713,0.31427336,0.20499878,0.24651615740173433,0.31087742975732463,0.25240636965343277,0.21226212401031935,0.20815581419098503,0.23606317020191026,0.08081911240055478,0.25918031338794056
3506,0.3888672,0.37340024,0.36400232,0.3017093,0.33748049765269317,0.37030987263321385,0.3180249847812618,0.2837497896473039,0.23205753103795823,0.25710134312646366,0.35396610355092445,0.3104513253399706
3507,0.3730959,0.38731885,0.3774307,0.41215307,0.4579850769199183,0.4502912413190881,0.4373836395767354,0.4668739191964315,0.39560577310985456,0.34520685158006464,0.4589815355047704,0.39147085357923517
3508,0.39100486,0.3863341,0.38872784,0.46109,0.4506862332879017,0.4475627748034533,0.4100598418904397,0.44277532104957135,0.3783282047157359,0.39847305041135417,0.703048456139345,0.40087544237365014
3509,0.55401075,0.584608,0.5385457,0.7631761,0.7116060123021472,0.6429603503546355,0.6527088326238942,0.7899661822844637,0.7687689538067732,0.6933831934044306,0.8798947965062724,0.6535997634695495
3510,0.5537981,0.56011003,0.5467267,0.7712839,0.6799139407576735,0.6334658361208296,0.621190928874165,0.7283952930721955,0.737312878410744,0.6460282111004971,0.9189602293827537,0.6324158418696326
3511,0.30112645,0.31559214,0.30396533,0.20404553,0.2660678613554277,0.33323063798074815,0.2784499880296166,0.24766109549064713,0.22327812121702695,0.24940106319840494,0.24312583404837218,0.2708242741135142
3512,0.29514703,0.29156512,0.29429525,0.2037158,0.28430243368313446,0.32460991123548577,0.27545860340754447,0.2559400864954938,0.22690795558027874,0.2559908502411516,0.1544071218518305,0.2731068299512067
3513,0.31563315,0.30913416,0.33192748,0.26379853,0.28110815528470556,0.28620533476661164,0.30133528001932375,0.24101026915845142,0.27435228383342336,0.29168573629260974,0.29418086979160146,0.2957835729454591
3514,0.3363732,0.3214881,0.32937038,0.25101534,0.27629470566721287,0.2990285043093689,0.30139732681583786,0.2509165255504517,0.2502752882032402,0.26170780906314534,0.25577329272241534,0.2922506924619758
3515,0.25641564,0.27227595,0.28604507,0.15904756,0.21070526308713652,0.2083587419241549,0.20203964818323472,0.15875996714604118,0.1731584647952004,0.18368649840807164,0.07706617000136354,0.21999804819474172
3516,0.309311,0.3129577,0.31311867,0.2685139,0.3172653011860119,0.2863853082932527,0.3199420197158253,0.2749117279654796,0.2451120374986981,0.243750410109618,0.3272517357395874,0.28657380089167306
3517,0.59718126,0.6179397,0.5846782,0.8833559,0.7550277779634815,0.7664461586497777,0.7319224723138251,0.8560981193231075,0.898775993111585,0.9066083555728854,0.982183955454081,0.7504651955986177
3518,0.2641707,0.27307242,0.28492156,0.18162128,0.25444140639249224,0.2503369942339754,0.24055713014906893,0.20702328132371486,0.19225755463172237,0.1874463912891707,0.12126541410721008,0.23808814085457913
3519,0.3470025,0.34860474,0.34848017,0.32214183,0.3288282399782701,0.3184839559924859,0.33508055696865846,0.32653277013058807,0.3061096545154142,0.29858653926621104,0.33463735393215865,0.32605857893764606
3520,0.3306801,0.30150294,0.3277859,0.25699818,0.26035697691158555,0.24010264268670714,0.27010116594178235,0.2421500873920274,0.28586059687593834,0.2938592032168309,0.13532706982018974,0.2948668130911858
3521,0.29885164,0.27276415,0.30560812,0.21118848,0.23586798608922419,0.2557985106671722,0.2580234670909144,0.20780329931046984,0.2180399048601746,0.26135629314800823,0.0893812919889498,0.2630838899195543
3522,0.34129637,0.3471273,0.35707194,0.3022341,0.280577252137103,0.31780133928810844,0.30990635399099986,0.2783892972447157,0.29548014445869536,0.289739869878778,0.1590498801126478,0.31486690953384894
3523,0.5769091,0.58806545,0.56936216,0.8634633,0.7433297820432545,0.7084853386457385,0.7141477889084813,0.831104569490875,0.8733682765704069,0.8761169446981165,0.9661659931978637,0.726654748343943
3524,0.3192448,0.3165365,0.32679978,0.27276868,0.2803100449750808,0.3103909497198879,0.28098929791293903,0.22345784940996344,0.2541150053268271,0.2840847200103782,0.13862820364764145,0.2905338246930665
3525,0.3009019,0.3001538,0.32468972,0.2965787,0.28187173234107715,0.3690412843995184,0.29846778107011346,0.26453450903639614,0.26072785180280666,0.264577736576723,0.2452459122587794,0.2944503176383241
3526,0.30519572,0.3016159,0.3183033,0.23362835,0.28040057673416563,0.2748366014658318,0.2898174010466027,0.26129735614657534,0.2711608343261003,0.28664538601420914,0.16528010199177418,0.2900572449927339
3527,0.6256929,0.63736445,0.5946024,0.8746627,0.7591362891193205,0.7477774155822543,0.7429211317037785,0.8536410628218934,0.8967168782353531,0.8748102017399505,0.9611354719467494,0.7517087502298754
3528,0.27160484,0.26480478,0.28082538,0.16817483,0.21563015553738155,0.21578455467647273,0.23051579720202486,0.18739794784198477,0.1887688330814088,0.22191053514578546,0.052251507179326875,0.23482001853252488
3529,0.24735633,0.24562638,0.28226185,0.15439776,0.17634630603688178,0.16595027441025634,0.2042568849519033,0.15724142711022374,0.20344291427084818,0.20422401950957073,0.04397733263158733,0.22319858677624901
3530,0.4102482,0.38378653,0.35883984,0.24489057,0.29664557928536733,0.314964782941516,0.32015395767039034,0.2810058794351693,0.24316246334650993,0.2640127915880407,0.299012351524962,0.31152796285622353
3531,0.32163292,0.32448703,0.33189732,0.2769522,0.3051066186207078,0.3074545592337313,0.31058182191534794,0.2792060007879039,0.27852290404948765,0.2848940128598768,0.2865151869336806,0.3074193258355357
3532,0.31008077,0.3033471,0.3116809,0.22964692,0.2382183107187205,0.29928882740128665,0.28072667417199904,0.22098258798605067,0.21057925092138757,0.23743732774989348,0.08297661893806582,0.2695732601086504
3533,0.27011925,0.26938066,0.30363703,0.19192615,0.21808303282428904,0.2596324966779374,0.23194876081820598,0.18968054579736343,0.18015168330263437,0.2100493015279566,0.0712113257238351,0.2354667139668462
3534,0.3021171,0.30517077,0.31114343,0.27994764,0.3004742019551315,0.2745589016331544,0.32636293909807307,0.29748953485526286,0.32847411139581856,0.31289369006527584,0.41581769077694053,0.3142180666555923
3535,0.35022482,0.352629,0.36127406,0.28156063,0.26927547440785216,0.29293584743229295,0.29253621532997376,0.24344949805138194,0.26922830844500706,0.3275278276209138,0.15386397506133745,0.3132865941052825
3536,0.3253582,0.31976432,0.33031958,0.28171858,0.2697998654811309,0.3271944485785324,0.2902504681778186,0.27162245618751407,0.29134021465242677,0.3088818146185387,0.14196226344483032,0.30608714604690157
3537,0.42348915,0.48244113,0.41420594,0.49271122,0.5947346464994142,0.5985104790253397,0.49851663695273496,0.559667266831403,0.5546134205525827,0.4812457764709232,0.8842422823991096,0.4930409115996378
3538,0.37901825,0.35753027,0.35424876,0.34447363,0.3449858500031186,0.3517654704728535,0.35449014239507537,0.34110808239518253,0.31447291870001004,0.3390865056828188,0.3618336477504135,0.3481495448740554
3539,0.30857503,0.2730391,0.29589275,0.20701225,0.254873306589791,0.3209580379860818,0.28616325881347426,0.23873643542070155,0.2460313463380222,0.2791256529965912,0.12429184873447637,0.28168698862388075
3540,0.56631464,0.57948625,0.56195897,0.8397047,0.7044002018030333,0.669367704480097,0.6694388159875635,0.7819079159316009,0.8528263093288775,0.8400836230635983,0.960679265188436,0.7023758087040242
3541,0.35080093,0.33127347,0.3410774,0.31964582,0.29408348366390924,0.30803229454258707,0.31104872642198844,0.2800663090144141,0.2862242647906673,0.2656093869944388,0.356411770303412,0.30890712510413704
3542,0.2851841,0.28527012,0.30409756,0.17066196,0.2038920420467898,0.20734258131895414,0.24302047390269205,0.17395940039595975,0.2633591156861616,0.261078538643385,0.04978842484424213,0.26333581860354477
3543,0.28484347,0.27784148,0.2962795,0.1757077,0.193041213000676,0.23918093020464223,0.20932248044121318,0.16509921938516509,0.1978449270657829,0.22392407912724827,0.03950572013606355,0.2386000785458835
3544,0.3985212,0.3801214,0.4015978,0.42821082,0.36075570613477276,0.40792898285194734,0.38774277188829853,0.41799941209924246,0.3359465705436755,0.3219334436852773,0.5789486940439262,0.3676618302282941
3545,0.3101176,0.33187652,0.32698172,0.29739133,0.250713603642034,0.33489286602130874,0.25556960498444237,0.22697581134629474,0.22575580817251772,0.24956513382679538,0.057144438658752184,0.27828629588521986
3546,0.3529974,0.35617337,0.35223454,0.354259,0.3452972237760509,0.38934719107007504,0.32787949587881304,0.3415984454782864,0.3208590609425278,0.3380297541177563,0.33645406919853854,0.3408504304721472
3547,0.5483929,0.5610294,0.5326141,0.72440845,0.6645218326575275,0.6211549229386272,0.6348471285616858,0.7399922479507365,0.687294249132717,0.5650274456423847,0.6868389647798467,0.6027412940845562
3548,0.2803985,0.26442736,0.28913137,0.15570246,0.2083521009021474,0.24212927870044282,0.24585490065259946,0.18048400000035722,0.2309418795104267,0.26679118943756813,0.04347580331896668,0.2566385515408659
3549,0.6381713,0.6439778,0.5929184,0.86145276,0.7506304978277086,0.7651395325013743,0.7477081174156824,0.8542885480139153,0.8983328904773085,0.8900454023654504,0.9656191913056584,0.7576758593432098
3550,0.28219208,0.28083012,0.2819844,0.20328513,0.21956606739334,0.24808085650796102,0.24494246998813246,0.1854090656599357,0.2199781206229947,0.214326227422515,0.3699245952982771,0.2482655660154817
3551,0.6372301,0.6051424,0.5380161,0.69502264,0.7257663077485847,0.7035327404377103,0.6896513345038293,0.7893733069366488,0.7033560487925163,0.6279677624505089,0.892492627318305,0.6467589658864199
3552,0.3002046,0.31092483,0.31183106,0.21016677,0.2738841213504295,0.2925310537194149,0.2618874252769072,0.24104023641238256,0.20583662198298286,0.24583318513745023,0.31667341873651206,0.26725323154776753
3553,0.62788165,0.64105874,0.5905701,0.8602061,0.7519045289824116,0.7603816299666634,0.742569490491713,0.8575679853930449,0.8935422056337424,0.8765876795076345,0.9620644480629098,0.7512606337170509
3554,0.3368193,0.32138214,0.35550427,0.28308877,0.2525319888646871,0.29848083658044217,0.28171020243210637,0.24617734798463053,0.1930254075421366,0.24991019782042087,0.1442646364415973,0.27987054911390524
3555,0.62145483,0.61936057,0.6055659,0.86681974,0.7590284276089089,0.7106991972969382,0.7342848026169188,0.842158852968191,0.8543820721971395,0.8497180954081553,0.9181576646946308,0.7345896296369154
3556,0.4193036,0.39286342,0.39869785,0.39629802,0.3469057027032434,0.39424763968599696,0.3558512132230155,0.3424477657804838,0.3455697346503029,0.36869903549715083,0.33593735455313023,0.3743436905622536
3557,0.36123613,0.3600932,0.3520319,0.31557083,0.3413571217122059,0.4114140544137945,0.3437195400516928,0.3388109862906272,0.26835128430915683,0.2827440867926153,0.32640286321733525,0.32542706058024695
3558,0.36576957,0.35386354,0.3557697,0.28181636,0.33124104979524277,0.37408497696004395,0.3340005256033748,0.3240208547424101,0.2983580354703114,0.30242880688811846,0.3634105607098653,0.33408038724205635
3559,0.5869868,0.6115307,0.5831058,0.8670417,0.7491220826649814,0.7018528381940156,0.7172311076755515,0.8428794366456698,0.8859084105988743,0.8904232721474626,0.9690648175975978,0.7362269102156462
3560,0.6047091,0.61375505,0.58524764,0.84517163,0.6962416062969938,0.7538053797104803,0.6880471873051975,0.7670766688796524,0.8766130535542155,0.8718610992516874,0.7690770792679406,0.7302186073020829
3561,0.34183475,0.3218382,0.32880306,0.2663313,0.2782971434686385,0.290185627592331,0.306002312767801,0.26398920360370814,0.2677176809198397,0.28508635432715557,0.24443241538268712,0.30156951016233047
3562,0.3012159,0.27448133,0.298066,0.23006341,0.23080768533050816,0.26807698401102653,0.2793559764204907,0.22143147581420916,0.2974212975577679,0.28464350465290644,0.18114934306551791,0.28878706000224513
3563,0.3202251,0.3010928,0.33235165,0.26261654,0.2071465163204412,0.2526902402241501,0.2719638419752694,0.18869311550236056,0.2780839644372266,0.2879157421057634,0.08179678990136902,0.2891360804992773
3564,0.2923302,0.29848385,0.3083352,0.19553249,0.26753024916082513,0.19450530913568,0.2714785614170691,0.23210770674000666,0.18456167239736887,0.19183754488787635,0.24341211750910446,0.2458357215895052
3565,0.5299031,0.5596931,0.55163866,0.8442213,0.7287263632714145,0.6489778894362518,0.6782852607476235,0.8074308350545474,0.7998125663434403,0.8168537728035179,0.9335085419657213,0.6831634775608643
3566,0.31064686,0.3009675,0.3210861,0.22381993,0.25668851975977225,0.28591721295274186,0.2743199189316482,0.23508233828939135,0.25851244457357236,0.2631658720470949,0.1755213245901571,0.2854477249413312
3567,0.2942749,0.28336942,0.29566652,0.20702025,0.2522643878779426,0.30276995755539887,0.25796705706780604,0.20906416491859553,0.22881319998688707,0.24390728011349241,0.2251106877357051,0.2650998447398503
3568,0.37368524,0.40803784,0.37841418,0.40491176,0.5046748768031849,0.4701699768402521,0.3988244586167383,0.43892162327916473,0.518680451569643,0.38877951266942956,0.5845302137067717,0.4200801641061451
3569,0.312937,0.30728647,0.31211787,0.22825451,0.24379003123923493,0.3100009448721202,0.26261096786041693,0.21919986493215737,0.23216916083708977,0.2692095114647773,0.12862830723729987,0.279514836438121
3570,0.6208076,0.61987346,0.5769499,0.8648702,0.7423152880730985,0.7411561920593243,0.717630961012601,0.8433774280224217,0.8976494563660691,0.9024208067856929,0.9923231235856849,0.748467577592179
3571,0.27904317,0.2767672,0.29999816,0.23311806,0.25666815893062245,0.18487182293204146,0.2592210721999341,0.2501345595896756,0.21166490912184396,0.21755325633484385,0.25927793157103096,0.25135960289503945
3572,0.3129025,0.30616418,0.324532,0.25461507,0.2945805595068961,0.3656824096148832,0.3039666912674889,0.27353823532779165,0.22714451738611663,0.27122759018050824,0.2963127491911529,0.2906116352560725
3573,0.4455441,0.48443538,0.43770686,0.5940301,0.6256570872525481,0.6511264800460352,0.5349632581791754,0.6384842497237622,0.6218661811399212,0.5327631967121171,0.9042476684220766,0.5342298452348327
3574,0.26870787,0.2623145,0.28741798,0.19990394,0.18266610346560178,0.27561266214667424,0.2088582786646961,0.12619091960099366,0.2099443646283444,0.2058012980583907,0.053166005967364635,0.23519429210946288
3575,0.33283246,0.3071628,0.3200724,0.2789073,0.2813124146112333,0.31991419005636373,0.3041001639590253,0.2824419758582531,0.25769426146651975,0.2530528582870694,0.34863229792776196,0.2944754822710469
3576,0.31427974,0.30536228,0.3259741,0.2052166,0.21736391245151254,0.27259146947233753,0.2609027043495876,0.18670236461640372,0.2695861877447067,0.23715078117491065,0.08306769463359973,0.2748091532372957
3577,0.35178882,0.33579612,0.35008973,0.30984026,0.40000795268768696,0.3675934518898427,0.3570359214960377,0.40266040521664037,0.3416091904769034,0.3176528559237684,0.561454415263202,0.3475952213204472
3578,0.34778422,0.3368057,0.34395328,0.26407284,0.2408248270296404,0.3025596588570735,0.2565539065726189,0.20639679921141826,0.2632155867285254,0.27625085740357525,0.08065737094116332,0.29137526338459835
3579,0.57283324,0.5917819,0.5690353,0.8524333,0.6309322318003454,0.7263603188860619,0.6885878489314171,0.7495432228287172,0.8862303384467713,0.866748501044946,0.7570850085731007,0.7189833320478651
3580,0.56470275,0.5712358,0.56194043,0.7795099,0.6696221590904692,0.6606696492107027,0.6627821077771647,0.7502032515034276,0.8530279821665374,0.8364290912879845,0.7577903272618538,0.6953782902127872
3581,0.30909052,0.28957123,0.3106266,0.2023187,0.25265335010423845,0.3105812351059201,0.2826830643533618,0.2322864520584213,0.20684401637417768,0.2605712269300542,0.08117805950667792,0.26989082509323703
3582,0.5492274,0.56286114,0.5282167,0.7534462,0.6362180365565615,0.6231631467352646,0.6256750988074271,0.6913347550612196,0.7535201093741878,0.6974974428440164,0.7933584686149374,0.6362726462357501
3583,0.5514675,0.5634223,0.5215522,0.75201195,0.6929245812783504,0.6669258613672296,0.663791617179238,0.7498978921778582,0.7475394343265617,0.7139375551213017,0.8105378016929914,0.6472107745477176
3584,0.27959523,0.26516995,0.2880151,0.18147354,0.22770189108890998,0.20318225619714378,0.23825704066984033,0.188618751192951,0.20772848493564372,0.22705362175103128,0.12532886386241499,0.24215759380271562
3585,0.26157317,0.27904075,0.28473425,0.17949109,0.20544977882241197,0.2485205722559103,0.23932024084897963,0.17609191233085744,0.21008715666249578,0.2281132508414184,0.10199628917419186,0.2423709670488973
3586,0.5922856,0.60404146,0.5470394,0.79824144,0.7071056423753637,0.697322865540825,0.6853287586847762,0.7953451650571164,0.8944499899397151,0.886729044688377,0.9774110145905672,0.7238802437410499
3587,0.58256114,0.5920851,0.5523653,0.7343532,0.656498628741191,0.6939573147025907,0.6285830820123856,0.7019233966760665,0.7344404717765002,0.6654330997909855,0.8874517166863004,0.6410549735858795
3588,0.5993998,0.6051309,0.5710197,0.8322517,0.7204939340052264,0.7415183166317456,0.701028646767445,0.8111601472547925,0.8923222940617389,0.8756893739487444,0.9027681014414004,0.7327035837670747
3589,0.33418038,0.31058335,0.32516235,0.3140027,0.28351632189411313,0.3233222609277816,0.35086783784682024,0.2810797113427165,0.28047609448579847,0.2888904619605561,0.25637117677596055,0.3116224838643924
3590,0.31336272,0.30035186,0.31401962,0.2293199,0.2515843522639182,0.26779996762363284,0.2748056036617663,0.2250236840108058,0.2519661562382213,0.26687458697005906,0.22369763571812107,0.2822847387361173
3591,0.22501484,0.24074149,0.26507264,0.12618344,0.17037063673959235,0.1623249941840569,0.16971346399185716,0.12065428807306997,0.14072266881410936,0.1415669316214171,0.03462136733469255,0.18760453134673855
3592,0.3459872,0.3205704,0.3303772,0.2589057,0.2771072820762855,0.3271904014209006,0.32096332912557407,0.2696037344329661,0.2796573439653439,0.30441393236211434,0.22049967976202503,0.3115901130934363
3593,0.33053118,0.3413601,0.35961157,0.32604265,0.3537806563124327,0.39507382513525524,0.3329730837149668,0.3026008015951416,0.32595657917849724,0.35272681458796956,0.521965339672949,0.343406862447044
3594,0.3332452,0.3312238,0.34327227,0.3154269,0.30441265139182067,0.34700998155203067,0.3323127694331015,0.29294412521732116,0.3157738306872165,0.32033999922418915,0.26894090670453813,0.32765303113506694
3595,0.3491333,0.31280726,0.33866602,0.2660012,0.26056220770826755,0.3001188140379351,0.27813659081837083,0.23214052298870005,0.3074459287079348,0.3053053559686728,0.1757962850326154,0.3109138995621499
3596,0.60670286,0.60191226,0.56139696,0.75584674,0.679992980199837,0.7207398158385546,0.6838872791736292,0.7414209826565518,0.7501987780782222,0.646296335515134,0.8576390805097855,0.6579535570354635
3597,0.5264255,0.5611273,0.53722537,0.75498664,0.6811723368586218,0.6114286394423424,0.6234835123641268,0.7383636526303572,0.7288146015735056,0.6599264189803813,0.8459505166875575,0.6254099026235304
3598,0.33064312,0.31560135,0.3277486,0.2750104,0.3202697033532269,0.34894791613796095,0.3231795666767022,0.28564035638310126,0.3060026563578962,0.31526997168502235,0.3031066741363336,0.32119337405373166
3599,0.27559367,0.27179292,0.2922697,0.17577009,0.22206109136792013,0.22354895803038138,0.23882559803875275,0.20017232814134825,0.22200827214913285,0.24002379678709987,0.1262031142096253,0.248182852661002
3600,0.38224518,0.37604207,0.37339163,0.34863546,0.36684602709843817,0.401834678707952,0.3484591383243906,0.3314265559013723,0.30366454226293627,0.31242908910703165,0.30451119519846015,0.3397657970923152
3601,0.349642,0.32767248,0.3317819,0.23991188,0.29731149729324047,0.3839577244087528,0.317685903110515,0.2727286674097809,0.2548371020174394,0.2768751759798479,0.2724560621941484,0.3030616845268167
3602,0.35819346,0.36144447,0.35580173,0.2731731,0.2889398108284992,0.34973463341061073,0.2890378400037951,0.2538052620174673,0.25082644119732017,0.27222396000131743,0.18493474577077862,0.3028046145238995
3603,0.4063378,0.4067258,0.3932015,0.4330408,0.42888616272717056,0.4911436914977102,0.4204176867484584,0.4478101344413923,0.3370804001899408,0.34550555091379165,0.4435408926660355,0.38473788248813257
3604,0.35411534,0.44620737,0.37627,0.29197526,0.266994823217103,0.35116042437537476,0.28660649698198637,0.2598249346958299,0.2715936356692163,0.32965442823997054,0.1356922557706784,0.32647364490987724
3605,0.29042357,0.29896814,0.32352453,0.24327752,0.28769709051535663,0.2842741735635511,0.2776471662411636,0.25709763168523525,0.25459138444917867,0.2846514668647916,0.25083988776935023,0.2866525792373915
3606,0.5991876,0.59322363,0.5636051,0.7930071,0.6834743653089103,0.6991297154567773,0.6739153245420264,0.7672350374217316,0.7702448267378179,0.6932529171034088,0.9200176915248994,0.6657707632007854
3607,0.60991555,0.63025796,0.5962205,0.894554,0.76276623410786,0.7386306793167424,0.7295510102790851,0.8611680289298876,0.8868558262403182,0.8873804171738687,0.9794699936249488,0.7478399267217406
3608,0.28145042,0.27895135,0.30976465,0.24678198,0.21861749579954742,0.30417914589938955,0.2385933349605307,0.201445796208862,0.19640014312927218,0.2229210036541151,0.05698037751822044,0.24903173760489666
3609,0.58831733,0.5892248,0.55578625,0.75648236,0.6521521052128928,0.6841141855861498,0.6388423348332576,0.7229164380054744,0.7176662402404255,0.6469674862213832,0.7950339154821681,0.6349148766467934
3610,0.2549463,0.26401207,0.2815125,0.14395978,0.17861060082903352,0.18921090397180804,0.19817786651713337,0.13932196707488043,0.16447009724173753,0.21072504802149666,0.028011791804790787,0.21632157646531014
3611,0.27538496,0.26901522,0.29385382,0.17637548,0.21251234476935563,0.25488465363532675,0.21304341509772345,0.16746527796629612,0.21854334623859142,0.22124118632393985,0.09090950928005684,0.24428933115960563
3612,0.2596305,0.2714711,0.2968578,0.17202374,0.2515608917271824,0.24364388787908267,0.24826948873546648,0.17476088070233636,0.2012254017312852,0.2265797427186267,0.09382854477430472,0.2424341103738922
3613,0.6288981,0.6306864,0.58748513,0.8711117,0.7595758408622564,0.7660682942645038,0.7525076850492088,0.8617170046930573,0.8991223496857224,0.8870617541997149,0.9853336873651124,0.7562884986521644
3614,0.35867223,0.35550362,0.3565032,0.2880387,0.3184426454567587,0.3753113383928807,0.3298323841498682,0.3037536495607597,0.2683674905144987,0.2888789293815912,0.33252878151488396,0.31803837451884803
3615,0.3175085,0.30105716,0.31993634,0.24339643,0.23724253322007322,0.28509986044800395,0.26151799575524737,0.2231424657164703,0.24764937086303496,0.26193639387824275,0.08686141671008565,0.2778303695021879
3616,0.3275541,0.35303983,0.3381043,0.3037563,0.4144960537611272,0.4056201069775767,0.3559560382090183,0.3749478279106514,0.26314693892807595,0.28740495775974184,0.3707053027677863,0.32841269437858966
3617,0.54838824,0.57245696,0.566949,0.849672,0.6923815507289469,0.6642331203865864,0.6791563085551592,0.7880939290827903,0.8582845931173427,0.8538592568476437,0.8135672363803943,0.7040875798693377
3618,0.34848097,0.34980613,0.35343286,0.3250745,0.3634846311203563,0.4060072772129165,0.32861751502585423,0.32389949819524116,0.2914311999422194,0.3463448522766891,0.29647137054555306,0.33462602114466666
3619,0.28914398,0.29391727,0.3052034,0.22269467,0.24641265302754795,0.2551078027538454,0.26448520142325066,0.24139541904254164,0.23822805828294275,0.26628525120299273,0.15564992081663348,0.27225396916684885
3620,0.2952838,0.2972233,0.31067535,0.20486219,0.24187175518773052,0.30643804744183856,0.2495833001092073,0.20822392378507182,0.20237949736238878,0.22258932752396268,0.21188144344095344,0.2583046391030982
3621,0.27947417,0.27937,0.2909561,0.1928292,0.2221237140862029,0.24359915320536044,0.23699273047639124,0.19609574496192134,0.2056878358073086,0.22171477833462605,0.1534559722864332,0.2428895385883329
3622,0.55639964,0.5667204,0.538843,0.7505367,0.6430454602872514,0.6324128801841227,0.6370112256369539,0.6869703493273297,0.7447765096715094,0.7004728356266932,0.606222605059307,0.6394570467198799
3623,0.25592542,0.2425243,0.2747591,0.1423039,0.19833277097462085,0.20464805120691842,0.20347951250778068,0.14658154253143593,0.20152700466057852,0.21653387928904072,0.06424648152315064,0.22824342018092886
3624,0.37056398,0.38167164,0.35391378,0.33647642,0.37734159452784544,0.43732420427285873,0.37273119607873906,0.37789142100203177,0.3263876937112918,0.3075108483088248,0.48058917027104775,0.3543417174224989
3625,0.33116502,0.31797022,0.33580345,0.29557487,0.2855272258551933,0.28816330665403755,0.30421570491355904,0.27350109347129975,0.27012671165839314,0.28781535474098074,0.21485184167731544,0.30297777183482427
3626,0.5815276,0.61133564,0.5833903,0.8499611,0.711358080428137,0.6949191685854977,0.6781013373718613,0.7916023035150731,0.8861131854389322,0.8475350364903065,0.951695897021757,0.7218843757960782
3627,0.36529166,0.37597975,0.3620172,0.35982925,0.3794082142423897,0.4218143158531908,0.37228430500131016,0.39101260079126354,0.3230614627244504,0.3284223821261297,0.36166248918521154,0.3562107900798635
3628,0.54933244,0.5662429,0.5373116,0.74139565,0.6643030823263294,0.668247748989347,0.6559186832564158,0.746809890509032,0.7651228012001531,0.7029803678727555,0.7998065720972515,0.650715704173729
3629,0.32406616,0.33626562,0.34951526,0.30295125,0.3339606232678456,0.3212685718677496,0.3167376888908306,0.302427210508203,0.321902394452054,0.3201514475547106,0.19627375334703406,0.3241358582158584
3630,0.32829618,0.3252937,0.33101767,0.27080208,0.29414704907476735,0.2926181819182384,0.2870571204059097,0.27311390812248587,0.2479030684375907,0.25759056857394563,0.2195962263415847,0.2864963893272311
3631,0.45392543,0.49547935,0.4231236,0.52354825,0.5099281865276091,0.6128718699754643,0.42617655477714356,0.48554055228254234,0.5372292530611392,0.4961505647615316,0.5267526322644305,0.4873574126916561
3632,0.31364876,0.3136928,0.32529464,0.2715074,0.2624999258714685,0.2545024400895138,0.29802309582929,0.2874282434770434,0.2870602455502037,0.30456946174480937,0.17256359589685374,0.2990526279369636
3633,0.32298914,0.31176224,0.32013184,0.2432385,0.26540219203551996,0.3038171330358212,0.31528636321764664,0.26347058054108674,0.31770094848100905,0.3267066749170703,0.14166565055930325,0.31565411560430406
3634,0.5582005,0.58141273,0.55888504,0.8150857,0.720617285570923,0.6957433983989458,0.6926657314544151,0.8089751465274905,0.836071318464384,0.8244696261810474,0.9614828866441514,0.7017920353116428
3635,0.61397475,0.61513966,0.58581764,0.87844193,0.7393762940007154,0.7777031483823764,0.7063998138333253,0.8281230091654492,0.9181812387847887,0.9090697969786483,0.9872271918144074,0.7520990449024719
3636,0.55349606,0.54338104,0.5313997,0.7258371,0.5578461832392816,0.6567196877157669,0.5736320836519573,0.6134764202324867,0.788456652245418,0.7799912198555191,0.5665065284076519,0.6434123452542077
3637,0.3004125,0.2785419,0.30211028,0.20525277,0.25933924221442434,0.3079436421981072,0.2815701053217706,0.2356404727049553,0.24720789115586647,0.2792186327348849,0.17901365359825924,0.27741303756994906
3638,0.3846148,0.38393074,0.386882,0.38949436,0.36115766936000393,0.30345489816918264,0.34773563165551175,0.38138184964353844,0.31998874669530963,0.320606489816588,0.44308227148427226,0.3544626054772018
3639,0.30498448,0.3043061,0.31842333,0.2521456,0.2674771431738242,0.2676531461548265,0.2741903992452621,0.25318525943420556,0.24262524056321766,0.2585174253006947,0.22236975958710428,0.2780332968859498
3640,0.31199098,0.35100946,0.33368963,0.2706328,0.302950882774808,0.3261416631435513,0.33334726581552454,0.28889277974402816,0.3183208703505276,0.27956525667555066,0.25416163666008096,0.31535048345213496
3641,0.331359,0.3429517,0.32662138,0.2664436,0.2882354649533523,0.30425012486702646,0.2904337461253778,0.2621848383910599,0.277735473385276,0.28572136220504246,0.19635818682993061,0.30318766296032673
3642,0.30424774,0.29180855,0.30047125,0.1585743,0.21293556999138258,0.2933836997943388,0.22049493533042436,0.16092050370384658,0.18244272748385276,0.200526035577384,0.11628602323693213,0.24237842583488534
3643,0.2834778,0.27376932,0.30083975,0.21357091,0.2601454143866009,0.35333677200525887,0.2654750039853058,0.19940750458685225,0.21587671866766361,0.2619248791717485,0.06804140118608883,0.2665948727779503
3644,0.34765455,0.35541692,0.34830293,0.33258316,0.3789895905655178,0.3634575634064464,0.3371086667755126,0.32899005701070916,0.31607591438243365,0.3263584240614119,0.5463607463150346,0.34042655999842386
3645,0.27399877,0.288904,0.30270305,0.25251693,0.2487322964836421,0.2668346217932798,0.2555956546793209,0.2185890571804768,0.24922334947365266,0.2632817490923131,0.08814601982317724,0.2699233630431327
3646,0.30321962,0.30995908,0.31221285,0.20447436,0.24670657447546623,0.24453753925807525,0.26765724138547403,0.20467285251679304,0.2268575257598749,0.2777601867256455,0.05542068837123779,0.2733365335564599
3647,0.58846265,0.6056174,0.56963456,0.8467038,0.7413779647586335,0.6898881848574442,0.7234394583102557,0.8467802611807589,0.8557724083308645,0.8481848447877713,0.9093329607739615,0.7210294563225039
3648,0.42253575,0.3878978,0.39623475,0.38725904,0.37234904292132526,0.45591481374316495,0.4216891282033733,0.40203522699440725,0.32596122494899105,0.3148388029447834,0.5356016910730529,0.37672213138539706
3649,0.28269792,0.2783509,0.30564347,0.18351622,0.22598977979440557,0.27995631106889685,0.2163844524256769,0.17872970464841292,0.1778462541529636,0.1915213098648034,0.03196633016804138,0.23336569433316795
3650,0.4084731,0.39279214,0.37536097,0.28912845,0.33257905514813324,0.2954493124700189,0.37753258258767247,0.34461557095072803,0.3013536464129237,0.3178755410779176,0.2893700136049302,0.3440810236638392
3651,0.32607126,0.3133753,0.33396915,0.26267147,0.267463086547911,0.33430932149978265,0.261012594385706,0.22666768855168976,0.24771966367724163,0.27884078750144736,0.10705218161043058,0.2916397288149069
3652,0.567911,0.5503959,0.5354663,0.70483637,0.6951972633276319,0.6873701049512914,0.6643368604590479,0.7412445256510288,0.7477349593649045,0.6658243053410006,0.8357014513986598,0.6415980668255679
3653,0.38264304,0.4083256,0.37505165,0.3664705,0.45541878234064737,0.4279809759507195,0.42262645439664615,0.47151551766478683,0.36394652222068874,0.3500393994297389,0.6158524599590973,0.39267763795827265
3654,0.5708617,0.58041877,0.5670752,0.8158743,0.6802413302064119,0.6949426864459561,0.6900504984430048,0.7860949670944487,0.8637856867376839,0.8470874499640824,0.8615965478850669,0.7113771680254034
3655,0.28701591,0.27369612,0.29263237,0.18592736,0.21991843226834412,0.21793639089397138,0.25789858062944065,0.1898218427592931,0.21800860585440404,0.23882858091851342,0.17890882690427765,0.25158759381772716
3656,0.60237896,0.6204942,0.5875175,0.87734973,0.7542599921804782,0.7449040852992869,0.7295866445752364,0.8536580146875338,0.866369654982944,0.8563161422745982,0.9773236309576179,0.7348069705718346
3657,0.3401015,0.33095643,0.35289842,0.3526825,0.35166803943958697,0.3804604975737751,0.3666442099808103,0.337733963713275,0.35272684068331384,0.3256249237235897,0.315788985491836,0.3518157675406932
3658,0.33883315,0.35719287,0.35953242,0.3306861,0.2664732052835561,0.3271458462641272,0.30156109479761584,0.23665931320470115,0.28567996463439116,0.3007491192731017,0.14531822235970063,0.30862579154056274
3659,0.36552322,0.31033912,0.35014772,0.26931512,0.25320222808955234,0.2596107927506212,0.2983268851015106,0.2270068655135909,0.2252029771651541,0.2539252549668753,0.08860998100711318,0.2879702823269312
3660,0.23914957,0.23266217,0.2800532,0.16905585,0.1922649113551591,0.23948228448033793,0.20865719946033154,0.15468962724360114,0.16010107250904312,0.2029192782757292,0.05846668129666366,0.2143032551793133
3661,0.5747438,0.5697067,0.55021894,0.7245879,0.638629367963883,0.6153961763747298,0.6287035554654893,0.6847028710948467,0.6831424944891634,0.6100472359293799,0.7053218770450724,0.6114646147049244
3662,0.25261778,0.2576606,0.27532023,0.14553086,0.20246172166722456,0.19049784464052377,0.22542122758146405,0.1732528576273299,0.20408081233095637,0.22775218811850406,0.09326425935653912,0.23201124878614826
3663,0.33754367,0.32778913,0.34148824,0.31470323,0.32112275325086437,0.33061196532206616,0.3200697449305606,0.3092097433208677,0.29095460081670615,0.32579491217667184,0.25039281993652296,0.32430009871904203
3664,0.32623857,0.3188422,0.3255298,0.24654257,0.28846346060783923,0.3701557876854137,0.3097571185201408,0.2826749482432146,0.21289161278636004,0.23648348703263733,0.17155282099450436,0.2868233738319429
3665,0.6170425,0.6243989,0.5871413,0.8514226,0.7308148385466817,0.7487693167368723,0.7111496798615224,0.8321306244143797,0.8835492718899962,0.875590205453918,0.935817140615945,0.7403293382862682
3666,0.42771178,0.42453566,0.3867585,0.47507867,0.47839983740511494,0.5326453863824208,0.4725580235410284,0.48425130338793954,0.43625219651471364,0.42572019507278835,0.5593225974693677,0.43977031644066544
3667,0.3565255,0.34841472,0.32523602,0.23086157,0.32504081267633983,0.40364011108258274,0.32276491933728135,0.2833822690924344,0.2865394002333563,0.2940664767684288,0.5533419133766305,0.32265948146132256
3668,0.33438835,0.3051531,0.32701445,0.29150486,0.27920785390625563,0.32427571761672896,0.30367349718972847,0.2792642359985864,0.28180329445854124,0.2858079397088909,0.22512381222704086,0.306219684525825
3669,0.4718101,0.47824568,0.47532734,0.5502962,0.4153179023741099,0.43968199750013587,0.43715658959357,0.43015947679321326,0.5585796347564462,0.5415452371397483,0.32848861459272705,0.4910383078878362
3670,0.38589007,0.4148305,0.39137667,0.35877305,0.38774572382646494,0.4482487574592892,0.40633303629968287,0.38831284022693124,0.34369056626037614,0.30425303112213076,0.3411854202626216,0.3709437442001986
3671,0.290075,0.30320036,0.3186736,0.2450624,0.25242791811787874,0.24296075965071928,0.2559637454628606,0.21654870827885864,0.23728352866843797,0.24976924311767368,0.13856066760320734,0.26998402005019334
3672,0.37217465,0.35514823,0.35964808,0.33719438,0.36307817314227575,0.36037664351872456,0.3373624804173758,0.34442248294865674,0.2674585311189633,0.2686027686756055,0.31527870478989434,0.3220896989282053
3673,0.5952641,0.6203965,0.58092415,0.86921835,0.7575603909087447,0.7241179167109584,0.7247763132112263,0.8612237771489818,0.892390014900662,0.879282985809108,0.9604116144992485,0.7404743158656684
3674,0.29497868,0.28004098,0.30555066,0.2179734,0.23856101540847302,0.2626318973007308,0.28268111946548147,0.23446707167259176,0.2555148356852875,0.2989667779327038,0.13912608493713785,0.2815536862456529
3675,0.35873702,0.33952662,0.35757273,0.3390346,0.2874983645348121,0.28246672608948925,0.32407380306616235,0.2968872549920208,0.32250783794941595,0.34083456123650036,0.17053950089347278,0.33672520837892894
3676,0.3591692,0.36421663,0.35741988,0.3439862,0.3848601855372146,0.33205749198759016,0.3493297908206777,0.3530667195930687,0.32345154133709847,0.3328568812429874,0.47373634782665136,0.34386364809341385
3677,0.6035012,0.6135519,0.58810544,0.8762146,0.7562491922169756,0.7230198048513051,0.7215807092398715,0.8577503423910977,0.9127636614227365,0.9016291816582862,0.9645212852611458,0.7511566307896265
3678,0.6064684,0.6143515,0.5740055,0.8141616,0.7068327234869513,0.7337139857744643,0.7094510040424032,0.8076319440504582,0.8761566629932613,0.8485150539954605,0.9056619174506505,0.7260638910174979
3679,0.32349354,0.30923262,0.31952316,0.19264548,0.23919826913071268,0.2459375805055018,0.2380198657746929,0.1979820460844487,0.20075806209476105,0.2199668724014759,0.05660373271536327,0.2553955540809092
3680,0.2770173,0.29203677,0.30026335,0.1789825,0.24720878057176893,0.25097854188925606,0.22864758349828912,0.2196290976383133,0.1859576035299697,0.20026002458503572,0.0844385548773853,0.238656320836956
3681,0.26119795,0.2573201,0.28212193,0.17052676,0.21592710380658345,0.298007050432629,0.2276338583141572,0.1971768565378021,0.1622558709607076,0.1961638524025956,0.05529699914229289,0.22844222981290963
3682,0.2805447,0.28459948,0.30113888,0.21415766,0.2428580495354235,0.27528937679417187,0.255286214295836,0.2234326920842049,0.2529512836749864,0.26899838195672426,0.16370676457807068,0.27191022783738933
3683,0.3551776,0.32775462,0.33146003,0.34640005,0.3620232773185456,0.3569415517441435,0.3865224572047341,0.37594029747371793,0.32340636009686147,0.30466029889030544,0.28381023418425666,0.3357081938377259
3684,0.34656554,0.34467673,0.34003377,0.26773253,0.3068530134994417,0.3013058587389971,0.3119633479233249,0.27993394783283765,0.25837317813076655,0.2726519911844862,0.1998066189592264,0.2997084893447589
3685,0.32508603,0.31592298,0.3242739,0.2277708,0.28166418954938754,0.36631957936452775,0.29655827245985017,0.2734446907437945,0.27743256556077006,0.28078133210139977,0.30565157898011297,0.3030537575109391
3686,0.27655163,0.27178282,0.29876652,0.17019725,0.1986036711985301,0.24376388650956282,0.22194125743673845,0.1681494242858949,0.204472364387823,0.2336104058594973,0.07081730369077513,0.24338860557322217
3687,0.29362217,0.2928658,0.30385,0.20240402,0.2567662229242905,0.35676224625787967,0.2810223084966726,0.22969087219930984,0.2401544752477665,0.2575327802755219,0.1415673783207752,0.2730759450865242
3688,0.30281296,0.2987056,0.30718502,0.22015128,0.25168648249723213,0.26275571058048747,0.2801127266928856,0.24020491453112508,0.26365887277794875,0.26828687969983056,0.1686500201079145,0.2841489947728089
3689,0.30986765,0.319213,0.3265976,0.23622163,0.27800554041680126,0.26242136987901443,0.2620637148660764,0.2389808819626918,0.21933839381789322,0.2412468520773113,0.17008310093859028,0.2712541624679553
3690,0.31403238,0.3132462,0.3221367,0.28204575,0.30657186906099615,0.3278613479168474,0.2844672474357551,0.3034896741443126,0.28701116690335493,0.30520300380499765,0.32151707737158686,0.3097194126074933
3691,0.25910157,0.24503711,0.27349696,0.12815408,0.1803831148869531,0.21986484902556142,0.20028360314070565,0.14481858304357162,0.1838711486018581,0.19119424743778374,0.09521636984608564,0.2184340779697474
3692,0.33251485,0.3347035,0.33542448,0.2831382,0.30455475144608457,0.3572536701703882,0.28762966263218015,0.2731405481520498,0.21228479278514412,0.23926053457435464,0.29306996020526943,0.28204313974537587
3693,0.40109992,0.4494607,0.39047533,0.46706995,0.5708234854627106,0.5939126868621459,0.49391610966654015,0.5731011714857999,0.5546700042699164,0.46305981406420244,0.794207911090126,0.4851720913513666
3694,0.23826635,0.2265455,0.26569775,0.14977793,0.1870812243268263,0.23960527692052472,0.20941703121347763,0.15416411606724756,0.17684567165429094,0.20945222515496592,0.06257659612222688,0.2184712944938744
3695,0.30826312,0.30360705,0.30744988,0.2139477,0.25146304596416524,0.303750728389124,0.2833238401939881,0.2347988309727124,0.2155468726420126,0.25828401040595755,0.13547270199118144,0.27109984155249905
3696,0.28772098,0.29441786,0.30741557,0.21249664,0.2529236074447517,0.26646793773876765,0.2429476654300132,0.21495269588043614,0.22674155216653807,0.24086716760913437,0.18176252628569153,0.26162524926245295
3697,0.3252689,0.30062097,0.3091355,0.19549412,0.24360346743138597,0.32277749846888437,0.27255056462282223,0.21485808897830844,0.25610068194798846,0.2609362421600172,0.07778416021906458,0.27740883358539
3698,0.32234454,0.2993856,0.31793848,0.23667678,0.24263239138508563,0.28702728195252625,0.2860162059609684,0.23253039317272678,0.28508362799541365,0.2917435499400781,0.19323443633952725,0.29440680046932716
3699,0.3453452,0.37314668,0.3442167,0.27327317,0.3706702430230574,0.33161627165499163,0.37784560105413983,0.3421345109472953,0.3055077601678592,0.28396100195977364,0.23094655092924016,0.3314427523351352
3700,0.3844118,0.33001962,0.3504495,0.2713567,0.2861573201740543,0.3428316060200204,0.3130720783478407,0.25962593448488375,0.25514116946916887,0.27534293387547776,0.14436573961677718,0.31042443149449467
3701,0.56350243,0.5903131,0.562262,0.84680974,0.733830523683209,0.7368968097017008,0.7070544363343518,0.8371871782397289,0.8430639059496305,0.8498354528394095,0.8879884808398584,0.7132898825698978
3702,0.54583585,0.5742552,0.5583301,0.8118952,0.6408928556995293,0.6566032665322762,0.6328827071895949,0.7223637032882508,0.8098361905414047,0.8123887964784584,0.6053793114047611,0.6749262636481109
3703,0.3509419,0.3587957,0.3368171,0.27723616,0.26566312936369496,0.27893766747977977,0.29275750842502246,0.24657257767117793,0.242159933111708,0.2570369947779306,0.2709146299753745,0.2947565728352182
3704,0.33154544,0.31040213,0.33174303,0.25263357,0.27592735514944144,0.27358187066989603,0.30137894336480653,0.26075108047294754,0.28725534909148925,0.29590846009583144,0.2257444105979849,0.3038286226733625
3705,0.3178636,0.30224478,0.31072825,0.22297728,0.2566082530035301,0.3418402959424327,0.2783021947119863,0.2418317231524037,0.2647946897243295,0.27430517144824207,0.2893424509925744,0.29124531805287407
3706,0.30016413,0.3058398,0.32794535,0.21501777,0.23325100901992463,0.2622317684708702,0.2555767534751069,0.22090730736015166,0.24625696785055493,0.24919892800338564,0.06521907299358928,0.274592091702187
3707,0.27894652,0.27558336,0.29178452,0.17998162,0.2201238954875667,0.231378341659423,0.25609847650707074,0.19621298017806144,0.21248761166107166,0.22749952442770063,0.1680138464798931,0.24822475515457915
3708,0.35981312,0.3382678,0.35360005,0.37228063,0.3306094782284261,0.34100692505701186,0.3607441502783783,0.3610449458380605,0.345389068271316,0.34562619085702967,0.4253477483036813,0.350231154709589
3709,0.272869,0.2880252,0.30048656,0.1842282,0.22291946410668242,0.2738872638658196,0.23201096500704246,0.17781029630404843,0.18931914100491093,0.22852351835840296,0.06988015785712545,0.24469917412144646
3710,0.30878818,0.32403964,0.33819038,0.25960296,0.2924132219700286,0.3306716009475713,0.32306112398461856,0.2824353887383713,0.2668092133385941,0.3015192833091905,0.175693802434959,0.3039340910192199
3711,0.6371149,0.6455238,0.595731,0.8495687,0.7537001610523408,0.699212298274534,0.7325330410087797,0.8505248747099639,0.8703717124332769,0.8516822613507633,0.9668837811203612,0.7392846417065015
3712,0.258076,0.25204343,0.2715053,0.11476666,0.16482674217020082,0.21047957693154945,0.16797024771996313,0.11105533033724964,0.12792937952153713,0.14300384617135903,0.02528906465921409,0.19092990080841904
3713,0.35926968,0.37144002,0.36419183,0.3512486,0.4128613042262385,0.36919118686736774,0.44914313472056183,0.47395473065156446,0.3140047496778584,0.32959066538807014,0.3021089404636915,0.359915999369561
3714,0.27558166,0.2702226,0.30122435,0.174677,0.2363678598961067,0.22628866265781172,0.24916075008611022,0.20110435668706814,0.2314843468647835,0.24630936544482016,0.08678880729087772,0.2539918817222657
3715,0.5573407,0.56592995,0.5442349,0.7617573,0.6401770313715974,0.6223587919284121,0.6169486903418675,0.7183952790083018,0.713914764753088,0.6025631273687673,0.8229932141040086,0.6146332762405773
3716,0.40648237,0.45150286,0.38819128,0.4744432,0.5781659431431496,0.5986705521164465,0.5044212219187836,0.5848865004577156,0.6198670384961146,0.5117186779495453,0.8424693653886184,0.509699728668017
3717,0.3746574,0.3900076,0.3654994,0.3710524,0.3993041571571391,0.3954836270346135,0.37150464590809906,0.37495897406482337,0.29670562862891436,0.2709574037200017,0.5394001383698759,0.3400931596272409
3718,0.27360964,0.26882482,0.2929632,0.16583982,0.23241098196284438,0.23970467722836575,0.2519891238175062,0.2026681908319372,0.22832441731525882,0.24616287154830055,0.13289297163010313,0.2541134616922299
3719,0.3738734,0.40264264,0.3704516,0.39260918,0.5419444918116756,0.5377482221052943,0.4758423525960812,0.5245574203971867,0.32590181376172594,0.3449096386187859,0.4031284036078017,0.39394878155657487
3720,0.2712223,0.26199785,0.27847534,0.1420258,0.1918027088297256,0.2729650933263011,0.22609385579978697,0.15921887518057715,0.19363073730286473,0.2189746667916464,0.11537251818350165,0.2361243266774602
3721,0.5744535,0.58260185,0.5478837,0.8218056,0.7578183213400822,0.7113110127715367,0.7240911137756717,0.844923174695839,0.8608358728440605,0.8756973297065892,0.9845874474857306,0.721382295486134
3722,0.34191987,0.3321436,0.3386501,0.27274436,0.2884095703871961,0.34756417154009556,0.30746787592870567,0.2617139042109835,0.2765356361683368,0.2786218625888963,0.3463892791396955,0.3060556273126787
3723,0.30037457,0.30692905,0.31588283,0.23430467,0.2549029694059156,0.3105856821569738,0.2705392566175317,0.2178303723121509,0.24281394373056314,0.2671003101434163,0.1961477451994651,0.27994238693889156
3724,0.24797621,0.25819683,0.28107893,0.1707793,0.19456549153836603,0.18960200726754275,0.2030988218611396,0.1558399187482459,0.19319804746574526,0.21749958845749268,0.16300573401334975,0.2268241105714924
3725,0.31388953,0.3009945,0.31488857,0.20354693,0.24336850801550095,0.2889408283759537,0.27801888400523056,0.2313207258741655,0.24585684901662566,0.2695283580530063,0.12142571638840431,0.27952088434001154
3726,0.3020288,0.28588876,0.3029996,0.19765556,0.22963815254524028,0.2870071265584805,0.26597197422829955,0.20880316836323326,0.23201775109164863,0.26879047468683426,0.10110318709645383,0.2711705646439275
3727,0.41176257,0.45360288,0.40291053,0.4662285,0.541928492166702,0.5404394229128494,0.4462955190209746,0.5169731258297178,0.49041930047316,0.4058104345871173,0.7308845388642183,0.4504740120248651
3728,0.33621526,0.33295867,0.33655226,0.27818143,0.25840737031636546,0.292117916775866,0.3056239315023921,0.25008195530268906,0.28527047426837976,0.3152270300020729,0.12242207507404927,0.3098554467791149
3729,0.31683898,0.29938412,0.31690782,0.20770192,0.26345630794778363,0.28067226096153397,0.2819641496740922,0.2274873235486326,0.24996372191438448,0.26635191700621713,0.12648369959820158,0.2837835160941482
3730,0.3115853,0.31258684,0.32457083,0.22908774,0.2694653864913382,0.24924356587496424,0.2910473598969234,0.24921787321962002,0.30683148744285293,0.30148352990149946,0.17938556677692308,0.3019625216182644
3731,0.3010026,0.29850072,0.3142845,0.1882189,0.2207904031279849,0.23469905559408405,0.24688064431453421,0.19974739417540377,0.19648204907432953,0.22194478717031077,0.08088150168821569,0.24942556635722934
3732,0.23483291,0.24292442,0.2670166,0.11651151,0.1767919787675014,0.1728621993068519,0.17661142953639958,0.1357260161655846,0.1431831395740839,0.15729734637119344,0.06883143947926926,0.19141664459898422
3733,0.28540006,0.27547884,0.3097363,0.24979094,0.29653488021858765,0.35947006454612807,0.27858016372394945,0.25329542874303007,0.22795437138799862,0.26245075517192823,0.22392573004264058,0.27723581126030583
3734,0.2606969,0.27593267,0.29176915,0.17364766,0.20328875828388746,0.20780508805168996,0.21438866177824903,0.17907704104621464,0.16293793405763135,0.2021397699841987,0.05979988250220399,0.22485955640993066
3735,0.58596975,0.57681024,0.55857503,0.7893365,0.6718789910793536,0.6742178623239001,0.6593705437277749,0.7512582697313357,0.8525890830385798,0.8291823948345488,0.8873729227543603,0.6980612254399698
3736,0.29545373,0.30017275,0.3145575,0.21856126,0.29676744907903213,0.29276013929336586,0.26764918384635034,0.2413749179147983,0.21743015019390083,0.2390306447278887,0.30282823753426,0.2661939067787038
3737,0.31272987,0.30383942,0.31416768,0.20293602,0.25970283443152925,0.24606556590341136,0.2893334348357923,0.25517323891464655,0.24002544929117203,0.2764896796903684,0.10905904867215632,0.27840012484757126
3738,0.33598772,0.337789,0.33773798,0.31669232,0.3726559224107258,0.29411577754713164,0.3616706040615198,0.31954045325765695,0.2752041695676444,0.3107701366008751,0.4773009620904317,0.3216906995878653
3739,0.58251643,0.6037445,0.5526558,0.7596783,0.7153852533316425,0.684060713316873,0.6805840664741891,0.7870378971018624,0.7317344433085216,0.6544599166901731,0.9022317015220841,0.6478396501244909
3740,0.33268866,0.30163532,0.3103869,0.22738692,0.20134399388360005,0.26288505617139407,0.26799183189783815,0.18199892992001437,0.2928901307456588,0.2887213343527951,0.16355470857629917,0.2907350620817418
3741,0.24371338,0.24710247,0.2707965,0.1557895,0.21096608831955638,0.22561003672913982,0.21799208482904348,0.16833410663714038,0.18235146272491698,0.20368923541760697,0.09505616216434189,0.2207235804172288
3742,0.38154098,0.3892669,0.3651461,0.34673983,0.41918031675861683,0.4437269531850938,0.37966191524119763,0.4137783020185995,0.30587035044670474,0.3189860082665774,0.47256754557090863,0.35948360647577904
3743,0.25568798,0.2679848,0.28551996,0.18488784,0.20988168708203703,0.3721426677222087,0.22928006457427963,0.1757211729438636,0.16102294818757185,0.1917216834576203,0.023046920158370576,0.2299749153193093
3744,0.3570219,0.3445141,0.33996162,0.28954133,0.3808386987217943,0.35950603554612226,0.363573338532362,0.35617351031635824,0.3265834750298649,0.34050791087067633,0.4844351759989263,0.34347705032299586
3745,0.2817183,0.29451668,0.3009813,0.1826591,0.23327254368415878,0.2419148390562634,0.24268317853426927,0.19478049513034884,0.21727710748034265,0.2337171232539434,0.11847954626172555,0.25163289838825
3746,0.31675977,0.3112753,0.32448286,0.26510674,0.24523457794296216,0.2692685421879931,0.2654692503199553,0.23800856900615724,0.24880313562636852,0.2555985475752657,0.18046562090827517,0.27858833933981486
3747,0.54770786,0.5903824,0.55848944,0.7996944,0.6659249420062657,0.6970016813447228,0.6312639088675928,0.7564955309657521,0.8105915200625624,0.8237159637773077,0.728552324687395,0.6818778523294098
3748,0.30019137,0.29008228,0.29625493,0.20716481,0.2745414018280484,0.35851249506828203,0.23355904334190028,0.23131174195321247,0.21554988844773462,0.21805689329764305,0.23712442292539,0.2599535097088318
3749,0.28648934,0.29415515,0.30425337,0.20236787,0.2617491269513943,0.2532942177241978,0.27080041392269166,0.2331495272043765,0.2075734048566081,0.23272542032873877,0.22823361103075754,0.2568629076966534
3750,0.3051246,0.30329433,0.3239991,0.25879902,0.26924832688006217,0.27290906866349596,0.28961034428862775,0.26480766098758257,0.27804717579236626,0.2957032558934867,0.1926841251853295,0.2944026805966035
3751,0.31616932,0.3187081,0.31378636,0.23044848,0.24658242420330279,0.3112652993097037,0.2728251389630175,0.21912660650963148,0.2613062212875084,0.2742262220073055,0.06997007919729228,0.28851462635557973
3752,0.3273781,0.32537144,0.32416484,0.2705536,0.2782080494174596,0.3495011268822411,0.2899899484001808,0.2662647975009572,0.2619695040806293,0.25223076001265404,0.1751734443351614,0.2897130629216508
3753,0.63649607,0.63577384,0.6022344,0.8902811,0.763927194176824,0.766235967945632,0.7452909275631148,0.864140333024143,0.9069627240209315,0.9042317860977054,0.9930950757686986,0.7621160864140993
3754,0.21795964,0.22767253,0.2529419,0.10589806,0.15932296538449728,0.14170759279663744,0.1511874035826995,0.10753021854389781,0.14408812064023743,0.16139538842855042,0.03254771587053894,0.18243212273110693
3755,0.28289357,0.28101304,0.29833013,0.2235235,0.2791411183189911,0.24917608701548238,0.31527409233436765,0.288510301512686,0.22615262096626906,0.24852278475442846,0.18470122815654363,0.2717870510436302
3756,0.29909393,0.30029708,0.3297305,0.23700655,0.24976615134891622,0.2954096566007653,0.26104817366341815,0.2105987638605619,0.22630390180859478,0.22222103913306768,0.1388843305201461,0.2670277796546915
3757,0.22063479,0.22879787,0.25410384,0.09787403,0.147406151659777,0.15127250127447156,0.15268348729850026,0.10176774659844505,0.14233445656123378,0.1539809824273472,0.022235313932645363,0.1809477136811795
3758,0.33266726,0.31350523,0.34064955,0.28564784,0.2489575198536973,0.3214234466899241,0.3060602868018798,0.23865353519248972,0.3043690929759173,0.30296854116839306,0.06424631270796452,0.31145772488016943
3759,0.5906347,0.5984255,0.573439,0.8272125,0.7229362253857857,0.7307187266323912,0.7106840030400348,0.8218267693508725,0.8689116691955967,0.8607886899581928,0.8343904474736631,0.7246599719521484
3760,0.31410044,0.31399006,0.310779,0.1958771,0.2641880720192076,0.26768231296226136,0.2654806097197626,0.23542403894035607,0.21609523144735104,0.22633954792940117,0.2045200774036037,0.2644026100808422
3761,0.28097212,0.2706712,0.28849062,0.18062164,0.215552971118174,0.232271710684916,0.22710923153778406,0.18975945483323037,0.19002208735276274,0.2131049136352834,0.10289934562574485,0.23641128622049204
3762,0.623516,0.62853765,0.59273547,0.8729191,0.7509000828047576,0.7449044821690052,0.7273368192978824,0.8554891814976051,0.8981578773240972,0.9050091716262765,0.9758604092398713,0.7518429287958275
3763,0.3046948,0.30097327,0.32893255,0.20259817,0.25224919074596647,0.29927435427547583,0.26448061652815547,0.20017991775210117,0.21457908403614026,0.23713975822713765,0.15114630994640904,0.26578661478097515
3764,0.56237304,0.5853955,0.56154346,0.82442695,0.711554119741002,0.7199368585362682,0.6863723786571417,0.80754348156908,0.8410431390059754,0.8441834719161848,0.8953135050795902,0.7049902595680836
3765,0.3159268,0.3012702,0.32136506,0.24753137,0.3193368963666411,0.34835454883855244,0.29065467772559306,0.28486950111347953,0.25377197582959365,0.28321557868237834,0.2543317720232128,0.3012117726567108
3766,0.28020737,0.2789606,0.30996597,0.25991946,0.2204433707961077,0.2806688044986877,0.23232188600604026,0.1714149644828363,0.20982374378228216,0.20960164388466632,0.0162892282142712,0.24998822419518624
3767,0.33093554,0.3076064,0.31036296,0.21104117,0.24726918417904428,0.2887265721178789,0.2944082200093308,0.23760353276812637,0.26007536707119633,0.27636535609101076,0.12362632067810123,0.2889869576938363
3768,0.5621499,0.5913857,0.5690609,0.8585788,0.7514662429359301,0.73946601492292,0.702755220232729,0.8391593840676524,0.843557685997099,0.8423323853892141,0.9716194946851322,0.7138305763899441
3769,0.31760377,0.30137175,0.32078186,0.2328242,0.27441880886953196,0.311057334987963,0.2893474930328639,0.2594318193752337,0.28974215340031584,0.28975401159855535,0.22990389492830351,0.30194847304772743
3770,0.27780485,0.30124635,0.29020897,0.22268716,0.2946113466633166,0.3763101038553186,0.2445412377575095,0.23739119033447462,0.21079254644114007,0.21909797502004266,0.01594202163698556,0.2580984659086026
3771,0.21382232,0.210761,0.24816915,0.10775031,0.16649113926183406,0.1847722933088428,0.20101491850031553,0.12660422818883624,0.14609747864779363,0.1819496854853265,0.029298253776391836,0.19258295644736173
3772,0.3445232,0.32231337,0.3197228,0.2809152,0.29649520130405643,0.3607446693790535,0.3048781568984853,0.2616006168243833,0.2922374180513205,0.3048413326247404,0.2587135081368593,0.3170371984208873
3773,0.31413156,0.3045476,0.33307543,0.2949578,0.2936090042866059,0.3019563127826367,0.32390039910988416,0.3055717049004503,0.33713533301204685,0.3324010888769392,0.2272087714781704,0.32700435917801596
3774,0.52883947,0.55174196,0.521799,0.7118624,0.6387199169567257,0.6808968675970645,0.6129002313276123,0.6996911387090874,0.6643785393088122,0.5847457954710241,0.8196694544872619,0.5951095660696043
3775,0.34407347,0.29851574,0.3437354,0.26350766,0.25426862364324043,0.3040072285641867,0.2985214979905351,0.2485336236691464,0.2740918023350597,0.3106814445068272,0.1072236548664441,0.3089350579620496
3776,0.34565789,0.31775212,0.35967118,0.30823496,0.2622830673126126,0.2793161225336397,0.28109082081618186,0.24480814875526913,0.29907601815579393,0.3087855152775373,0.07279174580073436,0.31157769084469555
3777,0.3043809,0.28819302,0.3051981,0.21888876,0.2563256331565059,0.2627717450123364,0.2724344614394275,0.212324034916622,0.2359470975365729,0.23306001034520069,0.21937359660509098,0.2715038655276868
3778,0.37165493,0.37900224,0.36363176,0.3237732,0.3466190268297786,0.34100842546066834,0.3598732756425177,0.327889767680766,0.30470838410349294,0.3299671492914514,0.3509951679089037,0.34511248630786395
3779,0.63920474,0.64966905,0.5970908,0.8715493,0.747746234504951,0.7690762064662955,0.7283798243898031,0.8434366634914883,0.9267580546111354,0.898783174947701,0.9877944386223552,0.763766300538183
3780,0.31540853,0.31680638,0.31802216,0.24927227,0.2521716994886149,0.3244988296469705,0.27610270530925923,0.23612711893036753,0.23049539490372614,0.23823570632197127,0.26609354741574837,0.27625496004838046
3781,0.302953,0.28390193,0.29325345,0.16183457,0.20657133948388892,0.254107154780377,0.2507883951605244,0.1845047430839808,0.23031154725458683,0.23391445381849554,0.129916579448981,0.2572413834567707
3782,0.37181118,0.35455242,0.347171,0.33572417,0.33922289821612156,0.4207808559014318,0.3627870420978449,0.3320699967249267,0.3569891849242934,0.3581226041444264,0.2900903262121902,0.360542723967378
3783,0.38528335,0.34564447,0.3797566,0.33311763,0.32401798890817624,0.3191678164544216,0.3358478500265008,0.2916930323684398,0.2952611896202332,0.30300654860258797,0.21590575936180184,0.3337291359356394
3784,0.33133543,0.34201676,0.345757,0.29262823,0.28600826918368905,0.26208911606716156,0.2995017355590076,0.2909956526363967,0.2586113829431434,0.26553399901886265,0.12708732774934628,0.2970084544895204
3785,0.26068273,0.24362211,0.27806598,0.16692504,0.2019203846019404,0.2253817182728776,0.22086096458576315,0.16727951501534188,0.1773681097575382,0.1994754858385944,0.0466860827945982,0.22205624323540332
3786,0.31575578,0.31038693,0.33150598,0.26092583,0.2718426655953924,0.28142885092112413,0.30113505437133564,0.2744793625026115,0.29531692762580597,0.3087734342468617,0.23105689280684233,0.3077117083153801
3787,0.40904784,0.4128189,0.3918899,0.40721193,0.48535682699323524,0.4605541789043134,0.423939243975206,0.45476306202319144,0.31122213673316146,0.32929660024571633,0.3925723710412613,0.38168333993499515
3788,0.33358735,0.33333263,0.33450466,0.2921125,0.281332147466103,0.33099222191262906,0.27901666008039705,0.25851043073166313,0.29382384617095314,0.3008158414318431,0.15860907430050647,0.307014327093121
3789,0.5951242,0.59913445,0.55952513,0.772072,0.7161031730961389,0.695859839828533,0.6814716060059485,0.774548616427469,0.7790362196554825,0.6868527216714492,0.9428691270292353,0.668359503180953
3790,0.5511273,0.5447708,0.5301523,0.75004613,0.5840972599424947,0.6518341670976563,0.6092254908484829,0.6750034044683205,0.8044702512191282,0.7885853155544517,0.6668899002372645,0.6563470144538257
3791,0.6054153,0.61603165,0.5828797,0.8745526,0.7556560754069535,0.7468240076370225,0.7254771809442594,0.8536101656411734,0.8727481698935288,0.8601442780182579,0.9654917934132985,0.7351527839739339
3792,0.5968794,0.58533037,0.547254,0.78810585,0.6177756203489272,0.6636175576912429,0.6568774973550475,0.690291924140035,0.8180133652655315,0.8226682187426949,0.8921388361424338,0.686593590772585
3793,0.30299887,0.29086775,0.3046574,0.21670623,0.2592474937015041,0.23496603823590875,0.25037440516532006,0.21588178810503683,0.2389103749463329,0.2637535979298814,0.2817278191287249,0.2689744392231169
3794,0.30329716,0.30418828,0.3253204,0.26854855,0.30691846039100057,0.32564116861198483,0.280835855263939,0.2782259089491483,0.26348210657674526,0.2703579586135583,0.2788110305502848,0.29739915054700894
3795,0.3272938,0.3116849,0.31274176,0.21167004,0.2575879594182845,0.3116936928797921,0.28881367365708144,0.22676777135468118,0.2604337438556805,0.28287405511488706,0.1485588632558396,0.29092878828863755
3796,0.5270102,0.535396,0.5288734,0.74130917,0.5472061690105554,0.6282796918860529,0.5407670866235909,0.6473786879209685,0.7897907781194499,0.7663094476647859,0.5286077982448465,0.6337097368586405
3797,0.32454157,0.30881852,0.3215843,0.24162905,0.2629587409490077,0.28838120413550883,0.2868175634155774,0.24236996942793443,0.26126451317632354,0.2696962006951444,0.20579085186836502,0.2898768996225621
3798,0.3248282,0.31815156,0.3199734,0.23179868,0.2769576245726403,0.3456926600470036,0.29668928749513673,0.2487428441842659,0.25176217698974385,0.28482453338810493,0.19729251876968784,0.2946935928462599
3799,0.3537637,0.33270273,0.3311922,0.27678314,0.2843100485586341,0.3420936253352918,0.3073155462602039,0.27554120199853854,0.2546849327147092,0.2671322401755902,0.28204267246035947,0.30185769275019947
3800,0.3326015,0.31132832,0.3192431,0.27556196,0.28190057818963093,0.30541238890929984,0.3115397986406736,0.29005071899189533,0.28105506547025716,0.2921082137290169,0.19973298304537235,0.30255429540179846
3801,0.41072202,0.35907692,0.394107,0.3595573,0.3289931699057811,0.34338655749882363,0.37045345260644613,0.33849290083896977,0.3467660807424134,0.3548416559451164,0.14178058714192,0.3645585833863786
3802,0.2984416,0.2924073,0.30293798,0.20541282,0.23499297458210117,0.31091901307775693,0.2675297299951606,0.19480065431888977,0.21188923912813284,0.2457918017470734,0.0502601820198176,0.26414246609987513
3803,0.18552789,0.19394822,0.23816219,0.08176992,0.1461438656505824,0.12728011788772092,0.14188711173164129,0.0868096886519594,0.09728269218552917,0.12618886775110563,0.001620027479653774,0.15474380333603352
3804,0.25051388,0.24884753,0.27092847,0.11558251,0.1668696053979867,0.2009807134748119,0.17101128134340343,0.10965991524353025,0.13215289297003777,0.12371901751844665,0.019629829920202367,0.18840943517433234
3805,0.32181117,0.32359284,0.3284306,0.2471281,0.27079310320962524,0.2550161162935197,0.2776951365708385,0.24853910107536542,0.26272511245827523,0.27786326368168107,0.17759051398185383,0.28960590741426295
3806,0.27123097,0.26256245,0.28890175,0.16465399,0.218532615034932,0.22144887354232168,0.2297146568610559,0.17954224598390095,0.21488599081816936,0.22544385190486974,0.16108946066963573,0.24150976271191227
3807,0.34796077,0.3443634,0.34013754,0.26681536,0.29705218351732543,0.40220173003282644,0.29915829164453767,0.299653565744023,0.2802250904278635,0.288575457777344,0.2035660132890739,0.31444022121953186
3808,0.35472384,0.33894858,0.3377244,0.26610577,0.30159223068031826,0.35997531543660233,0.30958798117430847,0.2970554823189414,0.2655956366233754,0.2802496924170813,0.3299495154730061,0.3100437590610903
3809,0.61035615,0.61864394,0.586794,0.85285074,0.7522370363620887,0.7684461394319844,0.7324669163578009,0.85390194290867,0.8921321135931427,0.8903505634658233,0.9769336776572869,0.7466056372188309
3810,0.28690386,0.29322326,0.2940119,0.1865292,0.22370783085756685,0.22831464360933915,0.24691531309952258,0.19089282437935454,0.22859575512823413,0.2547375316790398,0.09151905141136818,0.2594480330600087
3811,0.3004757,0.28943962,0.31250787,0.22201534,0.27144384399769556,0.27634713469642463,0.26266298710956876,0.2321894417628449,0.2265641827233175,0.2385967140885235,0.24178612968645946,0.26252890979690735
3812,0.24806349,0.236323,0.26929703,0.12346528,0.16290437864843094,0.2011114763602658,0.17615372331999715,0.11008680715028438,0.17461418316787086,0.1804264226130609,0.049124036308261544,0.20668694351013
3813,0.2745185,0.2726469,0.29666972,0.21037364,0.2186702992294145,0.28403929490077745,0.224631320738028,0.18145571569892133,0.20013013225780715,0.22311198283976527,0.037697204276624485,0.2432042144710866
3814,0.35385627,0.338252,0.3386267,0.2948682,0.3156478415427631,0.32421083177584925,0.3200687655659566,0.30803252404661036,0.2673032008606392,0.27637973897016255,0.2760632170156242,0.31070268275383917
3815,0.26834148,0.2747261,0.29314643,0.17702112,0.23393474034103162,0.23020864711895186,0.23261156421808887,0.19411069282138488,0.2027769946488136,0.23447571309254744,0.16351623475115656,0.24314361780248106
3816,0.32469347,0.3299474,0.3408928,0.26250666,0.3500755715669298,0.42177134667511984,0.3033183195339386,0.3021191988575033,0.25298003368214717,0.28768899399125286,0.3629824855521722,0.30859219405945887
3817,0.5677706,0.5685208,0.54709315,0.75075865,0.6611732730280033,0.6694912972590211,0.6608906531766569,0.7318891077829921,0.7548479324806224,0.636507866589851,0.8083487702143917,0.6400431041300811
3818,0.5623387,0.5841873,0.5436133,0.7072197,0.6808557653081315,0.6540622436252238,0.6341740147274628,0.7346658679728548,0.687919462854222,0.5963210110347106,0.8010259951505706,0.6163628496708039
3819,0.29591355,0.28441152,0.29745534,0.1637073,0.2074764877558267,0.25220043091800143,0.2366131361490654,0.18542235529016887,0.19133891397577135,0.22179385133053958,0.06217302646430602,0.24184941753167938
3820,0.6008098,0.5997079,0.580876,0.8307166,0.6982289838840923,0.7260804109001169,0.6632374296595729,0.7936598459911309,0.8955896104251797,0.8578704322462556,0.9341380064682581,0.7233141273593446
3821,0.5591189,0.5491328,0.53313255,0.7273405,0.5268934973221608,0.6214153694030051,0.521899955325917,0.5852033025678092,0.7907915482187179,0.7723848737736698,0.7083742182382557,0.6299799155404276
3822,0.317676,0.30428872,0.31885725,0.22165117,0.24881029675469635,0.2798768232285985,0.2700683151381519,0.2157254605906458,0.2230027175875283,0.22986961975667247,0.12775770428786118,0.2669654741739732
3823,0.28019756,0.29471353,0.31136912,0.20404479,0.2530448735117776,0.25700034486246653,0.2622457956281645,0.22435126725114657,0.22126153931540254,0.2303097163464182,0.12406421720376297,0.25931293538149414
3824,0.2774527,0.2712829,0.29377493,0.18387555,0.23547640325208857,0.21556159151756193,0.2522894873057925,0.20071818118453894,0.22077119093280045,0.23767079023476514,0.17898979149960628,0.24850067068520762
3825,0.59945077,0.58173835,0.56710184,0.7569834,0.5876030387391353,0.6722010071900396,0.6357117052694796,0.6512796004413676,0.802830380101035,0.7960057243554793,0.5945158158848728,0.6710699935110963
3826,0.6150243,0.632256,0.5946334,0.8699058,0.7564625937623713,0.7194439456337424,0.7334206565278476,0.8412125754594294,0.8851076221800687,0.8840292817839874,0.9797321020383272,0.7462856058502424
3827,0.30883068,0.31800628,0.3230602,0.2650268,0.3016475003279682,0.27916249712656416,0.27323584794920214,0.2574844634063004,0.23137303263499093,0.25375308683861014,0.2720099584373796,0.2826236112559253
3828,0.2885281,0.29659888,0.3061498,0.18219039,0.21372756224126616,0.2873845883512848,0.22976006913820726,0.18673757735874155,0.21263001008200808,0.23742139898725395,0.1610324486332116,0.25336501220870195
3829,0.29441506,0.31887478,0.3257401,0.24302037,0.29349429713159897,0.3099621771905852,0.297200715699906,0.26841308335023994,0.3286596291298688,0.3412964560028343,0.31169240428070033,0.31739093772418403
3830,0.5911151,0.5916035,0.543592,0.73202485,0.6125048323699404,0.6165964086951712,0.600723322553079,0.6679759619428413,0.6936229577425622,0.5841745331587677,0.8492795791007867,0.6043836572783349
3831,0.34960863,0.33032125,0.33820248,0.27226982,0.27950502164926194,0.2895562734651222,0.33189630741519155,0.26687761518671366,0.2911208146881378,0.2733830149151893,0.2514107961493412,0.31059089792830746
3832,0.38913473,0.4120018,0.40039843,0.45357972,0.46237613971302566,0.48639694170348335,0.4147267999842791,0.4423910356079694,0.4093582393234925,0.46114317389581744,0.5791790790117928,0.4188373731265288
3833,0.3180599,0.3217097,0.32878718,0.2733717,0.29840274766910824,0.36277032502784945,0.2986554347963501,0.2849161034139217,0.25584779228417853,0.2712556228800548,0.2182347852200058,0.2943295082949372
3834,0.6278197,0.658734,0.59961206,0.86162263,0.7675799004497044,0.7348660785796862,0.7564913558196835,0.8679813859456091,0.8801927771088092,0.8480809808347212,0.9562151285161772,0.7475667922073405
3835,0.5952278,0.60378855,0.56688833,0.775891,0.6693504103824393,0.7233809855687456,0.6755693098410661,0.7548536269744385,0.7436564490081612,0.6674568885527558,0.8761118613959283,0.6577426222310334
3836,0.24443798,0.2532652,0.2772279,0.16660061,0.19921510923459224,0.19003094966777037,0.21377317045866828,0.16540731577885487,0.1923510466911577,0.192774972849993,0.11282129432118466,0.22273059138854667
3837,0.59129727,0.6062411,0.57525194,0.8479169,0.7352042566411788,0.7287992999579915,0.716134386568366,0.8309428453623685,0.8892515148915274,0.875459393704077,0.9495228006908499,0.735311155177972
3838,0.2986939,0.29328042,0.30995792,0.21563545,0.2564557666455732,0.2885848689794697,0.2697061674871851,0.23446920468412014,0.26061245318151777,0.3042547095975987,0.08026821926491472,0.286780317750959
3839,0.632071,0.6464256,0.5953441,0.87371665,0.7578567683608004,0.7514442529589602,0.7435779462870021,0.8537290390201872,0.8950999089372578,0.8804872666631521,0.9504792042953778,0.7536736097184024
3840,0.28985563,0.28115052,0.31382257,0.24687365,0.22578598825159046,0.266197529627493,0.2647965757056635,0.23024720760903622,0.2413497513268384,0.26756893759642913,0.13669114230859908,0.2720585979341029
3841,0.3147094,0.3241176,0.33888906,0.22948715,0.2747136061673322,0.33792124702775495,0.2579323696894483,0.2357636749446832,0.20608772590299335,0.2215021868601546,0.08680068471916888,0.26724117801202424
3842,0.3052512,0.29956287,0.3326319,0.29555959,0.2830392025622519,0.270658027305536,0.2940876187455921,0.26556865357892845,0.20578333671390317,0.22059900826707085,0.15478126763429118,0.2691066216925639
3843,0.2842645,0.27455312,0.3053752,0.21141751,0.18474550133133086,0.1836852134870795,0.20794209800088828,0.15091134342098167,0.20679015772703177,0.24059673502466522,0.03352130481734985,0.24009476293330162
3844,0.29001766,0.28148404,0.2904307,0.14768408,0.17597818611218963,0.2160280407169477,0.19526154233944798,0.13063891663137744,0.1666124778549966,0.191722344425212,0.06581351754337791,0.22246906738315947
3845,0.33814126,0.33195812,0.324053,0.25032088,0.28159511402730775,0.2741178838957892,0.29126400628886967,0.25720632174333014,0.3059606453717288,0.29021827406629286,0.24545004208129848,0.30723447047586183
3846,0.38207033,0.3820675,0.36270013,0.35903543,0.43291442741655783,0.4286007615737296,0.4035553233956647,0.4064481620797701,0.3138670001282005,0.30633435765162215,0.6680069161058269,0.35913982518656873
3847,0.2925954,0.292048,0.3055202,0.19514681,0.2592310402675959,0.30736488623370245,0.2736293195300562,0.22844743948907636,0.22671483047259997,0.2542221046141169,0.1998536330894304,0.2673539367342794
3848,0.3289458,0.30193096,0.31063828,0.20611179,0.2548558368867885,0.35341132021210875,0.2916097471903676,0.2412848437063385,0.26273682355349054,0.2969644317457953,0.1879771127659942,0.29305761091928606
3849,0.35945615,0.3471877,0.3461705,0.29468292,0.30452522626729106,0.31810808852633626,0.318961919598279,0.3027791807781547,0.27615772572157143,0.30196555176267803,0.22507106384679182,0.3199921114079859
3850,0.34255475,0.33903152,0.34086698,0.280217,0.304371405599371,0.3387395402811929,0.29882392693255055,0.28070390961118336,0.26392309565283667,0.276793180135701,0.22968433017782694,0.3117349525012708
3851,0.31514502,0.30509743,0.33620936,0.3041008,0.2955790847827979,0.3039745691520332,0.30081358668768443,0.2825571505281519,0.3018204196672183,0.30395982336005967,0.23492062152494383,0.3098134017372998
3852,0.34182155,0.32341692,0.34268007,0.31719694,0.29801411849604886,0.29714288631202324,0.3145311949555137,0.28829333744028274,0.27621739219902874,0.2811588024607604,0.21042193075664822,0.30711916497005964
3853,0.60039246,0.607231,0.55916995,0.7640263,0.6916677591085594,0.6740108970927767,0.652368070819119,0.752032723059927,0.7385052827077316,0.6443795259923709,0.9441026498843156,0.6465689071979959
3854,0.31412077,0.301499,0.31006038,0.22017336,0.24156655493779278,0.28548456433385005,0.27099254135099377,0.22756509761678734,0.24716993589775144,0.2653531466388737,0.08641943300843428,0.2793125529288898
3855,0.54584086,0.5729019,0.540809,0.75449324,0.6217633051887349,0.599165202149331,0.5563169269109522,0.6605312225662875,0.6888794371138514,0.6519562740261442,0.8408556540486612,0.6015529929069201
3856,0.38014176,0.34954888,0.383533,0.3641581,0.3220992074325042,0.39389962337835643,0.3581792735974916,0.31020809972161706,0.3137377799540614,0.31635006791893056,0.15392192775432562,0.3482609386999334
3857,0.25808555,0.26067963,0.2847113,0.16686828,0.2315225400913103,0.25758831751444344,0.23346092890156162,0.1803844373169298,0.20631754177465705,0.21049974152129908,0.14052726117650063,0.2423101184837953
3858,0.31110382,0.3044638,0.31210268,0.22873655,0.2602357248188554,0.2952667832575555,0.27649849318744824,0.23880772882710577,0.24545784532729212,0.26197483326488186,0.18059072601517964,0.2797891077057189
3859,0.31177157,0.30096856,0.3043839,0.20969506,0.24758463011754492,0.26272753144335026,0.26961914990190744,0.22170326977536786,0.248649050843691,0.2598753673746213,0.16921860415817408,0.2745346453856174
3860,0.4226899,0.3839088,0.40237513,0.40018973,0.4156917881415151,0.49092065056925643,0.42642160077808855,0.4481000681398896,0.4320804987596339,0.4212733520561124,0.5294856846692667,0.4200918582110876
3861,0.24860828,0.25367454,0.27468207,0.13740294,0.17779763030931897,0.24334321933125133,0.1757725447529638,0.11928588449245177,0.14390235024624248,0.18063995920434908,0.006892274760743366,0.2062279145433906
3862,0.32735044,0.32268444,0.3375415,0.27001542,0.31280293766251493,0.28360367873893455,0.32545763640608183,0.30100403872000203,0.26981765818525016,0.2773231710025351,0.33415885810857293,0.3033224444597059
3863,0.36966252,0.34347457,0.36634436,0.3684016,0.3221368509773867,0.3131153405017036,0.3421459182769892,0.3069743471007997,0.30916749156188383,0.3321008909529853,0.4102315789631354,0.3382916220531956
3864,0.31318325,0.3183748,0.32295746,0.28013724,0.2915406791083271,0.2820854149494262,0.2882064662088264,0.2525984932673869,0.24694768875561293,0.27856985670643447,0.17387641672759951,0.2896433429033091
3865,0.36377537,0.35345808,0.3426437,0.2817807,0.3405395528615757,0.3662799348397613,0.360598217867361,0.32963271824191176,0.3528187401048354,0.3561661224675132,0.22336667102001648,0.34942103232307
3866,0.32825974,0.30978402,0.31828895,0.22559571,0.27216677187993693,0.3047706035768961,0.3004651330822397,0.24959458915906585,0.26667722142876615,0.2849882632763694,0.16501138190011208,0.2923438685613051
3867,0.28025883,0.26838782,0.2902345,0.16542082,0.2196227392956703,0.32402295525645497,0.22680147110773236,0.1844267874191289,0.22347535563061807,0.23136856060621663,0.0976814853732333,0.251986960385801
3868,0.30713597,0.31099668,0.31208664,0.18428464,0.25577444444333847,0.25167723886814636,0.24143806314203684,0.2040215017106827,0.27148239769693144,0.2669056949130515,0.1377122876472488,0.27298116347485024
3869,0.32113257,0.31680605,0.3202545,0.25095683,0.2905370046941441,0.3034860132500551,0.3004669061151681,0.2595209233818049,0.2800512615687415,0.2705459986964237,0.18471925319131577,0.29785651810763897
3870,0.3642841,0.33770376,0.34425962,0.30052915,0.2941589881983517,0.3215158339300358,0.3377977760158665,0.3110974216401933,0.3533998907846216,0.3581090093514502,0.22193925414653254,0.3472736350896718
3871,0.29933625,0.27911457,0.29633468,0.19395018,0.24043214525584053,0.2243992728305603,0.2665000449637315,0.21759386659926783,0.26129822181636253,0.26635106662428876,0.15737963949055458,0.27470222970919844
